source,original_path,working_path,target_class,target_class_id,original_split,annotation_status,has_ground_truth,label_path
gpiosenka/car-parts-40-classes,car parts 50/train/BRAKE PAD/001.jpg,ia-service/datasets/annotation_batch/images/brake_pad/train__brake_pad__001.jpg,brake_pad,0,train,PENDING,false,
gpiosenka/car-parts-40-classes,car parts 50/train/BRAKE PAD/002.jpg,ia-service/datasets/annotation_batch/images/brake_pad/train__brake_pad__002.jpg,brake_pad,0,train,PENDING,false,
gpiosenka/car-parts-40-classes,car parts 50/train/BRAKE PAD/003.jpg,ia-service/datasets/annotation_batch/images/brake_pad/train__brake_pad__003.jpg,brake_pad,0,train,PENDING,false,
gpiosenka/car-parts-40-classes,car parts 50/train/BRAKE PAD/004.jpg,ia-service/datasets/annotation_batch/images/brake_pad/train__brake_pad__004.jpg,brake_pad,0,train,PENDING,false,
gpiosenka/car-parts-40-classes,car parts 50/train/BRAKE PAD/005.jpg,ia-service/datasets/annotation_batch/images/brake_pad/train__brake_pad__005.jpg,brake_pad,0,train,PENDING,false,
gpiosenka/car-parts-40-classes,car parts 50/train/BRAKE PAD/006.jpg,ia-service/datasets/annotation_batch/images/brake_pad/train__brake_pad__006.jpg,brake_pad,0,train,PENDING,false,
gpiosenka/car-parts-40-classes,car parts 50/train/BRAKE PAD/007.jpg,ia-service/datasets/annotation_batch/images/brake_pad/train__brake_pad__007.jpg,brake_pad,0,train,PENDING,false,
gpiosenka/car-parts-40-classes,car parts 50/train/BRAKE PAD/008.jpg,ia-service/datasets/annotation_batch/images/brake_pad/train__brake_pad__008.jpg,brake_pad,0,train,PENDING,false,
gpiosenka/car-parts-40-classes,car parts 50/train/BRAKE PAD/009.jpg,ia-service/datasets/annotation_batch/images/brake_pad/train__brake_pad__009.jpg,brake_pad,0,train,PENDING,false,
gpiosenka/car-parts-40-classes,car parts 50/train/BRAKE PAD/010.jpg,ia-service/datasets/annotation_batch/images/brake_pad/train__brake_pad__010.jpg,brake_pad,0,train,PENDING,false,
gpiosenka/car-parts-40-classes,car parts 50/train/BRAKE PAD/011.jpg,ia-service/datasets/annotation_batch/images/brake_pad/train__brake_pad__011.jpg,brake_pad,0,train,PENDING,false,
gpiosenka/car-parts-40-classes,car parts 50/train/BRAKE PAD/012.jpg,ia-service/datasets/annotation_batch/images/brake_pad/train__brake_pad__012.jpg,brake_pad,0,train,PENDING,false,
gpiosenka/car-parts-40-classes,car parts 50/train/BRAKE PAD/013.jpg,ia-service/datasets/annotation_batch/images/brake_pad/train__brake_pad__013.jpg,brake_pad,0,train,PENDING,false,
gpiosenka/car-parts-40-classes,car parts 50/train/BRAKE PAD/014.jpg,ia-service/datasets/annotation_batch/images/brake_pad/train__brake_pad__014.jpg,brake_pad,0,train,PENDING,false,
gpiosenka/car-parts-40-classes,car parts 50/train/BRAKE PAD/015.jpg,ia-service/datasets/annotation_batch/images/brake_pad/train__brake_pad__015.jpg,brake_pad,0,train,PENDING,false,
gpiosenka/car-parts-40-classes,car parts 50/train/BRAKE PAD/016.jpg,ia-service/datasets/annotation_batch/images/brake_pad/train__brake_pad__016.jpg,brake_pad,0,train,PENDING,false,
gpiosenka/car-parts-40-classes,car parts 50/train/BRAKE PAD/017.jpg,ia-service/datasets/annotation_batch/images/brake_pad/train__brake_pad__017.jpg,brake_pad,0,train,PENDING,false,
gpiosenka/car-parts-40-classes,car parts 50/train/BRAKE PAD/018.jpg,ia-service/datasets/annotation_batch/images/brake_pad/train__brake_pad__018.jpg,brake_pad,0,train,PENDING,false,
gpiosenka/car-parts-40-classes,car parts 50/train/BRAKE PAD/019.jpg,ia-service/datasets/annotation_batch/images/brake_pad/train__brake_pad__019.jpg,brake_pad,0,train,PENDING,false,
gpiosenka/car-parts-40-classes,car parts 50/train/BRAKE PAD/020.jpg,ia-service/datasets/annotation_batch/images/brake_pad/train__brake_pad__020.jpg,brake_pad,0,train,PENDING,false,
gpiosenka/car-parts-40-classes,car parts 50/train/BRAKE PAD/021.jpg,ia-service/datasets/annotation_batch/images/brake_pad/train__brake_pad__021.jpg,brake_pad,0,train,PENDING,false,
gpiosenka/car-parts-40-classes,car parts 50/train/BRAKE PAD/022.jpg,ia-service/datasets/annotation_batch/images/brake_pad/train__brake_pad__022.jpg,brake_pad,0,train,PENDING,false,
gpiosenka/car-parts-40-classes,car parts 50/train/BRAKE PAD/023.jpg,ia-service/datasets/annotation_batch/images/brake_pad/train__brake_pad__023.jpg,brake_pad,0,train,PENDING,false,
gpiosenka/car-parts-40-classes,car parts 50/train/BRAKE PAD/024.jpg,ia-service/datasets/annotation_batch/images/brake_pad/train__brake_pad__024.jpg,brake_pad,0,train,PENDING,false,
gpiosenka/car-parts-40-classes,car parts 50/train/BRAKE PAD/025.jpg,ia-service/datasets/annotation_batch/images/brake_pad/train__brake_pad__025.jpg,brake_pad,0,train,PENDING,false,
gpiosenka/car-parts-40-classes,car parts 50/train/BRAKE PAD/026.jpg,ia-service/datasets/annotation_batch/images/brake_pad/train__brake_pad__026.jpg,brake_pad,0,train,PENDING,false,
gpiosenka/car-parts-40-classes,car parts 50/train/BRAKE PAD/027.jpg,ia-service/datasets/annotation_batch/images/brake_pad/train__brake_pad__027.jpg,brake_pad,0,train,PENDING,false,
gpiosenka/car-parts-40-classes,car parts 50/train/BRAKE PAD/028.jpg,ia-service/datasets/annotation_batch/images/brake_pad/train__brake_pad__028.jpg,brake_pad,0,train,PENDING,false,
gpiosenka/car-parts-40-classes,car parts 50/train/BRAKE PAD/029.jpg,ia-service/datasets/annotation_batch/images/brake_pad/train__brake_pad__029.jpg,brake_pad,0,train,PENDING,false,
gpiosenka/car-parts-40-classes,car parts 50/train/BRAKE PAD/030.jpg,ia-service/datasets/annotation_batch/images/brake_pad/train__brake_pad__030.jpg,brake_pad,0,train,PENDING,false,
gpiosenka/car-parts-40-classes,car parts 50/train/BRAKE PAD/031.jpg,ia-service/datasets/annotation_batch/images/brake_pad/train__brake_pad__031.jpg,brake_pad,0,train,PENDING,false,
gpiosenka/car-parts-40-classes,car parts 50/train/BRAKE PAD/032.jpg,ia-service/datasets/annotation_batch/images/brake_pad/train__brake_pad__032.jpg,brake_pad,0,train,PENDING,false,
gpiosenka/car-parts-40-classes,car parts 50/train/BRAKE PAD/033.jpg,ia-service/datasets/annotation_batch/images/brake_pad/train__brake_pad__033.jpg,brake_pad,0,train,PENDING,false,
gpiosenka/car-parts-40-classes,car parts 50/train/BRAKE PAD/034.jpg,ia-service/datasets/annotation_batch/images/brake_pad/train__brake_pad__034.jpg,brake_pad,0,train,PENDING,false,
gpiosenka/car-parts-40-classes,car parts 50/train/BRAKE PAD/035.jpg,ia-service/datasets/annotation_batch/images/brake_pad/train__brake_pad__035.jpg,brake_pad,0,train,PENDING,false,
gpiosenka/car-parts-40-classes,car parts 50/train/BRAKE PAD/036.jpg,ia-service/datasets/annotation_batch/images/brake_pad/train__brake_pad__036.jpg,brake_pad,0,train,PENDING,false,
gpiosenka/car-parts-40-classes,car parts 50/train/BRAKE PAD/037.jpg,ia-service/datasets/annotation_batch/images/brake_pad/train__brake_pad__037.jpg,brake_pad,0,train,PENDING,false,
gpiosenka/car-parts-40-classes,car parts 50/train/BRAKE PAD/038.jpg,ia-service/datasets/annotation_batch/images/brake_pad/train__brake_pad__038.jpg,brake_pad,0,train,PENDING,false,
gpiosenka/car-parts-40-classes,car parts 50/train/BRAKE PAD/039.jpg,ia-service/datasets/annotation_batch/images/brake_pad/train__brake_pad__039.jpg,brake_pad,0,train,PENDING,false,
gpiosenka/car-parts-40-classes,car parts 50/train/BRAKE PAD/040.jpg,ia-service/datasets/annotation_batch/images/brake_pad/train__brake_pad__040.jpg,brake_pad,0,train,PENDING,false,
gpiosenka/car-parts-40-classes,car parts 50/train/BRAKE PAD/041.jpg,ia-service/datasets/annotation_batch/images/brake_pad/train__brake_pad__041.jpg,brake_pad,0,train,PENDING,false,
gpiosenka/car-parts-40-classes,car parts 50/train/BRAKE PAD/042.jpg,ia-service/datasets/annotation_batch/images/brake_pad/train__brake_pad__042.jpg,brake_pad,0,train,PENDING,false,
gpiosenka/car-parts-40-classes,car parts 50/train/BRAKE PAD/043.jpg,ia-service/datasets/annotation_batch/images/brake_pad/train__brake_pad__043.jpg,brake_pad,0,train,PENDING,false,
gpiosenka/car-parts-40-classes,car parts 50/train/BRAKE PAD/044.jpg,ia-service/datasets/annotation_batch/images/brake_pad/train__brake_pad__044.jpg,brake_pad,0,train,PENDING,false,
gpiosenka/car-parts-40-classes,car parts 50/train/BRAKE PAD/045.jpg,ia-service/datasets/annotation_batch/images/brake_pad/train__brake_pad__045.jpg,brake_pad,0,train,PENDING,false,
gpiosenka/car-parts-40-classes,car parts 50/train/BRAKE PAD/046.jpg,ia-service/datasets/annotation_batch/images/brake_pad/train__brake_pad__046.jpg,brake_pad,0,train,PENDING,false,
gpiosenka/car-parts-40-classes,car parts 50/train/BRAKE PAD/047.jpg,ia-service/datasets/annotation_batch/images/brake_pad/train__brake_pad__047.jpg,brake_pad,0,train,PENDING,false,
gpiosenka/car-parts-40-classes,car parts 50/train/BRAKE PAD/048.jpg,ia-service/datasets/annotation_batch/images/brake_pad/train__brake_pad__048.jpg,brake_pad,0,train,PENDING,false,
gpiosenka/car-parts-40-classes,car parts 50/train/BRAKE PAD/049.jpg,ia-service/datasets/annotation_batch/images/brake_pad/train__brake_pad__049.jpg,brake_pad,0,train,PENDING,false,
gpiosenka/car-parts-40-classes,car parts 50/train/BRAKE PAD/050.jpg,ia-service/datasets/annotation_batch/images/brake_pad/train__brake_pad__050.jpg,brake_pad,0,train,PENDING,false,
gpiosenka/car-parts-40-classes,car parts 50/train/BRAKE PAD/051.jpg,ia-service/datasets/annotation_batch/images/brake_pad/train__brake_pad__051.jpg,brake_pad,0,train,PENDING,false,
gpiosenka/car-parts-40-classes,car parts 50/train/BRAKE PAD/052.jpg,ia-service/datasets/annotation_batch/images/brake_pad/train__brake_pad__052.jpg,brake_pad,0,train,PENDING,false,
gpiosenka/car-parts-40-classes,car parts 50/train/BRAKE PAD/053.jpg,ia-service/datasets/annotation_batch/images/brake_pad/train__brake_pad__053.jpg,brake_pad,0,train,PENDING,false,
gpiosenka/car-parts-40-classes,car parts 50/train/BRAKE PAD/054.jpg,ia-service/datasets/annotation_batch/images/brake_pad/train__brake_pad__054.jpg,brake_pad,0,train,PENDING,false,
gpiosenka/car-parts-40-classes,car parts 50/train/BRAKE PAD/055.jpg,ia-service/datasets/annotation_batch/images/brake_pad/train__brake_pad__055.jpg,brake_pad,0,train,PENDING,false,
gpiosenka/car-parts-40-classes,car parts 50/train/BRAKE PAD/056.jpg,ia-service/datasets/annotation_batch/images/brake_pad/train__brake_pad__056.jpg,brake_pad,0,train,PENDING,false,
gpiosenka/car-parts-40-classes,car parts 50/train/BRAKE PAD/057.jpg,ia-service/datasets/annotation_batch/images/brake_pad/train__brake_pad__057.jpg,brake_pad,0,train,PENDING,false,
gpiosenka/car-parts-40-classes,car parts 50/train/BRAKE PAD/058.jpg,ia-service/datasets/annotation_batch/images/brake_pad/train__brake_pad__058.jpg,brake_pad,0,train,PENDING,false,
gpiosenka/car-parts-40-classes,car parts 50/train/BRAKE PAD/059.jpg,ia-service/datasets/annotation_batch/images/brake_pad/train__brake_pad__059.jpg,brake_pad,0,train,PENDING,false,
gpiosenka/car-parts-40-classes,car parts 50/train/BRAKE PAD/060.jpg,ia-service/datasets/annotation_batch/images/brake_pad/train__brake_pad__060.jpg,brake_pad,0,train,PENDING,false,
gpiosenka/car-parts-40-classes,car parts 50/train/BRAKE PAD/061.jpg,ia-service/datasets/annotation_batch/images/brake_pad/train__brake_pad__061.jpg,brake_pad,0,train,PENDING,false,
gpiosenka/car-parts-40-classes,car parts 50/train/BRAKE PAD/062.jpg,ia-service/datasets/annotation_batch/images/brake_pad/train__brake_pad__062.jpg,brake_pad,0,train,PENDING,false,
gpiosenka/car-parts-40-classes,car parts 50/train/BRAKE PAD/063.jpg,ia-service/datasets/annotation_batch/images/brake_pad/train__brake_pad__063.jpg,brake_pad,0,train,PENDING,false,
gpiosenka/car-parts-40-classes,car parts 50/train/BRAKE PAD/064.jpg,ia-service/datasets/annotation_batch/images/brake_pad/train__brake_pad__064.jpg,brake_pad,0,train,PENDING,false,
gpiosenka/car-parts-40-classes,car parts 50/train/BRAKE PAD/065.jpg,ia-service/datasets/annotation_batch/images/brake_pad/train__brake_pad__065.jpg,brake_pad,0,train,PENDING,false,
gpiosenka/car-parts-40-classes,car parts 50/train/BRAKE PAD/066.jpg,ia-service/datasets/annotation_batch/images/brake_pad/train__brake_pad__066.jpg,brake_pad,0,train,PENDING,false,
gpiosenka/car-parts-40-classes,car parts 50/train/BRAKE PAD/067.jpg,ia-service/datasets/annotation_batch/images/brake_pad/train__brake_pad__067.jpg,brake_pad,0,train,PENDING,false,
gpiosenka/car-parts-40-classes,car parts 50/train/BRAKE PAD/068.jpg,ia-service/datasets/annotation_batch/images/brake_pad/train__brake_pad__068.jpg,brake_pad,0,train,PENDING,false,
gpiosenka/car-parts-40-classes,car parts 50/train/BRAKE PAD/069.jpg,ia-service/datasets/annotation_batch/images/brake_pad/train__brake_pad__069.jpg,brake_pad,0,train,PENDING,false,
gpiosenka/car-parts-40-classes,car parts 50/train/BRAKE PAD/070.jpg,ia-service/datasets/annotation_batch/images/brake_pad/train__brake_pad__070.jpg,brake_pad,0,train,PENDING,false,
gpiosenka/car-parts-40-classes,car parts 50/train/BRAKE PAD/071.jpg,ia-service/datasets/annotation_batch/images/brake_pad/train__brake_pad__071.jpg,brake_pad,0,train,PENDING,false,
gpiosenka/car-parts-40-classes,car parts 50/train/BRAKE PAD/072.jpg,ia-service/datasets/annotation_batch/images/brake_pad/train__brake_pad__072.jpg,brake_pad,0,train,PENDING,false,
gpiosenka/car-parts-40-classes,car parts 50/train/BRAKE PAD/073.jpg,ia-service/datasets/annotation_batch/images/brake_pad/train__brake_pad__073.jpg,brake_pad,0,train,PENDING,false,
gpiosenka/car-parts-40-classes,car parts 50/train/BRAKE PAD/074.jpg,ia-service/datasets/annotation_batch/images/brake_pad/train__brake_pad__074.jpg,brake_pad,0,train,PENDING,false,
gpiosenka/car-parts-40-classes,car parts 50/train/BRAKE PAD/075.jpg,ia-service/datasets/annotation_batch/images/brake_pad/train__brake_pad__075.jpg,brake_pad,0,train,PENDING,false,
gpiosenka/car-parts-40-classes,car parts 50/train/BRAKE PAD/076.jpg,ia-service/datasets/annotation_batch/images/brake_pad/train__brake_pad__076.jpg,brake_pad,0,train,PENDING,false,
gpiosenka/car-parts-40-classes,car parts 50/train/BRAKE PAD/077.jpg,ia-service/datasets/annotation_batch/images/brake_pad/train__brake_pad__077.jpg,brake_pad,0,train,PENDING,false,
gpiosenka/car-parts-40-classes,car parts 50/train/BRAKE PAD/078.jpg,ia-service/datasets/annotation_batch/images/brake_pad/train__brake_pad__078.jpg,brake_pad,0,train,PENDING,false,
gpiosenka/car-parts-40-classes,car parts 50/train/BRAKE PAD/079.jpg,ia-service/datasets/annotation_batch/images/brake_pad/train__brake_pad__079.jpg,brake_pad,0,train,PENDING,false,
gpiosenka/car-parts-40-classes,car parts 50/train/BRAKE PAD/080.jpg,ia-service/datasets/annotation_batch/images/brake_pad/train__brake_pad__080.jpg,brake_pad,0,train,PENDING,false,
gpiosenka/car-parts-40-classes,car parts 50/train/BRAKE PAD/081.jpg,ia-service/datasets/annotation_batch/images/brake_pad/train__brake_pad__081.jpg,brake_pad,0,train,PENDING,false,
gpiosenka/car-parts-40-classes,car parts 50/train/BRAKE PAD/082.jpg,ia-service/datasets/annotation_batch/images/brake_pad/train__brake_pad__082.jpg,brake_pad,0,train,PENDING,false,
gpiosenka/car-parts-40-classes,car parts 50/train/BRAKE PAD/083.jpg,ia-service/datasets/annotation_batch/images/brake_pad/train__brake_pad__083.jpg,brake_pad,0,train,PENDING,false,
gpiosenka/car-parts-40-classes,car parts 50/train/BRAKE PAD/084.jpg,ia-service/datasets/annotation_batch/images/brake_pad/train__brake_pad__084.jpg,brake_pad,0,train,PENDING,false,
gpiosenka/car-parts-40-classes,car parts 50/train/BRAKE PAD/085.jpg,ia-service/datasets/annotation_batch/images/brake_pad/train__brake_pad__085.jpg,brake_pad,0,train,PENDING,false,
gpiosenka/car-parts-40-classes,car parts 50/train/BRAKE PAD/086.jpg,ia-service/datasets/annotation_batch/images/brake_pad/train__brake_pad__086.jpg,brake_pad,0,train,PENDING,false,
gpiosenka/car-parts-40-classes,car parts 50/train/BRAKE PAD/087.jpg,ia-service/datasets/annotation_batch/images/brake_pad/train__brake_pad__087.jpg,brake_pad,0,train,PENDING,false,
gpiosenka/car-parts-40-classes,car parts 50/train/BRAKE PAD/088.jpg,ia-service/datasets/annotation_batch/images/brake_pad/train__brake_pad__088.jpg,brake_pad,0,train,PENDING,false,
gpiosenka/car-parts-40-classes,car parts 50/train/BRAKE PAD/089.jpg,ia-service/datasets/annotation_batch/images/brake_pad/train__brake_pad__089.jpg,brake_pad,0,train,PENDING,false,
gpiosenka/car-parts-40-classes,car parts 50/train/BRAKE PAD/090.jpg,ia-service/datasets/annotation_batch/images/brake_pad/train__brake_pad__090.jpg,brake_pad,0,train,PENDING,false,
gpiosenka/car-parts-40-classes,car parts 50/valid/BRAKE PAD/1.jpg,ia-service/datasets/annotation_batch/images/brake_pad/valid__brake_pad__001.jpg,brake_pad,0,valid,PENDING,false,
gpiosenka/car-parts-40-classes,car parts 50/valid/BRAKE PAD/2.jpg,ia-service/datasets/annotation_batch/images/brake_pad/valid__brake_pad__002.jpg,brake_pad,0,valid,PENDING,false,
gpiosenka/car-parts-40-classes,car parts 50/valid/BRAKE PAD/3.jpg,ia-service/datasets/annotation_batch/images/brake_pad/valid__brake_pad__003.jpg,brake_pad,0,valid,PENDING,false,
gpiosenka/car-parts-40-classes,car parts 50/valid/BRAKE PAD/4.jpg,ia-service/datasets/annotation_batch/images/brake_pad/valid__brake_pad__004.jpg,brake_pad,0,valid,PENDING,false,
gpiosenka/car-parts-40-classes,car parts 50/valid/BRAKE PAD/5.jpg,ia-service/datasets/annotation_batch/images/brake_pad/valid__brake_pad__005.jpg,brake_pad,0,valid,PENDING,false,
gpiosenka/car-parts-40-classes,car parts 50/test/BRAKE PAD/1.jpg,ia-service/datasets/annotation_batch/images/brake_pad/test__brake_pad__001.jpg,brake_pad,0,test,PENDING,false,
gpiosenka/car-parts-40-classes,car parts 50/test/BRAKE PAD/2.jpg,ia-service/datasets/annotation_batch/images/brake_pad/test__brake_pad__002.jpg,brake_pad,0,test,PENDING,false,
gpiosenka/car-parts-40-classes,car parts 50/test/BRAKE PAD/3.jpg,ia-service/datasets/annotation_batch/images/brake_pad/test__brake_pad__003.jpg,brake_pad,0,test,PENDING,false,
gpiosenka/car-parts-40-classes,car parts 50/test/BRAKE PAD/4.jpg,ia-service/datasets/annotation_batch/images/brake_pad/test__brake_pad__004.jpg,brake_pad,0,test,PENDING,false,
gpiosenka/car-parts-40-classes,car parts 50/test/BRAKE PAD/5.jpg,ia-service/datasets/annotation_batch/images/brake_pad/test__brake_pad__005.jpg,brake_pad,0,test,PENDING,false,
gpiosenka/car-parts-40-classes,car parts 50/train/BRAKE ROTOR/001.jpg,ia-service/datasets/annotation_batch/images/brake_rotor/train__brake_rotor__001.jpg,brake_rotor,1,train,PENDING,false,
gpiosenka/car-parts-40-classes,car parts 50/train/BRAKE ROTOR/002.jpg,ia-service/datasets/annotation_batch/images/brake_rotor/train__brake_rotor__002.jpg,brake_rotor,1,train,PENDING,false,
gpiosenka/car-parts-40-classes,car parts 50/train/BRAKE ROTOR/003.jpg,ia-service/datasets/annotation_batch/images/brake_rotor/train__brake_rotor__003.jpg,brake_rotor,1,train,PENDING,false,
gpiosenka/car-parts-40-classes,car parts 50/train/BRAKE ROTOR/004.jpg,ia-service/datasets/annotation_batch/images/brake_rotor/train__brake_rotor__004.jpg,brake_rotor,1,train,PENDING,false,
gpiosenka/car-parts-40-classes,car parts 50/train/BRAKE ROTOR/005.jpg,ia-service/datasets/annotation_batch/images/brake_rotor/train__brake_rotor__005.jpg,brake_rotor,1,train,PENDING,false,
gpiosenka/car-parts-40-classes,car parts 50/train/BRAKE ROTOR/006.jpg,ia-service/datasets/annotation_batch/images/brake_rotor/train__brake_rotor__006.jpg,brake_rotor,1,train,PENDING,false,
gpiosenka/car-parts-40-classes,car parts 50/train/BRAKE ROTOR/007.jpg,ia-service/datasets/annotation_batch/images/brake_rotor/train__brake_rotor__007.jpg,brake_rotor,1,train,PENDING,false,
gpiosenka/car-parts-40-classes,car parts 50/train/BRAKE ROTOR/008.jpg,ia-service/datasets/annotation_batch/images/brake_rotor/train__brake_rotor__008.jpg,brake_rotor,1,train,PENDING,false,
gpiosenka/car-parts-40-classes,car parts 50/train/BRAKE ROTOR/009.jpg,ia-service/datasets/annotation_batch/images/brake_rotor/train__brake_rotor__009.jpg,brake_rotor,1,train,PENDING,false,
gpiosenka/car-parts-40-classes,car parts 50/train/BRAKE ROTOR/010.jpg,ia-service/datasets/annotation_batch/images/brake_rotor/train__brake_rotor__010.jpg,brake_rotor,1,train,PENDING,false,
gpiosenka/car-parts-40-classes,car parts 50/train/BRAKE ROTOR/011.jpg,ia-service/datasets/annotation_batch/images/brake_rotor/train__brake_rotor__011.jpg,brake_rotor,1,train,PENDING,false,
gpiosenka/car-parts-40-classes,car parts 50/train/BRAKE ROTOR/012.jpg,ia-service/datasets/annotation_batch/images/brake_rotor/train__brake_rotor__012.jpg,brake_rotor,1,train,PENDING,false,
gpiosenka/car-parts-40-classes,car parts 50/train/BRAKE ROTOR/013.jpg,ia-service/datasets/annotation_batch/images/brake_rotor/train__brake_rotor__013.jpg,brake_rotor,1,train,PENDING,false,
gpiosenka/car-parts-40-classes,car parts 50/train/BRAKE ROTOR/014.jpg,ia-service/datasets/annotation_batch/images/brake_rotor/train__brake_rotor__014.jpg,brake_rotor,1,train,PENDING,false,
gpiosenka/car-parts-40-classes,car parts 50/train/BRAKE ROTOR/015.jpg,ia-service/datasets/annotation_batch/images/brake_rotor/train__brake_rotor__015.jpg,brake_rotor,1,train,PENDING,false,
gpiosenka/car-parts-40-classes,car parts 50/train/BRAKE ROTOR/016.jpg,ia-service/datasets/annotation_batch/images/brake_rotor/train__brake_rotor__016.jpg,brake_rotor,1,train,PENDING,false,
gpiosenka/car-parts-40-classes,car parts 50/train/BRAKE ROTOR/017.jpg,ia-service/datasets/annotation_batch/images/brake_rotor/train__brake_rotor__017.jpg,brake_rotor,1,train,PENDING,false,
gpiosenka/car-parts-40-classes,car parts 50/train/BRAKE ROTOR/018.jpg,ia-service/datasets/annotation_batch/images/brake_rotor/train__brake_rotor__018.jpg,brake_rotor,1,train,PENDING,false,
gpiosenka/car-parts-40-classes,car parts 50/train/BRAKE ROTOR/019.jpg,ia-service/datasets/annotation_batch/images/brake_rotor/train__brake_rotor__019.jpg,brake_rotor,1,train,PENDING,false,
gpiosenka/car-parts-40-classes,car parts 50/train/BRAKE ROTOR/020.jpg,ia-service/datasets/annotation_batch/images/brake_rotor/train__brake_rotor__020.jpg,brake_rotor,1,train,PENDING,false,
gpiosenka/car-parts-40-classes,car parts 50/train/BRAKE ROTOR/021.jpg,ia-service/datasets/annotation_batch/images/brake_rotor/train__brake_rotor__021.jpg,brake_rotor,1,train,PENDING,false,
gpiosenka/car-parts-40-classes,car parts 50/train/BRAKE ROTOR/022.jpg,ia-service/datasets/annotation_batch/images/brake_rotor/train__brake_rotor__022.jpg,brake_rotor,1,train,PENDING,false,
gpiosenka/car-parts-40-classes,car parts 50/train/BRAKE ROTOR/023.jpg,ia-service/datasets/annotation_batch/images/brake_rotor/train__brake_rotor__023.jpg,brake_rotor,1,train,PENDING,false,
gpiosenka/car-parts-40-classes,car parts 50/train/BRAKE ROTOR/024.jpg,ia-service/datasets/annotation_batch/images/brake_rotor/train__brake_rotor__024.jpg,brake_rotor,1,train,PENDING,false,
gpiosenka/car-parts-40-classes,car parts 50/train/BRAKE ROTOR/025.jpg,ia-service/datasets/annotation_batch/images/brake_rotor/train__brake_rotor__025.jpg,brake_rotor,1,train,PENDING,false,
gpiosenka/car-parts-40-classes,car parts 50/train/BRAKE ROTOR/026.jpg,ia-service/datasets/annotation_batch/images/brake_rotor/train__brake_rotor__026.jpg,brake_rotor,1,train,PENDING,false,
gpiosenka/car-parts-40-classes,car parts 50/train/BRAKE ROTOR/027.jpg,ia-service/datasets/annotation_batch/images/brake_rotor/train__brake_rotor__027.jpg,brake_rotor,1,train,PENDING,false,
gpiosenka/car-parts-40-classes,car parts 50/train/BRAKE ROTOR/028.jpg,ia-service/datasets/annotation_batch/images/brake_rotor/train__brake_rotor__028.jpg,brake_rotor,1,train,PENDING,false,
gpiosenka/car-parts-40-classes,car parts 50/train/BRAKE ROTOR/029.jpg,ia-service/datasets/annotation_batch/images/brake_rotor/train__brake_rotor__029.jpg,brake_rotor,1,train,PENDING,false,
gpiosenka/car-parts-40-classes,car parts 50/train/BRAKE ROTOR/030.jpg,ia-service/datasets/annotation_batch/images/brake_rotor/train__brake_rotor__030.jpg,brake_rotor,1,train,PENDING,false,
gpiosenka/car-parts-40-classes,car parts 50/train/BRAKE ROTOR/031.jpg,ia-service/datasets/annotation_batch/images/brake_rotor/train__brake_rotor__031.jpg,brake_rotor,1,train,PENDING,false,
gpiosenka/car-parts-40-classes,car parts 50/train/BRAKE ROTOR/032.jpg,ia-service/datasets/annotation_batch/images/brake_rotor/train__brake_rotor__032.jpg,brake_rotor,1,train,PENDING,false,
gpiosenka/car-parts-40-classes,car parts 50/train/BRAKE ROTOR/033.jpg,ia-service/datasets/annotation_batch/images/brake_rotor/train__brake_rotor__033.jpg,brake_rotor,1,train,PENDING,false,
gpiosenka/car-parts-40-classes,car parts 50/train/BRAKE ROTOR/034.jpg,ia-service/datasets/annotation_batch/images/brake_rotor/train__brake_rotor__034.jpg,brake_rotor,1,train,PENDING,false,
gpiosenka/car-parts-40-classes,car parts 50/train/BRAKE ROTOR/035.jpg,ia-service/datasets/annotation_batch/images/brake_rotor/train__brake_rotor__035.jpg,brake_rotor,1,train,PENDING,false,
gpiosenka/car-parts-40-classes,car parts 50/train/BRAKE ROTOR/036.jpg,ia-service/datasets/annotation_batch/images/brake_rotor/train__brake_rotor__036.jpg,brake_rotor,1,train,PENDING,false,
gpiosenka/car-parts-40-classes,car parts 50/train/BRAKE ROTOR/037.jpg,ia-service/datasets/annotation_batch/images/brake_rotor/train__brake_rotor__037.jpg,brake_rotor,1,train,PENDING,false,
gpiosenka/car-parts-40-classes,car parts 50/train/BRAKE ROTOR/038.jpg,ia-service/datasets/annotation_batch/images/brake_rotor/train__brake_rotor__038.jpg,brake_rotor,1,train,PENDING,false,
gpiosenka/car-parts-40-classes,car parts 50/train/BRAKE ROTOR/039.jpg,ia-service/datasets/annotation_batch/images/brake_rotor/train__brake_rotor__039.jpg,brake_rotor,1,train,PENDING,false,
gpiosenka/car-parts-40-classes,car parts 50/train/BRAKE ROTOR/040.jpg,ia-service/datasets/annotation_batch/images/brake_rotor/train__brake_rotor__040.jpg,brake_rotor,1,train,PENDING,false,
gpiosenka/car-parts-40-classes,car parts 50/train/BRAKE ROTOR/041.jpg,ia-service/datasets/annotation_batch/images/brake_rotor/train__brake_rotor__041.jpg,brake_rotor,1,train,PENDING,false,
gpiosenka/car-parts-40-classes,car parts 50/train/BRAKE ROTOR/042.jpg,ia-service/datasets/annotation_batch/images/brake_rotor/train__brake_rotor__042.jpg,brake_rotor,1,train,PENDING,false,
gpiosenka/car-parts-40-classes,car parts 50/train/BRAKE ROTOR/043.jpg,ia-service/datasets/annotation_batch/images/brake_rotor/train__brake_rotor__043.jpg,brake_rotor,1,train,PENDING,false,
gpiosenka/car-parts-40-classes,car parts 50/train/BRAKE ROTOR/044.jpg,ia-service/datasets/annotation_batch/images/brake_rotor/train__brake_rotor__044.jpg,brake_rotor,1,train,PENDING,false,
gpiosenka/car-parts-40-classes,car parts 50/train/BRAKE ROTOR/045.jpg,ia-service/datasets/annotation_batch/images/brake_rotor/train__brake_rotor__045.jpg,brake_rotor,1,train,PENDING,false,
gpiosenka/car-parts-40-classes,car parts 50/train/BRAKE ROTOR/046.jpg,ia-service/datasets/annotation_batch/images/brake_rotor/train__brake_rotor__046.jpg,brake_rotor,1,train,PENDING,false,
gpiosenka/car-parts-40-classes,car parts 50/train/BRAKE ROTOR/047.jpg,ia-service/datasets/annotation_batch/images/brake_rotor/train__brake_rotor__047.jpg,brake_rotor,1,train,PENDING,false,
gpiosenka/car-parts-40-classes,car parts 50/train/BRAKE ROTOR/048.jpg,ia-service/datasets/annotation_batch/images/brake_rotor/train__brake_rotor__048.jpg,brake_rotor,1,train,PENDING,false,
gpiosenka/car-parts-40-classes,car parts 50/train/BRAKE ROTOR/049.jpg,ia-service/datasets/annotation_batch/images/brake_rotor/train__brake_rotor__049.jpg,brake_rotor,1,train,PENDING,false,
gpiosenka/car-parts-40-classes,car parts 50/train/BRAKE ROTOR/050.jpg,ia-service/datasets/annotation_batch/images/brake_rotor/train__brake_rotor__050.jpg,brake_rotor,1,train,PENDING,false,
gpiosenka/car-parts-40-classes,car parts 50/train/BRAKE ROTOR/051.jpg,ia-service/datasets/annotation_batch/images/brake_rotor/train__brake_rotor__051.jpg,brake_rotor,1,train,PENDING,false,
gpiosenka/car-parts-40-classes,car parts 50/train/BRAKE ROTOR/052.jpg,ia-service/datasets/annotation_batch/images/brake_rotor/train__brake_rotor__052.jpg,brake_rotor,1,train,PENDING,false,
gpiosenka/car-parts-40-classes,car parts 50/train/BRAKE ROTOR/053.jpg,ia-service/datasets/annotation_batch/images/brake_rotor/train__brake_rotor__053.jpg,brake_rotor,1,train,PENDING,false,
gpiosenka/car-parts-40-classes,car parts 50/train/BRAKE ROTOR/054.jpg,ia-service/datasets/annotation_batch/images/brake_rotor/train__brake_rotor__054.jpg,brake_rotor,1,train,PENDING,false,
gpiosenka/car-parts-40-classes,car parts 50/train/BRAKE ROTOR/055.jpg,ia-service/datasets/annotation_batch/images/brake_rotor/train__brake_rotor__055.jpg,brake_rotor,1,train,PENDING,false,
gpiosenka/car-parts-40-classes,car parts 50/train/BRAKE ROTOR/056.jpg,ia-service/datasets/annotation_batch/images/brake_rotor/train__brake_rotor__056.jpg,brake_rotor,1,train,PENDING,false,
gpiosenka/car-parts-40-classes,car parts 50/train/BRAKE ROTOR/057.jpg,ia-service/datasets/annotation_batch/images/brake_rotor/train__brake_rotor__057.jpg,brake_rotor,1,train,PENDING,false,
gpiosenka/car-parts-40-classes,car parts 50/train/BRAKE ROTOR/058.jpg,ia-service/datasets/annotation_batch/images/brake_rotor/train__brake_rotor__058.jpg,brake_rotor,1,train,PENDING,false,
gpiosenka/car-parts-40-classes,car parts 50/train/BRAKE ROTOR/059.jpg,ia-service/datasets/annotation_batch/images/brake_rotor/train__brake_rotor__059.jpg,brake_rotor,1,train,PENDING,false,
gpiosenka/car-parts-40-classes,car parts 50/train/BRAKE ROTOR/060.jpg,ia-service/datasets/annotation_batch/images/brake_rotor/train__brake_rotor__060.jpg,brake_rotor,1,train,PENDING,false,
gpiosenka/car-parts-40-classes,car parts 50/train/BRAKE ROTOR/061.jpg,ia-service/datasets/annotation_batch/images/brake_rotor/train__brake_rotor__061.jpg,brake_rotor,1,train,PENDING,false,
gpiosenka/car-parts-40-classes,car parts 50/train/BRAKE ROTOR/062.jpg,ia-service/datasets/annotation_batch/images/brake_rotor/train__brake_rotor__062.jpg,brake_rotor,1,train,PENDING,false,
gpiosenka/car-parts-40-classes,car parts 50/train/BRAKE ROTOR/063.jpg,ia-service/datasets/annotation_batch/images/brake_rotor/train__brake_rotor__063.jpg,brake_rotor,1,train,PENDING,false,
gpiosenka/car-parts-40-classes,car parts 50/train/BRAKE ROTOR/064.jpg,ia-service/datasets/annotation_batch/images/brake_rotor/train__brake_rotor__064.jpg,brake_rotor,1,train,PENDING,false,
gpiosenka/car-parts-40-classes,car parts 50/train/BRAKE ROTOR/065.jpg,ia-service/datasets/annotation_batch/images/brake_rotor/train__brake_rotor__065.jpg,brake_rotor,1,train,PENDING,false,
gpiosenka/car-parts-40-classes,car parts 50/train/BRAKE ROTOR/066.jpg,ia-service/datasets/annotation_batch/images/brake_rotor/train__brake_rotor__066.jpg,brake_rotor,1,train,PENDING,false,
gpiosenka/car-parts-40-classes,car parts 50/train/BRAKE ROTOR/067.jpg,ia-service/datasets/annotation_batch/images/brake_rotor/train__brake_rotor__067.jpg,brake_rotor,1,train,PENDING,false,
gpiosenka/car-parts-40-classes,car parts 50/train/BRAKE ROTOR/068.jpg,ia-service/datasets/annotation_batch/images/brake_rotor/train__brake_rotor__068.jpg,brake_rotor,1,train,PENDING,false,
gpiosenka/car-parts-40-classes,car parts 50/train/BRAKE ROTOR/069.jpg,ia-service/datasets/annotation_batch/images/brake_rotor/train__brake_rotor__069.jpg,brake_rotor,1,train,PENDING,false,
gpiosenka/car-parts-40-classes,car parts 50/train/BRAKE ROTOR/070.jpg,ia-service/datasets/annotation_batch/images/brake_rotor/train__brake_rotor__070.jpg,brake_rotor,1,train,PENDING,false,
gpiosenka/car-parts-40-classes,car parts 50/train/BRAKE ROTOR/071.jpg,ia-service/datasets/annotation_batch/images/brake_rotor/train__brake_rotor__071.jpg,brake_rotor,1,train,PENDING,false,
gpiosenka/car-parts-40-classes,car parts 50/train/BRAKE ROTOR/072.jpg,ia-service/datasets/annotation_batch/images/brake_rotor/train__brake_rotor__072.jpg,brake_rotor,1,train,PENDING,false,
gpiosenka/car-parts-40-classes,car parts 50/train/BRAKE ROTOR/073.jpg,ia-service/datasets/annotation_batch/images/brake_rotor/train__brake_rotor__073.jpg,brake_rotor,1,train,PENDING,false,
gpiosenka/car-parts-40-classes,car parts 50/train/BRAKE ROTOR/074.jpg,ia-service/datasets/annotation_batch/images/brake_rotor/train__brake_rotor__074.jpg,brake_rotor,1,train,PENDING,false,
gpiosenka/car-parts-40-classes,car parts 50/train/BRAKE ROTOR/075.jpg,ia-service/datasets/annotation_batch/images/brake_rotor/train__brake_rotor__075.jpg,brake_rotor,1,train,PENDING,false,
gpiosenka/car-parts-40-classes,car parts 50/train/BRAKE ROTOR/076.jpg,ia-service/datasets/annotation_batch/images/brake_rotor/train__brake_rotor__076.jpg,brake_rotor,1,train,PENDING,false,
gpiosenka/car-parts-40-classes,car parts 50/train/BRAKE ROTOR/077.jpg,ia-service/datasets/annotation_batch/images/brake_rotor/train__brake_rotor__077.jpg,brake_rotor,1,train,PENDING,false,
gpiosenka/car-parts-40-classes,car parts 50/train/BRAKE ROTOR/078.jpg,ia-service/datasets/annotation_batch/images/brake_rotor/train__brake_rotor__078.jpg,brake_rotor,1,train,PENDING,false,
gpiosenka/car-parts-40-classes,car parts 50/train/BRAKE ROTOR/079.jpg,ia-service/datasets/annotation_batch/images/brake_rotor/train__brake_rotor__079.jpg,brake_rotor,1,train,PENDING,false,
gpiosenka/car-parts-40-classes,car parts 50/train/BRAKE ROTOR/080.jpg,ia-service/datasets/annotation_batch/images/brake_rotor/train__brake_rotor__080.jpg,brake_rotor,1,train,PENDING,false,
gpiosenka/car-parts-40-classes,car parts 50/train/BRAKE ROTOR/081.jpg,ia-service/datasets/annotation_batch/images/brake_rotor/train__brake_rotor__081.jpg,brake_rotor,1,train,PENDING,false,
gpiosenka/car-parts-40-classes,car parts 50/train/BRAKE ROTOR/082.jpg,ia-service/datasets/annotation_batch/images/brake_rotor/train__brake_rotor__082.jpg,brake_rotor,1,train,PENDING,false,
gpiosenka/car-parts-40-classes,car parts 50/train/BRAKE ROTOR/083.jpg,ia-service/datasets/annotation_batch/images/brake_rotor/train__brake_rotor__083.jpg,brake_rotor,1,train,PENDING,false,
gpiosenka/car-parts-40-classes,car parts 50/train/BRAKE ROTOR/084.jpg,ia-service/datasets/annotation_batch/images/brake_rotor/train__brake_rotor__084.jpg,brake_rotor,1,train,PENDING,false,
gpiosenka/car-parts-40-classes,car parts 50/train/BRAKE ROTOR/085.jpg,ia-service/datasets/annotation_batch/images/brake_rotor/train__brake_rotor__085.jpg,brake_rotor,1,train,PENDING,false,
gpiosenka/car-parts-40-classes,car parts 50/train/BRAKE ROTOR/086.jpg,ia-service/datasets/annotation_batch/images/brake_rotor/train__brake_rotor__086.jpg,brake_rotor,1,train,PENDING,false,
gpiosenka/car-parts-40-classes,car parts 50/train/BRAKE ROTOR/087.jpg,ia-service/datasets/annotation_batch/images/brake_rotor/train__brake_rotor__087.jpg,brake_rotor,1,train,PENDING,false,
gpiosenka/car-parts-40-classes,car parts 50/train/BRAKE ROTOR/088.jpg,ia-service/datasets/annotation_batch/images/brake_rotor/train__brake_rotor__088.jpg,brake_rotor,1,train,PENDING,false,
gpiosenka/car-parts-40-classes,car parts 50/train/BRAKE ROTOR/089.jpg,ia-service/datasets/annotation_batch/images/brake_rotor/train__brake_rotor__089.jpg,brake_rotor,1,train,PENDING,false,
gpiosenka/car-parts-40-classes,car parts 50/train/BRAKE ROTOR/090.jpg,ia-service/datasets/annotation_batch/images/brake_rotor/train__brake_rotor__090.jpg,brake_rotor,1,train,PENDING,false,
gpiosenka/car-parts-40-classes,car parts 50/valid/BRAKE ROTOR/1.jpg,ia-service/datasets/annotation_batch/images/brake_rotor/valid__brake_rotor__001.jpg,brake_rotor,1,valid,PENDING,false,
gpiosenka/car-parts-40-classes,car parts 50/valid/BRAKE ROTOR/2.jpg,ia-service/datasets/annotation_batch/images/brake_rotor/valid__brake_rotor__002.jpg,brake_rotor,1,valid,PENDING,false,
gpiosenka/car-parts-40-classes,car parts 50/valid/BRAKE ROTOR/3.jpg,ia-service/datasets/annotation_batch/images/brake_rotor/valid__brake_rotor__003.jpg,brake_rotor,1,valid,PENDING,false,
gpiosenka/car-parts-40-classes,car parts 50/valid/BRAKE ROTOR/4.jpg,ia-service/datasets/annotation_batch/images/brake_rotor/valid__brake_rotor__004.jpg,brake_rotor,1,valid,PENDING,false,
gpiosenka/car-parts-40-classes,car parts 50/valid/BRAKE ROTOR/5.jpg,ia-service/datasets/annotation_batch/images/brake_rotor/valid__brake_rotor__005.jpg,brake_rotor,1,valid,PENDING,false,
gpiosenka/car-parts-40-classes,car parts 50/test/BRAKE ROTOR/1.jpg,ia-service/datasets/annotation_batch/images/brake_rotor/test__brake_rotor__001.jpg,brake_rotor,1,test,PENDING,false,
gpiosenka/car-parts-40-classes,car parts 50/test/BRAKE ROTOR/2.jpg,ia-service/datasets/annotation_batch/images/brake_rotor/test__brake_rotor__002.jpg,brake_rotor,1,test,PENDING,false,
gpiosenka/car-parts-40-classes,car parts 50/test/BRAKE ROTOR/3.jpg,ia-service/datasets/annotation_batch/images/brake_rotor/test__brake_rotor__003.jpg,brake_rotor,1,test,PENDING,false,
gpiosenka/car-parts-40-classes,car parts 50/test/BRAKE ROTOR/4.jpg,ia-service/datasets/annotation_batch/images/brake_rotor/test__brake_rotor__004.jpg,brake_rotor,1,test,PENDING,false,
gpiosenka/car-parts-40-classes,car parts 50/test/BRAKE ROTOR/5.jpg,ia-service/datasets/annotation_batch/images/brake_rotor/test__brake_rotor__005.jpg,brake_rotor,1,test,PENDING,false,
gpiosenka/car-parts-40-classes,car parts 50/train/BRAKE CALIPER/001.jpg,ia-service/datasets/annotation_batch/images/brake_caliper/train__brake_caliper__001.jpg,brake_caliper,2,train,PENDING,false,
gpiosenka/car-parts-40-classes,car parts 50/train/BRAKE CALIPER/002.jpg,ia-service/datasets/annotation_batch/images/brake_caliper/train__brake_caliper__002.jpg,brake_caliper,2,train,PENDING,false,
gpiosenka/car-parts-40-classes,car parts 50/train/BRAKE CALIPER/003.jpg,ia-service/datasets/annotation_batch/images/brake_caliper/train__brake_caliper__003.jpg,brake_caliper,2,train,PENDING,false,
gpiosenka/car-parts-40-classes,car parts 50/train/BRAKE CALIPER/004.jpg,ia-service/datasets/annotation_batch/images/brake_caliper/train__brake_caliper__004.jpg,brake_caliper,2,train,PENDING,false,
gpiosenka/car-parts-40-classes,car parts 50/train/BRAKE CALIPER/005.jpg,ia-service/datasets/annotation_batch/images/brake_caliper/train__brake_caliper__005.jpg,brake_caliper,2,train,PENDING,false,
gpiosenka/car-parts-40-classes,car parts 50/train/BRAKE CALIPER/006.jpg,ia-service/datasets/annotation_batch/images/brake_caliper/train__brake_caliper__006.jpg,brake_caliper,2,train,PENDING,false,
gpiosenka/car-parts-40-classes,car parts 50/train/BRAKE CALIPER/007.jpg,ia-service/datasets/annotation_batch/images/brake_caliper/train__brake_caliper__007.jpg,brake_caliper,2,train,PENDING,false,
gpiosenka/car-parts-40-classes,car parts 50/train/BRAKE CALIPER/008.jpg,ia-service/datasets/annotation_batch/images/brake_caliper/train__brake_caliper__008.jpg,brake_caliper,2,train,PENDING,false,
gpiosenka/car-parts-40-classes,car parts 50/train/BRAKE CALIPER/009.jpg,ia-service/datasets/annotation_batch/images/brake_caliper/train__brake_caliper__009.jpg,brake_caliper,2,train,PENDING,false,
gpiosenka/car-parts-40-classes,car parts 50/train/BRAKE CALIPER/010.jpg,ia-service/datasets/annotation_batch/images/brake_caliper/train__brake_caliper__010.jpg,brake_caliper,2,train,PENDING,false,
gpiosenka/car-parts-40-classes,car parts 50/train/BRAKE CALIPER/011.jpg,ia-service/datasets/annotation_batch/images/brake_caliper/train__brake_caliper__011.jpg,brake_caliper,2,train,PENDING,false,
gpiosenka/car-parts-40-classes,car parts 50/train/BRAKE CALIPER/012.jpg,ia-service/datasets/annotation_batch/images/brake_caliper/train__brake_caliper__012.jpg,brake_caliper,2,train,PENDING,false,
gpiosenka/car-parts-40-classes,car parts 50/train/BRAKE CALIPER/013.jpg,ia-service/datasets/annotation_batch/images/brake_caliper/train__brake_caliper__013.jpg,brake_caliper,2,train,PENDING,false,
gpiosenka/car-parts-40-classes,car parts 50/train/BRAKE CALIPER/014.jpg,ia-service/datasets/annotation_batch/images/brake_caliper/train__brake_caliper__014.jpg,brake_caliper,2,train,PENDING,false,
gpiosenka/car-parts-40-classes,car parts 50/train/BRAKE CALIPER/015.jpg,ia-service/datasets/annotation_batch/images/brake_caliper/train__brake_caliper__015.jpg,brake_caliper,2,train,PENDING,false,
gpiosenka/car-parts-40-classes,car parts 50/train/BRAKE CALIPER/016.jpg,ia-service/datasets/annotation_batch/images/brake_caliper/train__brake_caliper__016.jpg,brake_caliper,2,train,PENDING,false,
gpiosenka/car-parts-40-classes,car parts 50/train/BRAKE CALIPER/017.jpg,ia-service/datasets/annotation_batch/images/brake_caliper/train__brake_caliper__017.jpg,brake_caliper,2,train,PENDING,false,
gpiosenka/car-parts-40-classes,car parts 50/train/BRAKE CALIPER/018.jpg,ia-service/datasets/annotation_batch/images/brake_caliper/train__brake_caliper__018.jpg,brake_caliper,2,train,PENDING,false,
gpiosenka/car-parts-40-classes,car parts 50/train/BRAKE CALIPER/019.jpg,ia-service/datasets/annotation_batch/images/brake_caliper/train__brake_caliper__019.jpg,brake_caliper,2,train,PENDING,false,
gpiosenka/car-parts-40-classes,car parts 50/train/BRAKE CALIPER/020.jpg,ia-service/datasets/annotation_batch/images/brake_caliper/train__brake_caliper__020.jpg,brake_caliper,2,train,PENDING,false,
gpiosenka/car-parts-40-classes,car parts 50/train/BRAKE CALIPER/021.jpg,ia-service/datasets/annotation_batch/images/brake_caliper/train__brake_caliper__021.jpg,brake_caliper,2,train,PENDING,false,
gpiosenka/car-parts-40-classes,car parts 50/train/BRAKE CALIPER/022.jpg,ia-service/datasets/annotation_batch/images/brake_caliper/train__brake_caliper__022.jpg,brake_caliper,2,train,PENDING,false,
gpiosenka/car-parts-40-classes,car parts 50/train/BRAKE CALIPER/023.jpg,ia-service/datasets/annotation_batch/images/brake_caliper/train__brake_caliper__023.jpg,brake_caliper,2,train,PENDING,false,
gpiosenka/car-parts-40-classes,car parts 50/train/BRAKE CALIPER/024.jpg,ia-service/datasets/annotation_batch/images/brake_caliper/train__brake_caliper__024.jpg,brake_caliper,2,train,PENDING,false,
gpiosenka/car-parts-40-classes,car parts 50/train/BRAKE CALIPER/025.jpg,ia-service/datasets/annotation_batch/images/brake_caliper/train__brake_caliper__025.jpg,brake_caliper,2,train,PENDING,false,
gpiosenka/car-parts-40-classes,car parts 50/train/BRAKE CALIPER/026.jpg,ia-service/datasets/annotation_batch/images/brake_caliper/train__brake_caliper__026.jpg,brake_caliper,2,train,PENDING,false,
gpiosenka/car-parts-40-classes,car parts 50/train/BRAKE CALIPER/027.jpg,ia-service/datasets/annotation_batch/images/brake_caliper/train__brake_caliper__027.jpg,brake_caliper,2,train,PENDING,false,
gpiosenka/car-parts-40-classes,car parts 50/train/BRAKE CALIPER/028.jpg,ia-service/datasets/annotation_batch/images/brake_caliper/train__brake_caliper__028.jpg,brake_caliper,2,train,PENDING,false,
gpiosenka/car-parts-40-classes,car parts 50/train/BRAKE CALIPER/029.jpg,ia-service/datasets/annotation_batch/images/brake_caliper/train__brake_caliper__029.jpg,brake_caliper,2,train,PENDING,false,
gpiosenka/car-parts-40-classes,car parts 50/train/BRAKE CALIPER/030.jpg,ia-service/datasets/annotation_batch/images/brake_caliper/train__brake_caliper__030.jpg,brake_caliper,2,train,PENDING,false,
gpiosenka/car-parts-40-classes,car parts 50/train/BRAKE CALIPER/031.jpg,ia-service/datasets/annotation_batch/images/brake_caliper/train__brake_caliper__031.jpg,brake_caliper,2,train,PENDING,false,
gpiosenka/car-parts-40-classes,car parts 50/train/BRAKE CALIPER/032.jpg,ia-service/datasets/annotation_batch/images/brake_caliper/train__brake_caliper__032.jpg,brake_caliper,2,train,PENDING,false,
gpiosenka/car-parts-40-classes,car parts 50/train/BRAKE CALIPER/033.jpg,ia-service/datasets/annotation_batch/images/brake_caliper/train__brake_caliper__033.jpg,brake_caliper,2,train,PENDING,false,
gpiosenka/car-parts-40-classes,car parts 50/train/BRAKE CALIPER/034.jpg,ia-service/datasets/annotation_batch/images/brake_caliper/train__brake_caliper__034.jpg,brake_caliper,2,train,PENDING,false,
gpiosenka/car-parts-40-classes,car parts 50/train/BRAKE CALIPER/035.jpg,ia-service/datasets/annotation_batch/images/brake_caliper/train__brake_caliper__035.jpg,brake_caliper,2,train,PENDING,false,
gpiosenka/car-parts-40-classes,car parts 50/train/BRAKE CALIPER/036.jpg,ia-service/datasets/annotation_batch/images/brake_caliper/train__brake_caliper__036.jpg,brake_caliper,2,train,PENDING,false,
gpiosenka/car-parts-40-classes,car parts 50/train/BRAKE CALIPER/037.jpg,ia-service/datasets/annotation_batch/images/brake_caliper/train__brake_caliper__037.jpg,brake_caliper,2,train,PENDING,false,
gpiosenka/car-parts-40-classes,car parts 50/train/BRAKE CALIPER/038.jpg,ia-service/datasets/annotation_batch/images/brake_caliper/train__brake_caliper__038.jpg,brake_caliper,2,train,PENDING,false,
gpiosenka/car-parts-40-classes,car parts 50/train/BRAKE CALIPER/039.jpg,ia-service/datasets/annotation_batch/images/brake_caliper/train__brake_caliper__039.jpg,brake_caliper,2,train,PENDING,false,
gpiosenka/car-parts-40-classes,car parts 50/train/BRAKE CALIPER/040.jpg,ia-service/datasets/annotation_batch/images/brake_caliper/train__brake_caliper__040.jpg,brake_caliper,2,train,PENDING,false,
gpiosenka/car-parts-40-classes,car parts 50/train/BRAKE CALIPER/041.jpg,ia-service/datasets/annotation_batch/images/brake_caliper/train__brake_caliper__041.jpg,brake_caliper,2,train,PENDING,false,
gpiosenka/car-parts-40-classes,car parts 50/train/BRAKE CALIPER/042.jpg,ia-service/datasets/annotation_batch/images/brake_caliper/train__brake_caliper__042.jpg,brake_caliper,2,train,PENDING,false,
gpiosenka/car-parts-40-classes,car parts 50/train/BRAKE CALIPER/043.jpg,ia-service/datasets/annotation_batch/images/brake_caliper/train__brake_caliper__043.jpg,brake_caliper,2,train,PENDING,false,
gpiosenka/car-parts-40-classes,car parts 50/train/BRAKE CALIPER/044.jpg,ia-service/datasets/annotation_batch/images/brake_caliper/train__brake_caliper__044.jpg,brake_caliper,2,train,PENDING,false,
gpiosenka/car-parts-40-classes,car parts 50/train/BRAKE CALIPER/045.jpg,ia-service/datasets/annotation_batch/images/brake_caliper/train__brake_caliper__045.jpg,brake_caliper,2,train,PENDING,false,
gpiosenka/car-parts-40-classes,car parts 50/train/BRAKE CALIPER/046.jpg,ia-service/datasets/annotation_batch/images/brake_caliper/train__brake_caliper__046.jpg,brake_caliper,2,train,PENDING,false,
gpiosenka/car-parts-40-classes,car parts 50/train/BRAKE CALIPER/047.jpg,ia-service/datasets/annotation_batch/images/brake_caliper/train__brake_caliper__047.jpg,brake_caliper,2,train,PENDING,false,
gpiosenka/car-parts-40-classes,car parts 50/train/BRAKE CALIPER/048.jpg,ia-service/datasets/annotation_batch/images/brake_caliper/train__brake_caliper__048.jpg,brake_caliper,2,train,PENDING,false,
gpiosenka/car-parts-40-classes,car parts 50/train/BRAKE CALIPER/049.jpg,ia-service/datasets/annotation_batch/images/brake_caliper/train__brake_caliper__049.jpg,brake_caliper,2,train,PENDING,false,
gpiosenka/car-parts-40-classes,car parts 50/train/BRAKE CALIPER/050.jpg,ia-service/datasets/annotation_batch/images/brake_caliper/train__brake_caliper__050.jpg,brake_caliper,2,train,PENDING,false,
gpiosenka/car-parts-40-classes,car parts 50/train/BRAKE CALIPER/051.jpg,ia-service/datasets/annotation_batch/images/brake_caliper/train__brake_caliper__051.jpg,brake_caliper,2,train,PENDING,false,
gpiosenka/car-parts-40-classes,car parts 50/train/BRAKE CALIPER/052.jpg,ia-service/datasets/annotation_batch/images/brake_caliper/train__brake_caliper__052.jpg,brake_caliper,2,train,PENDING,false,
gpiosenka/car-parts-40-classes,car parts 50/train/BRAKE CALIPER/053.jpg,ia-service/datasets/annotation_batch/images/brake_caliper/train__brake_caliper__053.jpg,brake_caliper,2,train,PENDING,false,
gpiosenka/car-parts-40-classes,car parts 50/train/BRAKE CALIPER/054.jpg,ia-service/datasets/annotation_batch/images/brake_caliper/train__brake_caliper__054.jpg,brake_caliper,2,train,PENDING,false,
gpiosenka/car-parts-40-classes,car parts 50/train/BRAKE CALIPER/055.jpg,ia-service/datasets/annotation_batch/images/brake_caliper/train__brake_caliper__055.jpg,brake_caliper,2,train,PENDING,false,
gpiosenka/car-parts-40-classes,car parts 50/train/BRAKE CALIPER/056.jpg,ia-service/datasets/annotation_batch/images/brake_caliper/train__brake_caliper__056.jpg,brake_caliper,2,train,PENDING,false,
gpiosenka/car-parts-40-classes,car parts 50/train/BRAKE CALIPER/057.jpg,ia-service/datasets/annotation_batch/images/brake_caliper/train__brake_caliper__057.jpg,brake_caliper,2,train,PENDING,false,
gpiosenka/car-parts-40-classes,car parts 50/train/BRAKE CALIPER/058.jpg,ia-service/datasets/annotation_batch/images/brake_caliper/train__brake_caliper__058.jpg,brake_caliper,2,train,PENDING,false,
gpiosenka/car-parts-40-classes,car parts 50/train/BRAKE CALIPER/059.jpg,ia-service/datasets/annotation_batch/images/brake_caliper/train__brake_caliper__059.jpg,brake_caliper,2,train,PENDING,false,
gpiosenka/car-parts-40-classes,car parts 50/train/BRAKE CALIPER/060.jpg,ia-service/datasets/annotation_batch/images/brake_caliper/train__brake_caliper__060.jpg,brake_caliper,2,train,PENDING,false,
gpiosenka/car-parts-40-classes,car parts 50/train/BRAKE CALIPER/061.jpg,ia-service/datasets/annotation_batch/images/brake_caliper/train__brake_caliper__061.jpg,brake_caliper,2,train,PENDING,false,
gpiosenka/car-parts-40-classes,car parts 50/train/BRAKE CALIPER/062.jpg,ia-service/datasets/annotation_batch/images/brake_caliper/train__brake_caliper__062.jpg,brake_caliper,2,train,PENDING,false,
gpiosenka/car-parts-40-classes,car parts 50/train/BRAKE CALIPER/063.jpg,ia-service/datasets/annotation_batch/images/brake_caliper/train__brake_caliper__063.jpg,brake_caliper,2,train,PENDING,false,
gpiosenka/car-parts-40-classes,car parts 50/train/BRAKE CALIPER/064.jpg,ia-service/datasets/annotation_batch/images/brake_caliper/train__brake_caliper__064.jpg,brake_caliper,2,train,PENDING,false,
gpiosenka/car-parts-40-classes,car parts 50/train/BRAKE CALIPER/065.jpg,ia-service/datasets/annotation_batch/images/brake_caliper/train__brake_caliper__065.jpg,brake_caliper,2,train,PENDING,false,
gpiosenka/car-parts-40-classes,car parts 50/train/BRAKE CALIPER/066.jpg,ia-service/datasets/annotation_batch/images/brake_caliper/train__brake_caliper__066.jpg,brake_caliper,2,train,PENDING,false,
gpiosenka/car-parts-40-classes,car parts 50/train/BRAKE CALIPER/067.jpg,ia-service/datasets/annotation_batch/images/brake_caliper/train__brake_caliper__067.jpg,brake_caliper,2,train,PENDING,false,
gpiosenka/car-parts-40-classes,car parts 50/train/BRAKE CALIPER/068.jpg,ia-service/datasets/annotation_batch/images/brake_caliper/train__brake_caliper__068.jpg,brake_caliper,2,train,PENDING,false,
gpiosenka/car-parts-40-classes,car parts 50/train/BRAKE CALIPER/069.jpg,ia-service/datasets/annotation_batch/images/brake_caliper/train__brake_caliper__069.jpg,brake_caliper,2,train,PENDING,false,
gpiosenka/car-parts-40-classes,car parts 50/train/BRAKE CALIPER/070.jpg,ia-service/datasets/annotation_batch/images/brake_caliper/train__brake_caliper__070.jpg,brake_caliper,2,train,PENDING,false,
gpiosenka/car-parts-40-classes,car parts 50/train/BRAKE CALIPER/071.jpg,ia-service/datasets/annotation_batch/images/brake_caliper/train__brake_caliper__071.jpg,brake_caliper,2,train,PENDING,false,
gpiosenka/car-parts-40-classes,car parts 50/train/BRAKE CALIPER/072.jpg,ia-service/datasets/annotation_batch/images/brake_caliper/train__brake_caliper__072.jpg,brake_caliper,2,train,PENDING,false,
gpiosenka/car-parts-40-classes,car parts 50/train/BRAKE CALIPER/073.jpg,ia-service/datasets/annotation_batch/images/brake_caliper/train__brake_caliper__073.jpg,brake_caliper,2,train,PENDING,false,
gpiosenka/car-parts-40-classes,car parts 50/train/BRAKE CALIPER/074.jpg,ia-service/datasets/annotation_batch/images/brake_caliper/train__brake_caliper__074.jpg,brake_caliper,2,train,PENDING,false,
gpiosenka/car-parts-40-classes,car parts 50/train/BRAKE CALIPER/075.jpg,ia-service/datasets/annotation_batch/images/brake_caliper/train__brake_caliper__075.jpg,brake_caliper,2,train,PENDING,false,
gpiosenka/car-parts-40-classes,car parts 50/train/BRAKE CALIPER/076.jpg,ia-service/datasets/annotation_batch/images/brake_caliper/train__brake_caliper__076.jpg,brake_caliper,2,train,PENDING,false,
gpiosenka/car-parts-40-classes,car parts 50/train/BRAKE CALIPER/077.jpg,ia-service/datasets/annotation_batch/images/brake_caliper/train__brake_caliper__077.jpg,brake_caliper,2,train,PENDING,false,
gpiosenka/car-parts-40-classes,car parts 50/train/BRAKE CALIPER/078.jpg,ia-service/datasets/annotation_batch/images/brake_caliper/train__brake_caliper__078.jpg,brake_caliper,2,train,PENDING,false,
gpiosenka/car-parts-40-classes,car parts 50/train/BRAKE CALIPER/079.jpg,ia-service/datasets/annotation_batch/images/brake_caliper/train__brake_caliper__079.jpg,brake_caliper,2,train,PENDING,false,
gpiosenka/car-parts-40-classes,car parts 50/train/BRAKE CALIPER/080.jpg,ia-service/datasets/annotation_batch/images/brake_caliper/train__brake_caliper__080.jpg,brake_caliper,2,train,PENDING,false,
gpiosenka/car-parts-40-classes,car parts 50/train/BRAKE CALIPER/081.jpg,ia-service/datasets/annotation_batch/images/brake_caliper/train__brake_caliper__081.jpg,brake_caliper,2,train,PENDING,false,
gpiosenka/car-parts-40-classes,car parts 50/train/BRAKE CALIPER/082.jpg,ia-service/datasets/annotation_batch/images/brake_caliper/train__brake_caliper__082.jpg,brake_caliper,2,train,PENDING,false,
gpiosenka/car-parts-40-classes,car parts 50/train/BRAKE CALIPER/083.jpg,ia-service/datasets/annotation_batch/images/brake_caliper/train__brake_caliper__083.jpg,brake_caliper,2,train,PENDING,false,
gpiosenka/car-parts-40-classes,car parts 50/train/BRAKE CALIPER/084.jpg,ia-service/datasets/annotation_batch/images/brake_caliper/train__brake_caliper__084.jpg,brake_caliper,2,train,PENDING,false,
gpiosenka/car-parts-40-classes,car parts 50/train/BRAKE CALIPER/085.jpg,ia-service/datasets/annotation_batch/images/brake_caliper/train__brake_caliper__085.jpg,brake_caliper,2,train,PENDING,false,
gpiosenka/car-parts-40-classes,car parts 50/train/BRAKE CALIPER/086.jpg,ia-service/datasets/annotation_batch/images/brake_caliper/train__brake_caliper__086.jpg,brake_caliper,2,train,PENDING,false,
gpiosenka/car-parts-40-classes,car parts 50/train/BRAKE CALIPER/087.jpg,ia-service/datasets/annotation_batch/images/brake_caliper/train__brake_caliper__087.jpg,brake_caliper,2,train,PENDING,false,
gpiosenka/car-parts-40-classes,car parts 50/train/BRAKE CALIPER/088.jpg,ia-service/datasets/annotation_batch/images/brake_caliper/train__brake_caliper__088.jpg,brake_caliper,2,train,PENDING,false,
gpiosenka/car-parts-40-classes,car parts 50/train/BRAKE CALIPER/089.jpg,ia-service/datasets/annotation_batch/images/brake_caliper/train__brake_caliper__089.jpg,brake_caliper,2,train,PENDING,false,
gpiosenka/car-parts-40-classes,car parts 50/train/BRAKE CALIPER/090.jpg,ia-service/datasets/annotation_batch/images/brake_caliper/train__brake_caliper__090.jpg,brake_caliper,2,train,PENDING,false,
gpiosenka/car-parts-40-classes,car parts 50/valid/BRAKE CALIPER/1.jpg,ia-service/datasets/annotation_batch/images/brake_caliper/valid__brake_caliper__001.jpg,brake_caliper,2,valid,PENDING,false,
gpiosenka/car-parts-40-classes,car parts 50/valid/BRAKE CALIPER/2.jpg,ia-service/datasets/annotation_batch/images/brake_caliper/valid__brake_caliper__002.jpg,brake_caliper,2,valid,PENDING,false,
gpiosenka/car-parts-40-classes,car parts 50/valid/BRAKE CALIPER/3.jpg,ia-service/datasets/annotation_batch/images/brake_caliper/valid__brake_caliper__003.jpg,brake_caliper,2,valid,PENDING,false,
gpiosenka/car-parts-40-classes,car parts 50/valid/BRAKE CALIPER/4.jpg,ia-service/datasets/annotation_batch/images/brake_caliper/valid__brake_caliper__004.jpg,brake_caliper,2,valid,PENDING,false,
gpiosenka/car-parts-40-classes,car parts 50/valid/BRAKE CALIPER/5.jpg,ia-service/datasets/annotation_batch/images/brake_caliper/valid__brake_caliper__005.jpg,brake_caliper,2,valid,PENDING,false,
gpiosenka/car-parts-40-classes,car parts 50/test/BRAKE CALIPER/1.jpg,ia-service/datasets/annotation_batch/images/brake_caliper/test__brake_caliper__001.jpg,brake_caliper,2,test,PENDING,false,
gpiosenka/car-parts-40-classes,car parts 50/test/BRAKE CALIPER/2.jpg,ia-service/datasets/annotation_batch/images/brake_caliper/test__brake_caliper__002.jpg,brake_caliper,2,test,PENDING,false,
gpiosenka/car-parts-40-classes,car parts 50/test/BRAKE CALIPER/3.jpg,ia-service/datasets/annotation_batch/images/brake_caliper/test__brake_caliper__003.jpg,brake_caliper,2,test,PENDING,false,
gpiosenka/car-parts-40-classes,car parts 50/test/BRAKE CALIPER/4.jpg,ia-service/datasets/annotation_batch/images/brake_caliper/test__brake_caliper__004.jpg,brake_caliper,2,test,PENDING,false,
gpiosenka/car-parts-40-classes,car parts 50/test/BRAKE CALIPER/5.jpg,ia-service/datasets/annotation_batch/images/brake_caliper/test__brake_caliper__005.jpg,brake_caliper,2,test,PENDING,false,
gpiosenka/car-parts-40-classes,car parts 50/train/ALTERNATOR/001.jpg,ia-service/datasets/annotation_batch/images/alternator/train__alternator__001.jpg,alternator,3,train,PENDING,false,
gpiosenka/car-parts-40-classes,car parts 50/train/ALTERNATOR/002.jpg,ia-service/datasets/annotation_batch/images/alternator/train__alternator__002.jpg,alternator,3,train,PENDING,false,
gpiosenka/car-parts-40-classes,car parts 50/train/ALTERNATOR/003.jpg,ia-service/datasets/annotation_batch/images/alternator/train__alternator__003.jpg,alternator,3,train,PENDING,false,
gpiosenka/car-parts-40-classes,car parts 50/train/ALTERNATOR/004.jpg,ia-service/datasets/annotation_batch/images/alternator/train__alternator__004.jpg,alternator,3,train,PENDING,false,
gpiosenka/car-parts-40-classes,car parts 50/train/ALTERNATOR/005.jpg,ia-service/datasets/annotation_batch/images/alternator/train__alternator__005.jpg,alternator,3,train,PENDING,false,
gpiosenka/car-parts-40-classes,car parts 50/train/ALTERNATOR/006.jpg,ia-service/datasets/annotation_batch/images/alternator/train__alternator__006.jpg,alternator,3,train,PENDING,false,
gpiosenka/car-parts-40-classes,car parts 50/train/ALTERNATOR/007.jpg,ia-service/datasets/annotation_batch/images/alternator/train__alternator__007.jpg,alternator,3,train,PENDING,false,
gpiosenka/car-parts-40-classes,car parts 50/train/ALTERNATOR/008.jpg,ia-service/datasets/annotation_batch/images/alternator/train__alternator__008.jpg,alternator,3,train,PENDING,false,
gpiosenka/car-parts-40-classes,car parts 50/train/ALTERNATOR/009.jpg,ia-service/datasets/annotation_batch/images/alternator/train__alternator__009.jpg,alternator,3,train,PENDING,false,
gpiosenka/car-parts-40-classes,car parts 50/train/ALTERNATOR/010.jpg,ia-service/datasets/annotation_batch/images/alternator/train__alternator__010.jpg,alternator,3,train,PENDING,false,
gpiosenka/car-parts-40-classes,car parts 50/train/ALTERNATOR/011.jpg,ia-service/datasets/annotation_batch/images/alternator/train__alternator__011.jpg,alternator,3,train,PENDING,false,
gpiosenka/car-parts-40-classes,car parts 50/train/ALTERNATOR/012.jpg,ia-service/datasets/annotation_batch/images/alternator/train__alternator__012.jpg,alternator,3,train,PENDING,false,
gpiosenka/car-parts-40-classes,car parts 50/train/ALTERNATOR/013.jpg,ia-service/datasets/annotation_batch/images/alternator/train__alternator__013.jpg,alternator,3,train,PENDING,false,
gpiosenka/car-parts-40-classes,car parts 50/train/ALTERNATOR/014.jpg,ia-service/datasets/annotation_batch/images/alternator/train__alternator__014.jpg,alternator,3,train,PENDING,false,
gpiosenka/car-parts-40-classes,car parts 50/train/ALTERNATOR/015.jpg,ia-service/datasets/annotation_batch/images/alternator/train__alternator__015.jpg,alternator,3,train,PENDING,false,
gpiosenka/car-parts-40-classes,car parts 50/train/ALTERNATOR/016.jpg,ia-service/datasets/annotation_batch/images/alternator/train__alternator__016.jpg,alternator,3,train,PENDING,false,
gpiosenka/car-parts-40-classes,car parts 50/train/ALTERNATOR/017.jpg,ia-service/datasets/annotation_batch/images/alternator/train__alternator__017.jpg,alternator,3,train,PENDING,false,
gpiosenka/car-parts-40-classes,car parts 50/train/ALTERNATOR/018.jpg,ia-service/datasets/annotation_batch/images/alternator/train__alternator__018.jpg,alternator,3,train,PENDING,false,
gpiosenka/car-parts-40-classes,car parts 50/train/ALTERNATOR/019.jpg,ia-service/datasets/annotation_batch/images/alternator/train__alternator__019.jpg,alternator,3,train,PENDING,false,
gpiosenka/car-parts-40-classes,car parts 50/train/ALTERNATOR/020.jpg,ia-service/datasets/annotation_batch/images/alternator/train__alternator__020.jpg,alternator,3,train,PENDING,false,
gpiosenka/car-parts-40-classes,car parts 50/train/ALTERNATOR/021.jpg,ia-service/datasets/annotation_batch/images/alternator/train__alternator__021.jpg,alternator,3,train,PENDING,false,
gpiosenka/car-parts-40-classes,car parts 50/train/ALTERNATOR/022.jpg,ia-service/datasets/annotation_batch/images/alternator/train__alternator__022.jpg,alternator,3,train,PENDING,false,
gpiosenka/car-parts-40-classes,car parts 50/train/ALTERNATOR/023.jpg,ia-service/datasets/annotation_batch/images/alternator/train__alternator__023.jpg,alternator,3,train,PENDING,false,
gpiosenka/car-parts-40-classes,car parts 50/train/ALTERNATOR/024.jpg,ia-service/datasets/annotation_batch/images/alternator/train__alternator__024.jpg,alternator,3,train,PENDING,false,
gpiosenka/car-parts-40-classes,car parts 50/train/ALTERNATOR/025.jpg,ia-service/datasets/annotation_batch/images/alternator/train__alternator__025.jpg,alternator,3,train,PENDING,false,
gpiosenka/car-parts-40-classes,car parts 50/train/ALTERNATOR/026.jpg,ia-service/datasets/annotation_batch/images/alternator/train__alternator__026.jpg,alternator,3,train,PENDING,false,
gpiosenka/car-parts-40-classes,car parts 50/train/ALTERNATOR/027.jpg,ia-service/datasets/annotation_batch/images/alternator/train__alternator__027.jpg,alternator,3,train,PENDING,false,
gpiosenka/car-parts-40-classes,car parts 50/train/ALTERNATOR/028.jpg,ia-service/datasets/annotation_batch/images/alternator/train__alternator__028.jpg,alternator,3,train,PENDING,false,
gpiosenka/car-parts-40-classes,car parts 50/train/ALTERNATOR/029.jpg,ia-service/datasets/annotation_batch/images/alternator/train__alternator__029.jpg,alternator,3,train,PENDING,false,
gpiosenka/car-parts-40-classes,car parts 50/train/ALTERNATOR/030.jpg,ia-service/datasets/annotation_batch/images/alternator/train__alternator__030.jpg,alternator,3,train,PENDING,false,
gpiosenka/car-parts-40-classes,car parts 50/train/ALTERNATOR/031.jpg,ia-service/datasets/annotation_batch/images/alternator/train__alternator__031.jpg,alternator,3,train,PENDING,false,
gpiosenka/car-parts-40-classes,car parts 50/train/ALTERNATOR/032.jpg,ia-service/datasets/annotation_batch/images/alternator/train__alternator__032.jpg,alternator,3,train,PENDING,false,
gpiosenka/car-parts-40-classes,car parts 50/train/ALTERNATOR/033.jpg,ia-service/datasets/annotation_batch/images/alternator/train__alternator__033.jpg,alternator,3,train,PENDING,false,
gpiosenka/car-parts-40-classes,car parts 50/train/ALTERNATOR/034.jpg,ia-service/datasets/annotation_batch/images/alternator/train__alternator__034.jpg,alternator,3,train,PENDING,false,
gpiosenka/car-parts-40-classes,car parts 50/train/ALTERNATOR/035.jpg,ia-service/datasets/annotation_batch/images/alternator/train__alternator__035.jpg,alternator,3,train,PENDING,false,
gpiosenka/car-parts-40-classes,car parts 50/train/ALTERNATOR/036.jpg,ia-service/datasets/annotation_batch/images/alternator/train__alternator__036.jpg,alternator,3,train,PENDING,false,
gpiosenka/car-parts-40-classes,car parts 50/train/ALTERNATOR/037.jpg,ia-service/datasets/annotation_batch/images/alternator/train__alternator__037.jpg,alternator,3,train,PENDING,false,
gpiosenka/car-parts-40-classes,car parts 50/train/ALTERNATOR/038.jpg,ia-service/datasets/annotation_batch/images/alternator/train__alternator__038.jpg,alternator,3,train,PENDING,false,
gpiosenka/car-parts-40-classes,car parts 50/train/ALTERNATOR/039.jpg,ia-service/datasets/annotation_batch/images/alternator/train__alternator__039.jpg,alternator,3,train,PENDING,false,
gpiosenka/car-parts-40-classes,car parts 50/train/ALTERNATOR/040.jpg,ia-service/datasets/annotation_batch/images/alternator/train__alternator__040.jpg,alternator,3,train,PENDING,false,
gpiosenka/car-parts-40-classes,car parts 50/train/ALTERNATOR/041.jpg,ia-service/datasets/annotation_batch/images/alternator/train__alternator__041.jpg,alternator,3,train,PENDING,false,
gpiosenka/car-parts-40-classes,car parts 50/train/ALTERNATOR/042.jpg,ia-service/datasets/annotation_batch/images/alternator/train__alternator__042.jpg,alternator,3,train,PENDING,false,
gpiosenka/car-parts-40-classes,car parts 50/train/ALTERNATOR/043.jpg,ia-service/datasets/annotation_batch/images/alternator/train__alternator__043.jpg,alternator,3,train,PENDING,false,
gpiosenka/car-parts-40-classes,car parts 50/train/ALTERNATOR/044.jpg,ia-service/datasets/annotation_batch/images/alternator/train__alternator__044.jpg,alternator,3,train,PENDING,false,
gpiosenka/car-parts-40-classes,car parts 50/train/ALTERNATOR/045.jpg,ia-service/datasets/annotation_batch/images/alternator/train__alternator__045.jpg,alternator,3,train,PENDING,false,
gpiosenka/car-parts-40-classes,car parts 50/train/ALTERNATOR/046.jpg,ia-service/datasets/annotation_batch/images/alternator/train__alternator__046.jpg,alternator,3,train,PENDING,false,
gpiosenka/car-parts-40-classes,car parts 50/train/ALTERNATOR/047.jpg,ia-service/datasets/annotation_batch/images/alternator/train__alternator__047.jpg,alternator,3,train,PENDING,false,
gpiosenka/car-parts-40-classes,car parts 50/train/ALTERNATOR/048.jpg,ia-service/datasets/annotation_batch/images/alternator/train__alternator__048.jpg,alternator,3,train,PENDING,false,
gpiosenka/car-parts-40-classes,car parts 50/train/ALTERNATOR/049.jpg,ia-service/datasets/annotation_batch/images/alternator/train__alternator__049.jpg,alternator,3,train,PENDING,false,
gpiosenka/car-parts-40-classes,car parts 50/train/ALTERNATOR/050.jpg,ia-service/datasets/annotation_batch/images/alternator/train__alternator__050.jpg,alternator,3,train,PENDING,false,
gpiosenka/car-parts-40-classes,car parts 50/train/ALTERNATOR/051.jpg,ia-service/datasets/annotation_batch/images/alternator/train__alternator__051.jpg,alternator,3,train,PENDING,false,
gpiosenka/car-parts-40-classes,car parts 50/train/ALTERNATOR/052.jpg,ia-service/datasets/annotation_batch/images/alternator/train__alternator__052.jpg,alternator,3,train,PENDING,false,
gpiosenka/car-parts-40-classes,car parts 50/train/ALTERNATOR/053.jpg,ia-service/datasets/annotation_batch/images/alternator/train__alternator__053.jpg,alternator,3,train,PENDING,false,
gpiosenka/car-parts-40-classes,car parts 50/train/ALTERNATOR/054.jpg,ia-service/datasets/annotation_batch/images/alternator/train__alternator__054.jpg,alternator,3,train,PENDING,false,
gpiosenka/car-parts-40-classes,car parts 50/train/ALTERNATOR/055.jpg,ia-service/datasets/annotation_batch/images/alternator/train__alternator__055.jpg,alternator,3,train,PENDING,false,
gpiosenka/car-parts-40-classes,car parts 50/train/ALTERNATOR/056.jpg,ia-service/datasets/annotation_batch/images/alternator/train__alternator__056.jpg,alternator,3,train,PENDING,false,
gpiosenka/car-parts-40-classes,car parts 50/train/ALTERNATOR/057.jpg,ia-service/datasets/annotation_batch/images/alternator/train__alternator__057.jpg,alternator,3,train,PENDING,false,
gpiosenka/car-parts-40-classes,car parts 50/train/ALTERNATOR/058.jpg,ia-service/datasets/annotation_batch/images/alternator/train__alternator__058.jpg,alternator,3,train,PENDING,false,
gpiosenka/car-parts-40-classes,car parts 50/train/ALTERNATOR/059.jpg,ia-service/datasets/annotation_batch/images/alternator/train__alternator__059.jpg,alternator,3,train,PENDING,false,
gpiosenka/car-parts-40-classes,car parts 50/train/ALTERNATOR/060.jpg,ia-service/datasets/annotation_batch/images/alternator/train__alternator__060.jpg,alternator,3,train,PENDING,false,
gpiosenka/car-parts-40-classes,car parts 50/train/ALTERNATOR/061.jpg,ia-service/datasets/annotation_batch/images/alternator/train__alternator__061.jpg,alternator,3,train,PENDING,false,
gpiosenka/car-parts-40-classes,car parts 50/train/ALTERNATOR/062.jpg,ia-service/datasets/annotation_batch/images/alternator/train__alternator__062.jpg,alternator,3,train,PENDING,false,
gpiosenka/car-parts-40-classes,car parts 50/train/ALTERNATOR/063.jpg,ia-service/datasets/annotation_batch/images/alternator/train__alternator__063.jpg,alternator,3,train,PENDING,false,
gpiosenka/car-parts-40-classes,car parts 50/train/ALTERNATOR/064.jpg,ia-service/datasets/annotation_batch/images/alternator/train__alternator__064.jpg,alternator,3,train,PENDING,false,
gpiosenka/car-parts-40-classes,car parts 50/train/ALTERNATOR/065.jpg,ia-service/datasets/annotation_batch/images/alternator/train__alternator__065.jpg,alternator,3,train,PENDING,false,
gpiosenka/car-parts-40-classes,car parts 50/train/ALTERNATOR/066.jpg,ia-service/datasets/annotation_batch/images/alternator/train__alternator__066.jpg,alternator,3,train,PENDING,false,
gpiosenka/car-parts-40-classes,car parts 50/train/ALTERNATOR/067.jpg,ia-service/datasets/annotation_batch/images/alternator/train__alternator__067.jpg,alternator,3,train,PENDING,false,
gpiosenka/car-parts-40-classes,car parts 50/train/ALTERNATOR/068.jpg,ia-service/datasets/annotation_batch/images/alternator/train__alternator__068.jpg,alternator,3,train,PENDING,false,
gpiosenka/car-parts-40-classes,car parts 50/train/ALTERNATOR/069.jpg,ia-service/datasets/annotation_batch/images/alternator/train__alternator__069.jpg,alternator,3,train,PENDING,false,
gpiosenka/car-parts-40-classes,car parts 50/train/ALTERNATOR/070.jpg,ia-service/datasets/annotation_batch/images/alternator/train__alternator__070.jpg,alternator,3,train,PENDING,false,
gpiosenka/car-parts-40-classes,car parts 50/train/ALTERNATOR/071.jpg,ia-service/datasets/annotation_batch/images/alternator/train__alternator__071.jpg,alternator,3,train,PENDING,false,
gpiosenka/car-parts-40-classes,car parts 50/train/ALTERNATOR/072.jpg,ia-service/datasets/annotation_batch/images/alternator/train__alternator__072.jpg,alternator,3,train,PENDING,false,
gpiosenka/car-parts-40-classes,car parts 50/train/ALTERNATOR/073.jpg,ia-service/datasets/annotation_batch/images/alternator/train__alternator__073.jpg,alternator,3,train,PENDING,false,
gpiosenka/car-parts-40-classes,car parts 50/train/ALTERNATOR/074.jpg,ia-service/datasets/annotation_batch/images/alternator/train__alternator__074.jpg,alternator,3,train,PENDING,false,
gpiosenka/car-parts-40-classes,car parts 50/train/ALTERNATOR/075.jpg,ia-service/datasets/annotation_batch/images/alternator/train__alternator__075.jpg,alternator,3,train,PENDING,false,
gpiosenka/car-parts-40-classes,car parts 50/train/ALTERNATOR/076.jpg,ia-service/datasets/annotation_batch/images/alternator/train__alternator__076.jpg,alternator,3,train,PENDING,false,
gpiosenka/car-parts-40-classes,car parts 50/train/ALTERNATOR/077.jpg,ia-service/datasets/annotation_batch/images/alternator/train__alternator__077.jpg,alternator,3,train,PENDING,false,
gpiosenka/car-parts-40-classes,car parts 50/train/ALTERNATOR/078.jpg,ia-service/datasets/annotation_batch/images/alternator/train__alternator__078.jpg,alternator,3,train,PENDING,false,
gpiosenka/car-parts-40-classes,car parts 50/train/ALTERNATOR/079.jpg,ia-service/datasets/annotation_batch/images/alternator/train__alternator__079.jpg,alternator,3,train,PENDING,false,
gpiosenka/car-parts-40-classes,car parts 50/train/ALTERNATOR/080.jpg,ia-service/datasets/annotation_batch/images/alternator/train__alternator__080.jpg,alternator,3,train,PENDING,false,
gpiosenka/car-parts-40-classes,car parts 50/train/ALTERNATOR/081.jpg,ia-service/datasets/annotation_batch/images/alternator/train__alternator__081.jpg,alternator,3,train,PENDING,false,
gpiosenka/car-parts-40-classes,car parts 50/train/ALTERNATOR/082.jpg,ia-service/datasets/annotation_batch/images/alternator/train__alternator__082.jpg,alternator,3,train,PENDING,false,
gpiosenka/car-parts-40-classes,car parts 50/train/ALTERNATOR/083.jpg,ia-service/datasets/annotation_batch/images/alternator/train__alternator__083.jpg,alternator,3,train,PENDING,false,
gpiosenka/car-parts-40-classes,car parts 50/train/ALTERNATOR/084.jpg,ia-service/datasets/annotation_batch/images/alternator/train__alternator__084.jpg,alternator,3,train,PENDING,false,
gpiosenka/car-parts-40-classes,car parts 50/train/ALTERNATOR/085.jpg,ia-service/datasets/annotation_batch/images/alternator/train__alternator__085.jpg,alternator,3,train,PENDING,false,
gpiosenka/car-parts-40-classes,car parts 50/train/ALTERNATOR/086.jpg,ia-service/datasets/annotation_batch/images/alternator/train__alternator__086.jpg,alternator,3,train,PENDING,false,
gpiosenka/car-parts-40-classes,car parts 50/train/ALTERNATOR/087.jpg,ia-service/datasets/annotation_batch/images/alternator/train__alternator__087.jpg,alternator,3,train,PENDING,false,
gpiosenka/car-parts-40-classes,car parts 50/train/ALTERNATOR/088.jpg,ia-service/datasets/annotation_batch/images/alternator/train__alternator__088.jpg,alternator,3,train,PENDING,false,
gpiosenka/car-parts-40-classes,car parts 50/train/ALTERNATOR/089.jpg,ia-service/datasets/annotation_batch/images/alternator/train__alternator__089.jpg,alternator,3,train,PENDING,false,
gpiosenka/car-parts-40-classes,car parts 50/train/ALTERNATOR/090.jpg,ia-service/datasets/annotation_batch/images/alternator/train__alternator__090.jpg,alternator,3,train,PENDING,false,
gpiosenka/car-parts-40-classes,car parts 50/valid/ALTERNATOR/1.jpg,ia-service/datasets/annotation_batch/images/alternator/valid__alternator__001.jpg,alternator,3,valid,PENDING,false,
gpiosenka/car-parts-40-classes,car parts 50/valid/ALTERNATOR/2.jpg,ia-service/datasets/annotation_batch/images/alternator/valid__alternator__002.jpg,alternator,3,valid,PENDING,false,
gpiosenka/car-parts-40-classes,car parts 50/valid/ALTERNATOR/3.jpg,ia-service/datasets/annotation_batch/images/alternator/valid__alternator__003.jpg,alternator,3,valid,PENDING,false,
gpiosenka/car-parts-40-classes,car parts 50/valid/ALTERNATOR/4.jpg,ia-service/datasets/annotation_batch/images/alternator/valid__alternator__004.jpg,alternator,3,valid,PENDING,false,
gpiosenka/car-parts-40-classes,car parts 50/valid/ALTERNATOR/5.jpg,ia-service/datasets/annotation_batch/images/alternator/valid__alternator__005.jpg,alternator,3,valid,PENDING,false,
gpiosenka/car-parts-40-classes,car parts 50/test/ALTERNATOR/1.jpg,ia-service/datasets/annotation_batch/images/alternator/test__alternator__001.jpg,alternator,3,test,PENDING,false,
gpiosenka/car-parts-40-classes,car parts 50/test/ALTERNATOR/2.jpg,ia-service/datasets/annotation_batch/images/alternator/test__alternator__002.jpg,alternator,3,test,PENDING,false,
gpiosenka/car-parts-40-classes,car parts 50/test/ALTERNATOR/3.jpg,ia-service/datasets/annotation_batch/images/alternator/test__alternator__003.jpg,alternator,3,test,PENDING,false,
gpiosenka/car-parts-40-classes,car parts 50/test/ALTERNATOR/4.jpg,ia-service/datasets/annotation_batch/images/alternator/test__alternator__004.jpg,alternator,3,test,PENDING,false,
gpiosenka/car-parts-40-classes,car parts 50/test/ALTERNATOR/5.jpg,ia-service/datasets/annotation_batch/images/alternator/test__alternator__005.jpg,alternator,3,test,PENDING,false,
gpiosenka/car-parts-40-classes,car parts 50/train/OIL FILTER/001.jpg,ia-service/datasets/annotation_batch/images/oil_filter/train__oil_filter__001.jpg,oil_filter,4,train,PENDING,false,
gpiosenka/car-parts-40-classes,car parts 50/train/OIL FILTER/002.jpg,ia-service/datasets/annotation_batch/images/oil_filter/train__oil_filter__002.jpg,oil_filter,4,train,PENDING,false,
gpiosenka/car-parts-40-classes,car parts 50/train/OIL FILTER/003.jpg,ia-service/datasets/annotation_batch/images/oil_filter/train__oil_filter__003.jpg,oil_filter,4,train,PENDING,false,
gpiosenka/car-parts-40-classes,car parts 50/train/OIL FILTER/004.jpg,ia-service/datasets/annotation_batch/images/oil_filter/train__oil_filter__004.jpg,oil_filter,4,train,PENDING,false,
gpiosenka/car-parts-40-classes,car parts 50/train/OIL FILTER/005.jpg,ia-service/datasets/annotation_batch/images/oil_filter/train__oil_filter__005.jpg,oil_filter,4,train,PENDING,false,
gpiosenka/car-parts-40-classes,car parts 50/train/OIL FILTER/006.jpg,ia-service/datasets/annotation_batch/images/oil_filter/train__oil_filter__006.jpg,oil_filter,4,train,PENDING,false,
gpiosenka/car-parts-40-classes,car parts 50/train/OIL FILTER/007.jpg,ia-service/datasets/annotation_batch/images/oil_filter/train__oil_filter__007.jpg,oil_filter,4,train,PENDING,false,
gpiosenka/car-parts-40-classes,car parts 50/train/OIL FILTER/008.jpg,ia-service/datasets/annotation_batch/images/oil_filter/train__oil_filter__008.jpg,oil_filter,4,train,PENDING,false,
gpiosenka/car-parts-40-classes,car parts 50/train/OIL FILTER/009.jpg,ia-service/datasets/annotation_batch/images/oil_filter/train__oil_filter__009.jpg,oil_filter,4,train,PENDING,false,
gpiosenka/car-parts-40-classes,car parts 50/train/OIL FILTER/010.jpg,ia-service/datasets/annotation_batch/images/oil_filter/train__oil_filter__010.jpg,oil_filter,4,train,PENDING,false,
gpiosenka/car-parts-40-classes,car parts 50/train/OIL FILTER/011.jpg,ia-service/datasets/annotation_batch/images/oil_filter/train__oil_filter__011.jpg,oil_filter,4,train,PENDING,false,
gpiosenka/car-parts-40-classes,car parts 50/train/OIL FILTER/012.jpg,ia-service/datasets/annotation_batch/images/oil_filter/train__oil_filter__012.jpg,oil_filter,4,train,PENDING,false,
gpiosenka/car-parts-40-classes,car parts 50/train/OIL FILTER/013.jpg,ia-service/datasets/annotation_batch/images/oil_filter/train__oil_filter__013.jpg,oil_filter,4,train,PENDING,false,
gpiosenka/car-parts-40-classes,car parts 50/train/OIL FILTER/014.jpg,ia-service/datasets/annotation_batch/images/oil_filter/train__oil_filter__014.jpg,oil_filter,4,train,PENDING,false,
gpiosenka/car-parts-40-classes,car parts 50/train/OIL FILTER/015.jpg,ia-service/datasets/annotation_batch/images/oil_filter/train__oil_filter__015.jpg,oil_filter,4,train,PENDING,false,
gpiosenka/car-parts-40-classes,car parts 50/train/OIL FILTER/016.jpg,ia-service/datasets/annotation_batch/images/oil_filter/train__oil_filter__016.jpg,oil_filter,4,train,PENDING,false,
gpiosenka/car-parts-40-classes,car parts 50/train/OIL FILTER/017.jpg,ia-service/datasets/annotation_batch/images/oil_filter/train__oil_filter__017.jpg,oil_filter,4,train,PENDING,false,
gpiosenka/car-parts-40-classes,car parts 50/train/OIL FILTER/018.jpg,ia-service/datasets/annotation_batch/images/oil_filter/train__oil_filter__018.jpg,oil_filter,4,train,PENDING,false,
gpiosenka/car-parts-40-classes,car parts 50/train/OIL FILTER/019.jpg,ia-service/datasets/annotation_batch/images/oil_filter/train__oil_filter__019.jpg,oil_filter,4,train,PENDING,false,
gpiosenka/car-parts-40-classes,car parts 50/train/OIL FILTER/020.jpg,ia-service/datasets/annotation_batch/images/oil_filter/train__oil_filter__020.jpg,oil_filter,4,train,PENDING,false,
gpiosenka/car-parts-40-classes,car parts 50/train/OIL FILTER/021.jpg,ia-service/datasets/annotation_batch/images/oil_filter/train__oil_filter__021.jpg,oil_filter,4,train,PENDING,false,
gpiosenka/car-parts-40-classes,car parts 50/train/OIL FILTER/022.jpg,ia-service/datasets/annotation_batch/images/oil_filter/train__oil_filter__022.jpg,oil_filter,4,train,PENDING,false,
gpiosenka/car-parts-40-classes,car parts 50/train/OIL FILTER/023.jpg,ia-service/datasets/annotation_batch/images/oil_filter/train__oil_filter__023.jpg,oil_filter,4,train,PENDING,false,
gpiosenka/car-parts-40-classes,car parts 50/train/OIL FILTER/024.jpg,ia-service/datasets/annotation_batch/images/oil_filter/train__oil_filter__024.jpg,oil_filter,4,train,PENDING,false,
gpiosenka/car-parts-40-classes,car parts 50/train/OIL FILTER/025.jpg,ia-service/datasets/annotation_batch/images/oil_filter/train__oil_filter__025.jpg,oil_filter,4,train,PENDING,false,
gpiosenka/car-parts-40-classes,car parts 50/train/OIL FILTER/026.jpg,ia-service/datasets/annotation_batch/images/oil_filter/train__oil_filter__026.jpg,oil_filter,4,train,PENDING,false,
gpiosenka/car-parts-40-classes,car parts 50/train/OIL FILTER/027.jpg,ia-service/datasets/annotation_batch/images/oil_filter/train__oil_filter__027.jpg,oil_filter,4,train,PENDING,false,
gpiosenka/car-parts-40-classes,car parts 50/train/OIL FILTER/028.jpg,ia-service/datasets/annotation_batch/images/oil_filter/train__oil_filter__028.jpg,oil_filter,4,train,PENDING,false,
gpiosenka/car-parts-40-classes,car parts 50/train/OIL FILTER/029.jpg,ia-service/datasets/annotation_batch/images/oil_filter/train__oil_filter__029.jpg,oil_filter,4,train,PENDING,false,
gpiosenka/car-parts-40-classes,car parts 50/train/OIL FILTER/030.jpg,ia-service/datasets/annotation_batch/images/oil_filter/train__oil_filter__030.jpg,oil_filter,4,train,PENDING,false,
gpiosenka/car-parts-40-classes,car parts 50/train/OIL FILTER/031.jpg,ia-service/datasets/annotation_batch/images/oil_filter/train__oil_filter__031.jpg,oil_filter,4,train,PENDING,false,
gpiosenka/car-parts-40-classes,car parts 50/train/OIL FILTER/032.jpg,ia-service/datasets/annotation_batch/images/oil_filter/train__oil_filter__032.jpg,oil_filter,4,train,PENDING,false,
gpiosenka/car-parts-40-classes,car parts 50/train/OIL FILTER/033.jpg,ia-service/datasets/annotation_batch/images/oil_filter/train__oil_filter__033.jpg,oil_filter,4,train,PENDING,false,
gpiosenka/car-parts-40-classes,car parts 50/train/OIL FILTER/034.jpg,ia-service/datasets/annotation_batch/images/oil_filter/train__oil_filter__034.jpg,oil_filter,4,train,PENDING,false,
gpiosenka/car-parts-40-classes,car parts 50/train/OIL FILTER/035.jpg,ia-service/datasets/annotation_batch/images/oil_filter/train__oil_filter__035.jpg,oil_filter,4,train,PENDING,false,
gpiosenka/car-parts-40-classes,car parts 50/train/OIL FILTER/036.jpg,ia-service/datasets/annotation_batch/images/oil_filter/train__oil_filter__036.jpg,oil_filter,4,train,PENDING,false,
gpiosenka/car-parts-40-classes,car parts 50/train/OIL FILTER/037.jpg,ia-service/datasets/annotation_batch/images/oil_filter/train__oil_filter__037.jpg,oil_filter,4,train,PENDING,false,
gpiosenka/car-parts-40-classes,car parts 50/train/OIL FILTER/038.jpg,ia-service/datasets/annotation_batch/images/oil_filter/train__oil_filter__038.jpg,oil_filter,4,train,PENDING,false,
gpiosenka/car-parts-40-classes,car parts 50/train/OIL FILTER/039.jpg,ia-service/datasets/annotation_batch/images/oil_filter/train__oil_filter__039.jpg,oil_filter,4,train,PENDING,false,
gpiosenka/car-parts-40-classes,car parts 50/train/OIL FILTER/040.jpg,ia-service/datasets/annotation_batch/images/oil_filter/train__oil_filter__040.jpg,oil_filter,4,train,PENDING,false,
gpiosenka/car-parts-40-classes,car parts 50/train/OIL FILTER/041.jpg,ia-service/datasets/annotation_batch/images/oil_filter/train__oil_filter__041.jpg,oil_filter,4,train,PENDING,false,
gpiosenka/car-parts-40-classes,car parts 50/train/OIL FILTER/042.jpg,ia-service/datasets/annotation_batch/images/oil_filter/train__oil_filter__042.jpg,oil_filter,4,train,PENDING,false,
gpiosenka/car-parts-40-classes,car parts 50/train/OIL FILTER/043.jpg,ia-service/datasets/annotation_batch/images/oil_filter/train__oil_filter__043.jpg,oil_filter,4,train,PENDING,false,
gpiosenka/car-parts-40-classes,car parts 50/train/OIL FILTER/044.jpg,ia-service/datasets/annotation_batch/images/oil_filter/train__oil_filter__044.jpg,oil_filter,4,train,PENDING,false,
gpiosenka/car-parts-40-classes,car parts 50/train/OIL FILTER/045.jpg,ia-service/datasets/annotation_batch/images/oil_filter/train__oil_filter__045.jpg,oil_filter,4,train,PENDING,false,
gpiosenka/car-parts-40-classes,car parts 50/train/OIL FILTER/046.jpg,ia-service/datasets/annotation_batch/images/oil_filter/train__oil_filter__046.jpg,oil_filter,4,train,PENDING,false,
gpiosenka/car-parts-40-classes,car parts 50/train/OIL FILTER/047.jpg,ia-service/datasets/annotation_batch/images/oil_filter/train__oil_filter__047.jpg,oil_filter,4,train,PENDING,false,
gpiosenka/car-parts-40-classes,car parts 50/train/OIL FILTER/048.jpg,ia-service/datasets/annotation_batch/images/oil_filter/train__oil_filter__048.jpg,oil_filter,4,train,PENDING,false,
gpiosenka/car-parts-40-classes,car parts 50/train/OIL FILTER/049.jpg,ia-service/datasets/annotation_batch/images/oil_filter/train__oil_filter__049.jpg,oil_filter,4,train,PENDING,false,
gpiosenka/car-parts-40-classes,car parts 50/train/OIL FILTER/050.jpg,ia-service/datasets/annotation_batch/images/oil_filter/train__oil_filter__050.jpg,oil_filter,4,train,PENDING,false,
gpiosenka/car-parts-40-classes,car parts 50/train/OIL FILTER/051.jpg,ia-service/datasets/annotation_batch/images/oil_filter/train__oil_filter__051.jpg,oil_filter,4,train,PENDING,false,
gpiosenka/car-parts-40-classes,car parts 50/train/OIL FILTER/052.jpg,ia-service/datasets/annotation_batch/images/oil_filter/train__oil_filter__052.jpg,oil_filter,4,train,PENDING,false,
gpiosenka/car-parts-40-classes,car parts 50/train/OIL FILTER/053.jpg,ia-service/datasets/annotation_batch/images/oil_filter/train__oil_filter__053.jpg,oil_filter,4,train,PENDING,false,
gpiosenka/car-parts-40-classes,car parts 50/train/OIL FILTER/054.jpg,ia-service/datasets/annotation_batch/images/oil_filter/train__oil_filter__054.jpg,oil_filter,4,train,PENDING,false,
gpiosenka/car-parts-40-classes,car parts 50/train/OIL FILTER/055.jpg,ia-service/datasets/annotation_batch/images/oil_filter/train__oil_filter__055.jpg,oil_filter,4,train,PENDING,false,
gpiosenka/car-parts-40-classes,car parts 50/train/OIL FILTER/056.jpg,ia-service/datasets/annotation_batch/images/oil_filter/train__oil_filter__056.jpg,oil_filter,4,train,PENDING,false,
gpiosenka/car-parts-40-classes,car parts 50/train/OIL FILTER/057.jpg,ia-service/datasets/annotation_batch/images/oil_filter/train__oil_filter__057.jpg,oil_filter,4,train,PENDING,false,
gpiosenka/car-parts-40-classes,car parts 50/train/OIL FILTER/058.jpg,ia-service/datasets/annotation_batch/images/oil_filter/train__oil_filter__058.jpg,oil_filter,4,train,PENDING,false,
gpiosenka/car-parts-40-classes,car parts 50/train/OIL FILTER/059.jpg,ia-service/datasets/annotation_batch/images/oil_filter/train__oil_filter__059.jpg,oil_filter,4,train,PENDING,false,
gpiosenka/car-parts-40-classes,car parts 50/train/OIL FILTER/060.jpg,ia-service/datasets/annotation_batch/images/oil_filter/train__oil_filter__060.jpg,oil_filter,4,train,PENDING,false,
gpiosenka/car-parts-40-classes,car parts 50/train/OIL FILTER/061.jpg,ia-service/datasets/annotation_batch/images/oil_filter/train__oil_filter__061.jpg,oil_filter,4,train,PENDING,false,
gpiosenka/car-parts-40-classes,car parts 50/train/OIL FILTER/062.jpg,ia-service/datasets/annotation_batch/images/oil_filter/train__oil_filter__062.jpg,oil_filter,4,train,PENDING,false,
gpiosenka/car-parts-40-classes,car parts 50/train/OIL FILTER/063.jpg,ia-service/datasets/annotation_batch/images/oil_filter/train__oil_filter__063.jpg,oil_filter,4,train,PENDING,false,
gpiosenka/car-parts-40-classes,car parts 50/train/OIL FILTER/064.jpg,ia-service/datasets/annotation_batch/images/oil_filter/train__oil_filter__064.jpg,oil_filter,4,train,PENDING,false,
gpiosenka/car-parts-40-classes,car parts 50/train/OIL FILTER/065.jpg,ia-service/datasets/annotation_batch/images/oil_filter/train__oil_filter__065.jpg,oil_filter,4,train,PENDING,false,
gpiosenka/car-parts-40-classes,car parts 50/train/OIL FILTER/066.jpg,ia-service/datasets/annotation_batch/images/oil_filter/train__oil_filter__066.jpg,oil_filter,4,train,PENDING,false,
gpiosenka/car-parts-40-classes,car parts 50/train/OIL FILTER/067.jpg,ia-service/datasets/annotation_batch/images/oil_filter/train__oil_filter__067.jpg,oil_filter,4,train,PENDING,false,
gpiosenka/car-parts-40-classes,car parts 50/train/OIL FILTER/068.jpg,ia-service/datasets/annotation_batch/images/oil_filter/train__oil_filter__068.jpg,oil_filter,4,train,PENDING,false,
gpiosenka/car-parts-40-classes,car parts 50/train/OIL FILTER/069.jpg,ia-service/datasets/annotation_batch/images/oil_filter/train__oil_filter__069.jpg,oil_filter,4,train,PENDING,false,
gpiosenka/car-parts-40-classes,car parts 50/train/OIL FILTER/070.jpg,ia-service/datasets/annotation_batch/images/oil_filter/train__oil_filter__070.jpg,oil_filter,4,train,PENDING,false,
gpiosenka/car-parts-40-classes,car parts 50/train/OIL FILTER/071.jpg,ia-service/datasets/annotation_batch/images/oil_filter/train__oil_filter__071.jpg,oil_filter,4,train,PENDING,false,
gpiosenka/car-parts-40-classes,car parts 50/train/OIL FILTER/072.jpg,ia-service/datasets/annotation_batch/images/oil_filter/train__oil_filter__072.jpg,oil_filter,4,train,PENDING,false,
gpiosenka/car-parts-40-classes,car parts 50/train/OIL FILTER/073.jpg,ia-service/datasets/annotation_batch/images/oil_filter/train__oil_filter__073.jpg,oil_filter,4,train,PENDING,false,
gpiosenka/car-parts-40-classes,car parts 50/train/OIL FILTER/074.jpg,ia-service/datasets/annotation_batch/images/oil_filter/train__oil_filter__074.jpg,oil_filter,4,train,PENDING,false,
gpiosenka/car-parts-40-classes,car parts 50/train/OIL FILTER/075.jpg,ia-service/datasets/annotation_batch/images/oil_filter/train__oil_filter__075.jpg,oil_filter,4,train,PENDING,false,
gpiosenka/car-parts-40-classes,car parts 50/train/OIL FILTER/076.jpg,ia-service/datasets/annotation_batch/images/oil_filter/train__oil_filter__076.jpg,oil_filter,4,train,PENDING,false,
gpiosenka/car-parts-40-classes,car parts 50/train/OIL FILTER/077.jpg,ia-service/datasets/annotation_batch/images/oil_filter/train__oil_filter__077.jpg,oil_filter,4,train,PENDING,false,
gpiosenka/car-parts-40-classes,car parts 50/train/OIL FILTER/078.jpg,ia-service/datasets/annotation_batch/images/oil_filter/train__oil_filter__078.jpg,oil_filter,4,train,PENDING,false,
gpiosenka/car-parts-40-classes,car parts 50/train/OIL FILTER/079.jpg,ia-service/datasets/annotation_batch/images/oil_filter/train__oil_filter__079.jpg,oil_filter,4,train,PENDING,false,
gpiosenka/car-parts-40-classes,car parts 50/train/OIL FILTER/080.jpg,ia-service/datasets/annotation_batch/images/oil_filter/train__oil_filter__080.jpg,oil_filter,4,train,PENDING,false,
gpiosenka/car-parts-40-classes,car parts 50/train/OIL FILTER/081.jpg,ia-service/datasets/annotation_batch/images/oil_filter/train__oil_filter__081.jpg,oil_filter,4,train,PENDING,false,
gpiosenka/car-parts-40-classes,car parts 50/train/OIL FILTER/082.jpg,ia-service/datasets/annotation_batch/images/oil_filter/train__oil_filter__082.jpg,oil_filter,4,train,PENDING,false,
gpiosenka/car-parts-40-classes,car parts 50/train/OIL FILTER/083.jpg,ia-service/datasets/annotation_batch/images/oil_filter/train__oil_filter__083.jpg,oil_filter,4,train,PENDING,false,
gpiosenka/car-parts-40-classes,car parts 50/train/OIL FILTER/084.jpg,ia-service/datasets/annotation_batch/images/oil_filter/train__oil_filter__084.jpg,oil_filter,4,train,PENDING,false,
gpiosenka/car-parts-40-classes,car parts 50/train/OIL FILTER/085.jpg,ia-service/datasets/annotation_batch/images/oil_filter/train__oil_filter__085.jpg,oil_filter,4,train,PENDING,false,
gpiosenka/car-parts-40-classes,car parts 50/train/OIL FILTER/086.jpg,ia-service/datasets/annotation_batch/images/oil_filter/train__oil_filter__086.jpg,oil_filter,4,train,PENDING,false,
gpiosenka/car-parts-40-classes,car parts 50/train/OIL FILTER/087.jpg,ia-service/datasets/annotation_batch/images/oil_filter/train__oil_filter__087.jpg,oil_filter,4,train,PENDING,false,
gpiosenka/car-parts-40-classes,car parts 50/train/OIL FILTER/088.jpg,ia-service/datasets/annotation_batch/images/oil_filter/train__oil_filter__088.jpg,oil_filter,4,train,PENDING,false,
gpiosenka/car-parts-40-classes,car parts 50/train/OIL FILTER/089.jpg,ia-service/datasets/annotation_batch/images/oil_filter/train__oil_filter__089.jpg,oil_filter,4,train,PENDING,false,
gpiosenka/car-parts-40-classes,car parts 50/train/OIL FILTER/090.jpg,ia-service/datasets/annotation_batch/images/oil_filter/train__oil_filter__090.jpg,oil_filter,4,train,PENDING,false,
gpiosenka/car-parts-40-classes,car parts 50/valid/OIL FILTER/1.jpg,ia-service/datasets/annotation_batch/images/oil_filter/valid__oil_filter__001.jpg,oil_filter,4,valid,PENDING,false,
gpiosenka/car-parts-40-classes,car parts 50/valid/OIL FILTER/2.jpg,ia-service/datasets/annotation_batch/images/oil_filter/valid__oil_filter__002.jpg,oil_filter,4,valid,PENDING,false,
gpiosenka/car-parts-40-classes,car parts 50/valid/OIL FILTER/3.jpg,ia-service/datasets/annotation_batch/images/oil_filter/valid__oil_filter__003.jpg,oil_filter,4,valid,PENDING,false,
gpiosenka/car-parts-40-classes,car parts 50/valid/OIL FILTER/4.jpg,ia-service/datasets/annotation_batch/images/oil_filter/valid__oil_filter__004.jpg,oil_filter,4,valid,PENDING,false,
gpiosenka/car-parts-40-classes,car parts 50/valid/OIL FILTER/5.jpg,ia-service/datasets/annotation_batch/images/oil_filter/valid__oil_filter__005.jpg,oil_filter,4,valid,PENDING,false,
gpiosenka/car-parts-40-classes,car parts 50/test/OIL FILTER/1.jpg,ia-service/datasets/annotation_batch/images/oil_filter/test__oil_filter__001.jpg,oil_filter,4,test,PENDING,false,
gpiosenka/car-parts-40-classes,car parts 50/test/OIL FILTER/2.jpg,ia-service/datasets/annotation_batch/images/oil_filter/test__oil_filter__002.jpg,oil_filter,4,test,PENDING,false,
gpiosenka/car-parts-40-classes,car parts 50/test/OIL FILTER/3.jpg,ia-service/datasets/annotation_batch/images/oil_filter/test__oil_filter__003.jpg,oil_filter,4,test,PENDING,false,
gpiosenka/car-parts-40-classes,car parts 50/test/OIL FILTER/4.jpg,ia-service/datasets/annotation_batch/images/oil_filter/test__oil_filter__004.jpg,oil_filter,4,test,PENDING,false,
gpiosenka/car-parts-40-classes,car parts 50/test/OIL FILTER/5.jpg,ia-service/datasets/annotation_batch/images/oil_filter/test__oil_filter__005.jpg,oil_filter,4,test,PENDING,false,
gpiosenka/car-parts-40-classes,car parts 50/train/RADIATOR/001.jpg,ia-service/datasets/annotation_batch/images/radiator/train__radiator__001.jpg,radiator,6,train,PENDING,false,
gpiosenka/car-parts-40-classes,car parts 50/train/RADIATOR/002.jpg,ia-service/datasets/annotation_batch/images/radiator/train__radiator__002.jpg,radiator,6,train,PENDING,false,
gpiosenka/car-parts-40-classes,car parts 50/train/RADIATOR/003.jpg,ia-service/datasets/annotation_batch/images/radiator/train__radiator__003.jpg,radiator,6,train,PENDING,false,
gpiosenka/car-parts-40-classes,car parts 50/train/RADIATOR/004.jpg,ia-service/datasets/annotation_batch/images/radiator/train__radiator__004.jpg,radiator,6,train,PENDING,false,
gpiosenka/car-parts-40-classes,car parts 50/train/RADIATOR/005.jpg,ia-service/datasets/annotation_batch/images/radiator/train__radiator__005.jpg,radiator,6,train,PENDING,false,
gpiosenka/car-parts-40-classes,car parts 50/train/RADIATOR/006.jpg,ia-service/datasets/annotation_batch/images/radiator/train__radiator__006.jpg,radiator,6,train,PENDING,false,
gpiosenka/car-parts-40-classes,car parts 50/train/RADIATOR/007.jpg,ia-service/datasets/annotation_batch/images/radiator/train__radiator__007.jpg,radiator,6,train,PENDING,false,
gpiosenka/car-parts-40-classes,car parts 50/train/RADIATOR/008.jpg,ia-service/datasets/annotation_batch/images/radiator/train__radiator__008.jpg,radiator,6,train,PENDING,false,
gpiosenka/car-parts-40-classes,car parts 50/train/RADIATOR/009.jpg,ia-service/datasets/annotation_batch/images/radiator/train__radiator__009.jpg,radiator,6,train,PENDING,false,
gpiosenka/car-parts-40-classes,car parts 50/train/RADIATOR/010.jpg,ia-service/datasets/annotation_batch/images/radiator/train__radiator__010.jpg,radiator,6,train,PENDING,false,
gpiosenka/car-parts-40-classes,car parts 50/train/RADIATOR/011.jpg,ia-service/datasets/annotation_batch/images/radiator/train__radiator__011.jpg,radiator,6,train,PENDING,false,
gpiosenka/car-parts-40-classes,car parts 50/train/RADIATOR/012.jpg,ia-service/datasets/annotation_batch/images/radiator/train__radiator__012.jpg,radiator,6,train,PENDING,false,
gpiosenka/car-parts-40-classes,car parts 50/train/RADIATOR/013.jpg,ia-service/datasets/annotation_batch/images/radiator/train__radiator__013.jpg,radiator,6,train,PENDING,false,
gpiosenka/car-parts-40-classes,car parts 50/train/RADIATOR/014.jpg,ia-service/datasets/annotation_batch/images/radiator/train__radiator__014.jpg,radiator,6,train,PENDING,false,
gpiosenka/car-parts-40-classes,car parts 50/train/RADIATOR/015.jpg,ia-service/datasets/annotation_batch/images/radiator/train__radiator__015.jpg,radiator,6,train,PENDING,false,
gpiosenka/car-parts-40-classes,car parts 50/train/RADIATOR/016.jpg,ia-service/datasets/annotation_batch/images/radiator/train__radiator__016.jpg,radiator,6,train,PENDING,false,
gpiosenka/car-parts-40-classes,car parts 50/train/RADIATOR/017.jpg,ia-service/datasets/annotation_batch/images/radiator/train__radiator__017.jpg,radiator,6,train,PENDING,false,
gpiosenka/car-parts-40-classes,car parts 50/train/RADIATOR/018.jpg,ia-service/datasets/annotation_batch/images/radiator/train__radiator__018.jpg,radiator,6,train,PENDING,false,
gpiosenka/car-parts-40-classes,car parts 50/train/RADIATOR/019.jpg,ia-service/datasets/annotation_batch/images/radiator/train__radiator__019.jpg,radiator,6,train,PENDING,false,
gpiosenka/car-parts-40-classes,car parts 50/train/RADIATOR/020.jpg,ia-service/datasets/annotation_batch/images/radiator/train__radiator__020.jpg,radiator,6,train,PENDING,false,
gpiosenka/car-parts-40-classes,car parts 50/train/RADIATOR/021.jpg,ia-service/datasets/annotation_batch/images/radiator/train__radiator__021.jpg,radiator,6,train,PENDING,false,
gpiosenka/car-parts-40-classes,car parts 50/train/RADIATOR/022.jpg,ia-service/datasets/annotation_batch/images/radiator/train__radiator__022.jpg,radiator,6,train,PENDING,false,
gpiosenka/car-parts-40-classes,car parts 50/train/RADIATOR/023.jpg,ia-service/datasets/annotation_batch/images/radiator/train__radiator__023.jpg,radiator,6,train,PENDING,false,
gpiosenka/car-parts-40-classes,car parts 50/train/RADIATOR/024.jpg,ia-service/datasets/annotation_batch/images/radiator/train__radiator__024.jpg,radiator,6,train,PENDING,false,
gpiosenka/car-parts-40-classes,car parts 50/train/RADIATOR/025.jpg,ia-service/datasets/annotation_batch/images/radiator/train__radiator__025.jpg,radiator,6,train,PENDING,false,
gpiosenka/car-parts-40-classes,car parts 50/train/RADIATOR/026.jpg,ia-service/datasets/annotation_batch/images/radiator/train__radiator__026.jpg,radiator,6,train,PENDING,false,
gpiosenka/car-parts-40-classes,car parts 50/train/RADIATOR/027.jpg,ia-service/datasets/annotation_batch/images/radiator/train__radiator__027.jpg,radiator,6,train,PENDING,false,
gpiosenka/car-parts-40-classes,car parts 50/train/RADIATOR/028.jpg,ia-service/datasets/annotation_batch/images/radiator/train__radiator__028.jpg,radiator,6,train,PENDING,false,
gpiosenka/car-parts-40-classes,car parts 50/train/RADIATOR/029.jpg,ia-service/datasets/annotation_batch/images/radiator/train__radiator__029.jpg,radiator,6,train,PENDING,false,
gpiosenka/car-parts-40-classes,car parts 50/train/RADIATOR/030.jpg,ia-service/datasets/annotation_batch/images/radiator/train__radiator__030.jpg,radiator,6,train,PENDING,false,
gpiosenka/car-parts-40-classes,car parts 50/train/RADIATOR/031.jpg,ia-service/datasets/annotation_batch/images/radiator/train__radiator__031.jpg,radiator,6,train,PENDING,false,
gpiosenka/car-parts-40-classes,car parts 50/train/RADIATOR/032.jpg,ia-service/datasets/annotation_batch/images/radiator/train__radiator__032.jpg,radiator,6,train,PENDING,false,
gpiosenka/car-parts-40-classes,car parts 50/train/RADIATOR/033.jpg,ia-service/datasets/annotation_batch/images/radiator/train__radiator__033.jpg,radiator,6,train,PENDING,false,
gpiosenka/car-parts-40-classes,car parts 50/train/RADIATOR/034.jpg,ia-service/datasets/annotation_batch/images/radiator/train__radiator__034.jpg,radiator,6,train,PENDING,false,
gpiosenka/car-parts-40-classes,car parts 50/train/RADIATOR/035.jpg,ia-service/datasets/annotation_batch/images/radiator/train__radiator__035.jpg,radiator,6,train,PENDING,false,
gpiosenka/car-parts-40-classes,car parts 50/train/RADIATOR/036.jpg,ia-service/datasets/annotation_batch/images/radiator/train__radiator__036.jpg,radiator,6,train,PENDING,false,
gpiosenka/car-parts-40-classes,car parts 50/train/RADIATOR/037.jpg,ia-service/datasets/annotation_batch/images/radiator/train__radiator__037.jpg,radiator,6,train,PENDING,false,
gpiosenka/car-parts-40-classes,car parts 50/train/RADIATOR/038.jpg,ia-service/datasets/annotation_batch/images/radiator/train__radiator__038.jpg,radiator,6,train,PENDING,false,
gpiosenka/car-parts-40-classes,car parts 50/train/RADIATOR/039.jpg,ia-service/datasets/annotation_batch/images/radiator/train__radiator__039.jpg,radiator,6,train,PENDING,false,
gpiosenka/car-parts-40-classes,car parts 50/train/RADIATOR/040.jpg,ia-service/datasets/annotation_batch/images/radiator/train__radiator__040.jpg,radiator,6,train,PENDING,false,
gpiosenka/car-parts-40-classes,car parts 50/train/RADIATOR/041.jpg,ia-service/datasets/annotation_batch/images/radiator/train__radiator__041.jpg,radiator,6,train,PENDING,false,
gpiosenka/car-parts-40-classes,car parts 50/train/RADIATOR/042.jpg,ia-service/datasets/annotation_batch/images/radiator/train__radiator__042.jpg,radiator,6,train,PENDING,false,
gpiosenka/car-parts-40-classes,car parts 50/train/RADIATOR/043.jpg,ia-service/datasets/annotation_batch/images/radiator/train__radiator__043.jpg,radiator,6,train,PENDING,false,
gpiosenka/car-parts-40-classes,car parts 50/train/RADIATOR/044.jpg,ia-service/datasets/annotation_batch/images/radiator/train__radiator__044.jpg,radiator,6,train,PENDING,false,
gpiosenka/car-parts-40-classes,car parts 50/train/RADIATOR/045.jpg,ia-service/datasets/annotation_batch/images/radiator/train__radiator__045.jpg,radiator,6,train,PENDING,false,
gpiosenka/car-parts-40-classes,car parts 50/train/RADIATOR/046.jpg,ia-service/datasets/annotation_batch/images/radiator/train__radiator__046.jpg,radiator,6,train,PENDING,false,
gpiosenka/car-parts-40-classes,car parts 50/train/RADIATOR/047.jpg,ia-service/datasets/annotation_batch/images/radiator/train__radiator__047.jpg,radiator,6,train,PENDING,false,
gpiosenka/car-parts-40-classes,car parts 50/train/RADIATOR/048.jpg,ia-service/datasets/annotation_batch/images/radiator/train__radiator__048.jpg,radiator,6,train,PENDING,false,
gpiosenka/car-parts-40-classes,car parts 50/train/RADIATOR/049.jpg,ia-service/datasets/annotation_batch/images/radiator/train__radiator__049.jpg,radiator,6,train,PENDING,false,
gpiosenka/car-parts-40-classes,car parts 50/train/RADIATOR/050.jpg,ia-service/datasets/annotation_batch/images/radiator/train__radiator__050.jpg,radiator,6,train,PENDING,false,
gpiosenka/car-parts-40-classes,car parts 50/train/RADIATOR/051.jpg,ia-service/datasets/annotation_batch/images/radiator/train__radiator__051.jpg,radiator,6,train,PENDING,false,
gpiosenka/car-parts-40-classes,car parts 50/train/RADIATOR/052.jpg,ia-service/datasets/annotation_batch/images/radiator/train__radiator__052.jpg,radiator,6,train,PENDING,false,
gpiosenka/car-parts-40-classes,car parts 50/train/RADIATOR/053.jpg,ia-service/datasets/annotation_batch/images/radiator/train__radiator__053.jpg,radiator,6,train,PENDING,false,
gpiosenka/car-parts-40-classes,car parts 50/train/RADIATOR/054.jpg,ia-service/datasets/annotation_batch/images/radiator/train__radiator__054.jpg,radiator,6,train,PENDING,false,
gpiosenka/car-parts-40-classes,car parts 50/train/RADIATOR/055.jpg,ia-service/datasets/annotation_batch/images/radiator/train__radiator__055.jpg,radiator,6,train,PENDING,false,
gpiosenka/car-parts-40-classes,car parts 50/train/RADIATOR/056.jpg,ia-service/datasets/annotation_batch/images/radiator/train__radiator__056.jpg,radiator,6,train,PENDING,false,
gpiosenka/car-parts-40-classes,car parts 50/train/RADIATOR/057.jpg,ia-service/datasets/annotation_batch/images/radiator/train__radiator__057.jpg,radiator,6,train,PENDING,false,
gpiosenka/car-parts-40-classes,car parts 50/train/RADIATOR/058.jpg,ia-service/datasets/annotation_batch/images/radiator/train__radiator__058.jpg,radiator,6,train,PENDING,false,
gpiosenka/car-parts-40-classes,car parts 50/train/RADIATOR/059.jpg,ia-service/datasets/annotation_batch/images/radiator/train__radiator__059.jpg,radiator,6,train,PENDING,false,
gpiosenka/car-parts-40-classes,car parts 50/train/RADIATOR/060.jpg,ia-service/datasets/annotation_batch/images/radiator/train__radiator__060.jpg,radiator,6,train,PENDING,false,
gpiosenka/car-parts-40-classes,car parts 50/train/RADIATOR/061.jpg,ia-service/datasets/annotation_batch/images/radiator/train__radiator__061.jpg,radiator,6,train,PENDING,false,
gpiosenka/car-parts-40-classes,car parts 50/train/RADIATOR/062.jpg,ia-service/datasets/annotation_batch/images/radiator/train__radiator__062.jpg,radiator,6,train,PENDING,false,
gpiosenka/car-parts-40-classes,car parts 50/train/RADIATOR/063.jpg,ia-service/datasets/annotation_batch/images/radiator/train__radiator__063.jpg,radiator,6,train,PENDING,false,
gpiosenka/car-parts-40-classes,car parts 50/train/RADIATOR/064.jpg,ia-service/datasets/annotation_batch/images/radiator/train__radiator__064.jpg,radiator,6,train,PENDING,false,
gpiosenka/car-parts-40-classes,car parts 50/train/RADIATOR/065.jpg,ia-service/datasets/annotation_batch/images/radiator/train__radiator__065.jpg,radiator,6,train,PENDING,false,
gpiosenka/car-parts-40-classes,car parts 50/train/RADIATOR/066.jpg,ia-service/datasets/annotation_batch/images/radiator/train__radiator__066.jpg,radiator,6,train,PENDING,false,
gpiosenka/car-parts-40-classes,car parts 50/train/RADIATOR/067.jpg,ia-service/datasets/annotation_batch/images/radiator/train__radiator__067.jpg,radiator,6,train,PENDING,false,
gpiosenka/car-parts-40-classes,car parts 50/train/RADIATOR/068.jpg,ia-service/datasets/annotation_batch/images/radiator/train__radiator__068.jpg,radiator,6,train,PENDING,false,
gpiosenka/car-parts-40-classes,car parts 50/train/RADIATOR/069.jpg,ia-service/datasets/annotation_batch/images/radiator/train__radiator__069.jpg,radiator,6,train,PENDING,false,
gpiosenka/car-parts-40-classes,car parts 50/train/RADIATOR/070.jpg,ia-service/datasets/annotation_batch/images/radiator/train__radiator__070.jpg,radiator,6,train,PENDING,false,
gpiosenka/car-parts-40-classes,car parts 50/train/RADIATOR/071.jpg,ia-service/datasets/annotation_batch/images/radiator/train__radiator__071.jpg,radiator,6,train,PENDING,false,
gpiosenka/car-parts-40-classes,car parts 50/train/RADIATOR/072.jpg,ia-service/datasets/annotation_batch/images/radiator/train__radiator__072.jpg,radiator,6,train,PENDING,false,
gpiosenka/car-parts-40-classes,car parts 50/train/RADIATOR/073.jpg,ia-service/datasets/annotation_batch/images/radiator/train__radiator__073.jpg,radiator,6,train,PENDING,false,
gpiosenka/car-parts-40-classes,car parts 50/train/RADIATOR/074.jpg,ia-service/datasets/annotation_batch/images/radiator/train__radiator__074.jpg,radiator,6,train,PENDING,false,
gpiosenka/car-parts-40-classes,car parts 50/train/RADIATOR/075.jpg,ia-service/datasets/annotation_batch/images/radiator/train__radiator__075.jpg,radiator,6,train,PENDING,false,
gpiosenka/car-parts-40-classes,car parts 50/train/RADIATOR/076.jpg,ia-service/datasets/annotation_batch/images/radiator/train__radiator__076.jpg,radiator,6,train,PENDING,false,
gpiosenka/car-parts-40-classes,car parts 50/train/RADIATOR/077.jpg,ia-service/datasets/annotation_batch/images/radiator/train__radiator__077.jpg,radiator,6,train,PENDING,false,
gpiosenka/car-parts-40-classes,car parts 50/train/RADIATOR/078.jpg,ia-service/datasets/annotation_batch/images/radiator/train__radiator__078.jpg,radiator,6,train,PENDING,false,
gpiosenka/car-parts-40-classes,car parts 50/train/RADIATOR/079.jpg,ia-service/datasets/annotation_batch/images/radiator/train__radiator__079.jpg,radiator,6,train,PENDING,false,
gpiosenka/car-parts-40-classes,car parts 50/train/RADIATOR/080.jpg,ia-service/datasets/annotation_batch/images/radiator/train__radiator__080.jpg,radiator,6,train,PENDING,false,
gpiosenka/car-parts-40-classes,car parts 50/train/RADIATOR/081.jpg,ia-service/datasets/annotation_batch/images/radiator/train__radiator__081.jpg,radiator,6,train,PENDING,false,
gpiosenka/car-parts-40-classes,car parts 50/train/RADIATOR/082.jpg,ia-service/datasets/annotation_batch/images/radiator/train__radiator__082.jpg,radiator,6,train,PENDING,false,
gpiosenka/car-parts-40-classes,car parts 50/train/RADIATOR/083.jpg,ia-service/datasets/annotation_batch/images/radiator/train__radiator__083.jpg,radiator,6,train,PENDING,false,
gpiosenka/car-parts-40-classes,car parts 50/train/RADIATOR/084.jpg,ia-service/datasets/annotation_batch/images/radiator/train__radiator__084.jpg,radiator,6,train,PENDING,false,
gpiosenka/car-parts-40-classes,car parts 50/train/RADIATOR/085.jpg,ia-service/datasets/annotation_batch/images/radiator/train__radiator__085.jpg,radiator,6,train,PENDING,false,
gpiosenka/car-parts-40-classes,car parts 50/train/RADIATOR/086.jpg,ia-service/datasets/annotation_batch/images/radiator/train__radiator__086.jpg,radiator,6,train,PENDING,false,
gpiosenka/car-parts-40-classes,car parts 50/train/RADIATOR/087.jpg,ia-service/datasets/annotation_batch/images/radiator/train__radiator__087.jpg,radiator,6,train,PENDING,false,
gpiosenka/car-parts-40-classes,car parts 50/train/RADIATOR/088.jpg,ia-service/datasets/annotation_batch/images/radiator/train__radiator__088.jpg,radiator,6,train,PENDING,false,
gpiosenka/car-parts-40-classes,car parts 50/train/RADIATOR/089.jpg,ia-service/datasets/annotation_batch/images/radiator/train__radiator__089.jpg,radiator,6,train,PENDING,false,
gpiosenka/car-parts-40-classes,car parts 50/train/RADIATOR/090.jpg,ia-service/datasets/annotation_batch/images/radiator/train__radiator__090.jpg,radiator,6,train,PENDING,false,
gpiosenka/car-parts-40-classes,car parts 50/valid/RADIATOR/1.jpg,ia-service/datasets/annotation_batch/images/radiator/valid__radiator__001.jpg,radiator,6,valid,PENDING,false,
gpiosenka/car-parts-40-classes,car parts 50/valid/RADIATOR/2.jpg,ia-service/datasets/annotation_batch/images/radiator/valid__radiator__002.jpg,radiator,6,valid,PENDING,false,
gpiosenka/car-parts-40-classes,car parts 50/valid/RADIATOR/3.jpg,ia-service/datasets/annotation_batch/images/radiator/valid__radiator__003.jpg,radiator,6,valid,PENDING,false,
gpiosenka/car-parts-40-classes,car parts 50/valid/RADIATOR/4.jpg,ia-service/datasets/annotation_batch/images/radiator/valid__radiator__004.jpg,radiator,6,valid,PENDING,false,
gpiosenka/car-parts-40-classes,car parts 50/valid/RADIATOR/5.jpg,ia-service/datasets/annotation_batch/images/radiator/valid__radiator__005.jpg,radiator,6,valid,PENDING,false,
gpiosenka/car-parts-40-classes,car parts 50/test/RADIATOR/1.jpg,ia-service/datasets/annotation_batch/images/radiator/test__radiator__001.jpg,radiator,6,test,PENDING,false,
gpiosenka/car-parts-40-classes,car parts 50/test/RADIATOR/2.jpg,ia-service/datasets/annotation_batch/images/radiator/test__radiator__002.jpg,radiator,6,test,PENDING,false,
gpiosenka/car-parts-40-classes,car parts 50/test/RADIATOR/3.jpg,ia-service/datasets/annotation_batch/images/radiator/test__radiator__003.jpg,radiator,6,test,PENDING,false,
gpiosenka/car-parts-40-classes,car parts 50/test/RADIATOR/4.jpg,ia-service/datasets/annotation_batch/images/radiator/test__radiator__004.jpg,radiator,6,test,PENDING,false,
gpiosenka/car-parts-40-classes,car parts 50/test/RADIATOR/5.jpg,ia-service/datasets/annotation_batch/images/radiator/test__radiator__005.jpg,radiator,6,test,PENDING,false,
gpiosenka/car-parts-40-classes,car parts 50/train/HEADLIGHTS/001.jpg,ia-service/datasets/annotation_batch/images/headlight/train__headlight__001.jpg,headlight,7,train,PENDING,false,
gpiosenka/car-parts-40-classes,car parts 50/train/HEADLIGHTS/002.jpg,ia-service/datasets/annotation_batch/images/headlight/train__headlight__002.jpg,headlight,7,train,PENDING,false,
gpiosenka/car-parts-40-classes,car parts 50/train/HEADLIGHTS/003.jpg,ia-service/datasets/annotation_batch/images/headlight/train__headlight__003.jpg,headlight,7,train,PENDING,false,
gpiosenka/car-parts-40-classes,car parts 50/train/HEADLIGHTS/004.jpg,ia-service/datasets/annotation_batch/images/headlight/train__headlight__004.jpg,headlight,7,train,PENDING,false,
gpiosenka/car-parts-40-classes,car parts 50/train/HEADLIGHTS/005.jpg,ia-service/datasets/annotation_batch/images/headlight/train__headlight__005.jpg,headlight,7,train,PENDING,false,
gpiosenka/car-parts-40-classes,car parts 50/train/HEADLIGHTS/006.jpg,ia-service/datasets/annotation_batch/images/headlight/train__headlight__006.jpg,headlight,7,train,PENDING,false,
gpiosenka/car-parts-40-classes,car parts 50/train/HEADLIGHTS/007.jpg,ia-service/datasets/annotation_batch/images/headlight/train__headlight__007.jpg,headlight,7,train,PENDING,false,
gpiosenka/car-parts-40-classes,car parts 50/train/HEADLIGHTS/008.jpg,ia-service/datasets/annotation_batch/images/headlight/train__headlight__008.jpg,headlight,7,train,PENDING,false,
gpiosenka/car-parts-40-classes,car parts 50/train/HEADLIGHTS/009.jpg,ia-service/datasets/annotation_batch/images/headlight/train__headlight__009.jpg,headlight,7,train,PENDING,false,
gpiosenka/car-parts-40-classes,car parts 50/train/HEADLIGHTS/010.jpg,ia-service/datasets/annotation_batch/images/headlight/train__headlight__010.jpg,headlight,7,train,PENDING,false,
gpiosenka/car-parts-40-classes,car parts 50/train/HEADLIGHTS/011.jpg,ia-service/datasets/annotation_batch/images/headlight/train__headlight__011.jpg,headlight,7,train,PENDING,false,
gpiosenka/car-parts-40-classes,car parts 50/train/HEADLIGHTS/012.jpg,ia-service/datasets/annotation_batch/images/headlight/train__headlight__012.jpg,headlight,7,train,PENDING,false,
gpiosenka/car-parts-40-classes,car parts 50/train/HEADLIGHTS/013.jpg,ia-service/datasets/annotation_batch/images/headlight/train__headlight__013.jpg,headlight,7,train,PENDING,false,
gpiosenka/car-parts-40-classes,car parts 50/train/HEADLIGHTS/014.jpg,ia-service/datasets/annotation_batch/images/headlight/train__headlight__014.jpg,headlight,7,train,PENDING,false,
gpiosenka/car-parts-40-classes,car parts 50/train/HEADLIGHTS/015.jpg,ia-service/datasets/annotation_batch/images/headlight/train__headlight__015.jpg,headlight,7,train,PENDING,false,
gpiosenka/car-parts-40-classes,car parts 50/train/HEADLIGHTS/016.jpg,ia-service/datasets/annotation_batch/images/headlight/train__headlight__016.jpg,headlight,7,train,PENDING,false,
gpiosenka/car-parts-40-classes,car parts 50/train/HEADLIGHTS/017.jpg,ia-service/datasets/annotation_batch/images/headlight/train__headlight__017.jpg,headlight,7,train,PENDING,false,
gpiosenka/car-parts-40-classes,car parts 50/train/HEADLIGHTS/018.jpg,ia-service/datasets/annotation_batch/images/headlight/train__headlight__018.jpg,headlight,7,train,PENDING,false,
gpiosenka/car-parts-40-classes,car parts 50/train/HEADLIGHTS/019.jpg,ia-service/datasets/annotation_batch/images/headlight/train__headlight__019.jpg,headlight,7,train,PENDING,false,
gpiosenka/car-parts-40-classes,car parts 50/train/HEADLIGHTS/020.jpg,ia-service/datasets/annotation_batch/images/headlight/train__headlight__020.jpg,headlight,7,train,PENDING,false,
gpiosenka/car-parts-40-classes,car parts 50/train/HEADLIGHTS/021.jpg,ia-service/datasets/annotation_batch/images/headlight/train__headlight__021.jpg,headlight,7,train,PENDING,false,
gpiosenka/car-parts-40-classes,car parts 50/train/HEADLIGHTS/022.jpg,ia-service/datasets/annotation_batch/images/headlight/train__headlight__022.jpg,headlight,7,train,PENDING,false,
gpiosenka/car-parts-40-classes,car parts 50/train/HEADLIGHTS/023.jpg,ia-service/datasets/annotation_batch/images/headlight/train__headlight__023.jpg,headlight,7,train,PENDING,false,
gpiosenka/car-parts-40-classes,car parts 50/train/HEADLIGHTS/024.jpg,ia-service/datasets/annotation_batch/images/headlight/train__headlight__024.jpg,headlight,7,train,PENDING,false,
gpiosenka/car-parts-40-classes,car parts 50/train/HEADLIGHTS/025.jpg,ia-service/datasets/annotation_batch/images/headlight/train__headlight__025.jpg,headlight,7,train,PENDING,false,
gpiosenka/car-parts-40-classes,car parts 50/train/HEADLIGHTS/026.jpg,ia-service/datasets/annotation_batch/images/headlight/train__headlight__026.jpg,headlight,7,train,PENDING,false,
gpiosenka/car-parts-40-classes,car parts 50/train/HEADLIGHTS/027.jpg,ia-service/datasets/annotation_batch/images/headlight/train__headlight__027.jpg,headlight,7,train,PENDING,false,
gpiosenka/car-parts-40-classes,car parts 50/train/HEADLIGHTS/028.jpg,ia-service/datasets/annotation_batch/images/headlight/train__headlight__028.jpg,headlight,7,train,PENDING,false,
gpiosenka/car-parts-40-classes,car parts 50/train/HEADLIGHTS/029.jpg,ia-service/datasets/annotation_batch/images/headlight/train__headlight__029.jpg,headlight,7,train,PENDING,false,
gpiosenka/car-parts-40-classes,car parts 50/train/HEADLIGHTS/030.jpg,ia-service/datasets/annotation_batch/images/headlight/train__headlight__030.jpg,headlight,7,train,PENDING,false,
gpiosenka/car-parts-40-classes,car parts 50/train/HEADLIGHTS/031.jpg,ia-service/datasets/annotation_batch/images/headlight/train__headlight__031.jpg,headlight,7,train,PENDING,false,
gpiosenka/car-parts-40-classes,car parts 50/train/HEADLIGHTS/032.jpg,ia-service/datasets/annotation_batch/images/headlight/train__headlight__032.jpg,headlight,7,train,PENDING,false,
gpiosenka/car-parts-40-classes,car parts 50/train/HEADLIGHTS/033.jpg,ia-service/datasets/annotation_batch/images/headlight/train__headlight__033.jpg,headlight,7,train,PENDING,false,
gpiosenka/car-parts-40-classes,car parts 50/train/HEADLIGHTS/034.jpg,ia-service/datasets/annotation_batch/images/headlight/train__headlight__034.jpg,headlight,7,train,PENDING,false,
gpiosenka/car-parts-40-classes,car parts 50/train/HEADLIGHTS/035.jpg,ia-service/datasets/annotation_batch/images/headlight/train__headlight__035.jpg,headlight,7,train,PENDING,false,
gpiosenka/car-parts-40-classes,car parts 50/train/HEADLIGHTS/036.jpg,ia-service/datasets/annotation_batch/images/headlight/train__headlight__036.jpg,headlight,7,train,PENDING,false,
gpiosenka/car-parts-40-classes,car parts 50/train/HEADLIGHTS/037.jpg,ia-service/datasets/annotation_batch/images/headlight/train__headlight__037.jpg,headlight,7,train,PENDING,false,
gpiosenka/car-parts-40-classes,car parts 50/train/HEADLIGHTS/038.jpg,ia-service/datasets/annotation_batch/images/headlight/train__headlight__038.jpg,headlight,7,train,PENDING,false,
gpiosenka/car-parts-40-classes,car parts 50/train/HEADLIGHTS/039.jpg,ia-service/datasets/annotation_batch/images/headlight/train__headlight__039.jpg,headlight,7,train,PENDING,false,
gpiosenka/car-parts-40-classes,car parts 50/train/HEADLIGHTS/040.jpg,ia-service/datasets/annotation_batch/images/headlight/train__headlight__040.jpg,headlight,7,train,PENDING,false,
gpiosenka/car-parts-40-classes,car parts 50/train/HEADLIGHTS/041.jpg,ia-service/datasets/annotation_batch/images/headlight/train__headlight__041.jpg,headlight,7,train,PENDING,false,
gpiosenka/car-parts-40-classes,car parts 50/train/HEADLIGHTS/042.jpg,ia-service/datasets/annotation_batch/images/headlight/train__headlight__042.jpg,headlight,7,train,PENDING,false,
gpiosenka/car-parts-40-classes,car parts 50/train/HEADLIGHTS/043.jpg,ia-service/datasets/annotation_batch/images/headlight/train__headlight__043.jpg,headlight,7,train,PENDING,false,
gpiosenka/car-parts-40-classes,car parts 50/train/HEADLIGHTS/044.jpg,ia-service/datasets/annotation_batch/images/headlight/train__headlight__044.jpg,headlight,7,train,PENDING,false,
gpiosenka/car-parts-40-classes,car parts 50/train/HEADLIGHTS/045.jpg,ia-service/datasets/annotation_batch/images/headlight/train__headlight__045.jpg,headlight,7,train,PENDING,false,
gpiosenka/car-parts-40-classes,car parts 50/train/HEADLIGHTS/046.jpg,ia-service/datasets/annotation_batch/images/headlight/train__headlight__046.jpg,headlight,7,train,PENDING,false,
gpiosenka/car-parts-40-classes,car parts 50/train/HEADLIGHTS/047.jpg,ia-service/datasets/annotation_batch/images/headlight/train__headlight__047.jpg,headlight,7,train,PENDING,false,
gpiosenka/car-parts-40-classes,car parts 50/train/HEADLIGHTS/048.jpg,ia-service/datasets/annotation_batch/images/headlight/train__headlight__048.jpg,headlight,7,train,PENDING,false,
gpiosenka/car-parts-40-classes,car parts 50/train/HEADLIGHTS/049.jpg,ia-service/datasets/annotation_batch/images/headlight/train__headlight__049.jpg,headlight,7,train,PENDING,false,
gpiosenka/car-parts-40-classes,car parts 50/train/HEADLIGHTS/050.jpg,ia-service/datasets/annotation_batch/images/headlight/train__headlight__050.jpg,headlight,7,train,PENDING,false,
gpiosenka/car-parts-40-classes,car parts 50/train/HEADLIGHTS/051.jpg,ia-service/datasets/annotation_batch/images/headlight/train__headlight__051.jpg,headlight,7,train,PENDING,false,
gpiosenka/car-parts-40-classes,car parts 50/train/HEADLIGHTS/052.jpg,ia-service/datasets/annotation_batch/images/headlight/train__headlight__052.jpg,headlight,7,train,PENDING,false,
gpiosenka/car-parts-40-classes,car parts 50/train/HEADLIGHTS/053.jpg,ia-service/datasets/annotation_batch/images/headlight/train__headlight__053.jpg,headlight,7,train,PENDING,false,
gpiosenka/car-parts-40-classes,car parts 50/train/HEADLIGHTS/054.jpg,ia-service/datasets/annotation_batch/images/headlight/train__headlight__054.jpg,headlight,7,train,PENDING,false,
gpiosenka/car-parts-40-classes,car parts 50/train/HEADLIGHTS/055.jpg,ia-service/datasets/annotation_batch/images/headlight/train__headlight__055.jpg,headlight,7,train,PENDING,false,
gpiosenka/car-parts-40-classes,car parts 50/train/HEADLIGHTS/056.jpg,ia-service/datasets/annotation_batch/images/headlight/train__headlight__056.jpg,headlight,7,train,PENDING,false,
gpiosenka/car-parts-40-classes,car parts 50/train/HEADLIGHTS/057.jpg,ia-service/datasets/annotation_batch/images/headlight/train__headlight__057.jpg,headlight,7,train,PENDING,false,
gpiosenka/car-parts-40-classes,car parts 50/train/HEADLIGHTS/058.jpg,ia-service/datasets/annotation_batch/images/headlight/train__headlight__058.jpg,headlight,7,train,PENDING,false,
gpiosenka/car-parts-40-classes,car parts 50/train/HEADLIGHTS/059.jpg,ia-service/datasets/annotation_batch/images/headlight/train__headlight__059.jpg,headlight,7,train,PENDING,false,
gpiosenka/car-parts-40-classes,car parts 50/train/HEADLIGHTS/060.jpg,ia-service/datasets/annotation_batch/images/headlight/train__headlight__060.jpg,headlight,7,train,PENDING,false,
gpiosenka/car-parts-40-classes,car parts 50/train/HEADLIGHTS/061.jpg,ia-service/datasets/annotation_batch/images/headlight/train__headlight__061.jpg,headlight,7,train,PENDING,false,
gpiosenka/car-parts-40-classes,car parts 50/train/HEADLIGHTS/062.jpg,ia-service/datasets/annotation_batch/images/headlight/train__headlight__062.jpg,headlight,7,train,PENDING,false,
gpiosenka/car-parts-40-classes,car parts 50/train/HEADLIGHTS/063.jpg,ia-service/datasets/annotation_batch/images/headlight/train__headlight__063.jpg,headlight,7,train,PENDING,false,
gpiosenka/car-parts-40-classes,car parts 50/train/HEADLIGHTS/064.jpg,ia-service/datasets/annotation_batch/images/headlight/train__headlight__064.jpg,headlight,7,train,PENDING,false,
gpiosenka/car-parts-40-classes,car parts 50/train/HEADLIGHTS/065.jpg,ia-service/datasets/annotation_batch/images/headlight/train__headlight__065.jpg,headlight,7,train,PENDING,false,
gpiosenka/car-parts-40-classes,car parts 50/train/HEADLIGHTS/066.jpg,ia-service/datasets/annotation_batch/images/headlight/train__headlight__066.jpg,headlight,7,train,PENDING,false,
gpiosenka/car-parts-40-classes,car parts 50/train/HEADLIGHTS/067.jpg,ia-service/datasets/annotation_batch/images/headlight/train__headlight__067.jpg,headlight,7,train,PENDING,false,
gpiosenka/car-parts-40-classes,car parts 50/train/HEADLIGHTS/068.jpg,ia-service/datasets/annotation_batch/images/headlight/train__headlight__068.jpg,headlight,7,train,PENDING,false,
gpiosenka/car-parts-40-classes,car parts 50/train/HEADLIGHTS/069.jpg,ia-service/datasets/annotation_batch/images/headlight/train__headlight__069.jpg,headlight,7,train,PENDING,false,
gpiosenka/car-parts-40-classes,car parts 50/train/HEADLIGHTS/070.jpg,ia-service/datasets/annotation_batch/images/headlight/train__headlight__070.jpg,headlight,7,train,PENDING,false,
gpiosenka/car-parts-40-classes,car parts 50/train/HEADLIGHTS/071.jpg,ia-service/datasets/annotation_batch/images/headlight/train__headlight__071.jpg,headlight,7,train,PENDING,false,
gpiosenka/car-parts-40-classes,car parts 50/train/HEADLIGHTS/072.jpg,ia-service/datasets/annotation_batch/images/headlight/train__headlight__072.jpg,headlight,7,train,PENDING,false,
gpiosenka/car-parts-40-classes,car parts 50/train/HEADLIGHTS/073.jpg,ia-service/datasets/annotation_batch/images/headlight/train__headlight__073.jpg,headlight,7,train,PENDING,false,
gpiosenka/car-parts-40-classes,car parts 50/train/HEADLIGHTS/074.jpg,ia-service/datasets/annotation_batch/images/headlight/train__headlight__074.jpg,headlight,7,train,PENDING,false,
gpiosenka/car-parts-40-classes,car parts 50/train/HEADLIGHTS/075.jpg,ia-service/datasets/annotation_batch/images/headlight/train__headlight__075.jpg,headlight,7,train,PENDING,false,
gpiosenka/car-parts-40-classes,car parts 50/train/HEADLIGHTS/076.jpg,ia-service/datasets/annotation_batch/images/headlight/train__headlight__076.jpg,headlight,7,train,PENDING,false,
gpiosenka/car-parts-40-classes,car parts 50/train/HEADLIGHTS/077.jpg,ia-service/datasets/annotation_batch/images/headlight/train__headlight__077.jpg,headlight,7,train,PENDING,false,
gpiosenka/car-parts-40-classes,car parts 50/train/HEADLIGHTS/078.jpg,ia-service/datasets/annotation_batch/images/headlight/train__headlight__078.jpg,headlight,7,train,PENDING,false,
gpiosenka/car-parts-40-classes,car parts 50/train/HEADLIGHTS/079.jpg,ia-service/datasets/annotation_batch/images/headlight/train__headlight__079.jpg,headlight,7,train,PENDING,false,
gpiosenka/car-parts-40-classes,car parts 50/train/HEADLIGHTS/080.jpg,ia-service/datasets/annotation_batch/images/headlight/train__headlight__080.jpg,headlight,7,train,PENDING,false,
gpiosenka/car-parts-40-classes,car parts 50/train/HEADLIGHTS/081.jpg,ia-service/datasets/annotation_batch/images/headlight/train__headlight__081.jpg,headlight,7,train,PENDING,false,
gpiosenka/car-parts-40-classes,car parts 50/train/HEADLIGHTS/082.jpg,ia-service/datasets/annotation_batch/images/headlight/train__headlight__082.jpg,headlight,7,train,PENDING,false,
gpiosenka/car-parts-40-classes,car parts 50/train/HEADLIGHTS/083.jpg,ia-service/datasets/annotation_batch/images/headlight/train__headlight__083.jpg,headlight,7,train,PENDING,false,
gpiosenka/car-parts-40-classes,car parts 50/train/HEADLIGHTS/084.jpg,ia-service/datasets/annotation_batch/images/headlight/train__headlight__084.jpg,headlight,7,train,PENDING,false,
gpiosenka/car-parts-40-classes,car parts 50/train/HEADLIGHTS/085.jpg,ia-service/datasets/annotation_batch/images/headlight/train__headlight__085.jpg,headlight,7,train,PENDING,false,
gpiosenka/car-parts-40-classes,car parts 50/train/HEADLIGHTS/086.jpg,ia-service/datasets/annotation_batch/images/headlight/train__headlight__086.jpg,headlight,7,train,PENDING,false,
gpiosenka/car-parts-40-classes,car parts 50/train/HEADLIGHTS/087.jpg,ia-service/datasets/annotation_batch/images/headlight/train__headlight__087.jpg,headlight,7,train,PENDING,false,
gpiosenka/car-parts-40-classes,car parts 50/train/HEADLIGHTS/088.jpg,ia-service/datasets/annotation_batch/images/headlight/train__headlight__088.jpg,headlight,7,train,PENDING,false,
gpiosenka/car-parts-40-classes,car parts 50/train/HEADLIGHTS/089.jpg,ia-service/datasets/annotation_batch/images/headlight/train__headlight__089.jpg,headlight,7,train,PENDING,false,
gpiosenka/car-parts-40-classes,car parts 50/train/HEADLIGHTS/090.jpg,ia-service/datasets/annotation_batch/images/headlight/train__headlight__090.jpg,headlight,7,train,PENDING,false,
gpiosenka/car-parts-40-classes,car parts 50/valid/HEADLIGHTS/1.jpg,ia-service/datasets/annotation_batch/images/headlight/valid__headlight__001.jpg,headlight,7,valid,PENDING,false,
gpiosenka/car-parts-40-classes,car parts 50/valid/HEADLIGHTS/2.jpg,ia-service/datasets/annotation_batch/images/headlight/valid__headlight__002.jpg,headlight,7,valid,PENDING,false,
gpiosenka/car-parts-40-classes,car parts 50/valid/HEADLIGHTS/3.jpg,ia-service/datasets/annotation_batch/images/headlight/valid__headlight__003.jpg,headlight,7,valid,PENDING,false,
gpiosenka/car-parts-40-classes,car parts 50/valid/HEADLIGHTS/4.jpg,ia-service/datasets/annotation_batch/images/headlight/valid__headlight__004.jpg,headlight,7,valid,PENDING,false,
gpiosenka/car-parts-40-classes,car parts 50/valid/HEADLIGHTS/5.jpg,ia-service/datasets/annotation_batch/images/headlight/valid__headlight__005.jpg,headlight,7,valid,PENDING,false,
gpiosenka/car-parts-40-classes,car parts 50/test/HEADLIGHTS/1.jpg,ia-service/datasets/annotation_batch/images/headlight/test__headlight__001.jpg,headlight,7,test,PENDING,false,
gpiosenka/car-parts-40-classes,car parts 50/test/HEADLIGHTS/2.jpg,ia-service/datasets/annotation_batch/images/headlight/test__headlight__002.jpg,headlight,7,test,PENDING,false,
gpiosenka/car-parts-40-classes,car parts 50/test/HEADLIGHTS/3.jpg,ia-service/datasets/annotation_batch/images/headlight/test__headlight__003.jpg,headlight,7,test,PENDING,false,
gpiosenka/car-parts-40-classes,car parts 50/test/HEADLIGHTS/4.jpg,ia-service/datasets/annotation_batch/images/headlight/test__headlight__004.jpg,headlight,7,test,PENDING,false,
gpiosenka/car-parts-40-classes,car parts 50/test/HEADLIGHTS/5.jpg,ia-service/datasets/annotation_batch/images/headlight/test__headlight__005.jpg,headlight,7,test,PENDING,false,
khaledchawa/car-engine-bay-pictures,images/images/100.jpg,ia-service/datasets/annotation_batch/images/air_filter/unspecified__air_filter__001.jpg,air_filter,5,unspecified,ANNOTATED,true,ia-service/datasets/annotation_batch/labels/air_filter/unspecified__air_filter__001.txt
khaledchawa/car-engine-bay-pictures,images/images/1000.jpg,ia-service/datasets/annotation_batch/images/air_filter/unspecified__air_filter__002.jpg,air_filter,5,unspecified,ANNOTATED,true,ia-service/datasets/annotation_batch/labels/air_filter/unspecified__air_filter__002.txt
khaledchawa/car-engine-bay-pictures,images/images/1002.jpg,ia-service/datasets/annotation_batch/images/air_filter/unspecified__air_filter__003.jpg,air_filter,5,unspecified,ANNOTATED,true,ia-service/datasets/annotation_batch/labels/air_filter/unspecified__air_filter__003.txt
khaledchawa/car-engine-bay-pictures,images/images/1005.jpg,ia-service/datasets/annotation_batch/images/air_filter/unspecified__air_filter__004.jpg,air_filter,5,unspecified,ANNOTATED,true,ia-service/datasets/annotation_batch/labels/air_filter/unspecified__air_filter__004.txt
khaledchawa/car-engine-bay-pictures,images/images/1006.jpg,ia-service/datasets/annotation_batch/images/air_filter/unspecified__air_filter__005.jpg,air_filter,5,unspecified,ANNOTATED,true,ia-service/datasets/annotation_batch/labels/air_filter/unspecified__air_filter__005.txt
khaledchawa/car-engine-bay-pictures,images/images/1008.jpg,ia-service/datasets/annotation_batch/images/air_filter/unspecified__air_filter__006.jpg,air_filter,5,unspecified,ANNOTATED,true,ia-service/datasets/annotation_batch/labels/air_filter/unspecified__air_filter__006.txt
khaledchawa/car-engine-bay-pictures,images/images/1010.jpg,ia-service/datasets/annotation_batch/images/air_filter/unspecified__air_filter__007.jpg,air_filter,5,unspecified,ANNOTATED,true,ia-service/datasets/annotation_batch/labels/air_filter/unspecified__air_filter__007.txt
khaledchawa/car-engine-bay-pictures,images/images/1011.jpg,ia-service/datasets/annotation_batch/images/air_filter/unspecified__air_filter__008.jpg,air_filter,5,unspecified,ANNOTATED,true,ia-service/datasets/annotation_batch/labels/air_filter/unspecified__air_filter__008.txt
khaledchawa/car-engine-bay-pictures,images/images/1016.jpg,ia-service/datasets/annotation_batch/images/air_filter/unspecified__air_filter__009.jpg,air_filter,5,unspecified,ANNOTATED,true,ia-service/datasets/annotation_batch/labels/air_filter/unspecified__air_filter__009.txt
khaledchawa/car-engine-bay-pictures,images/images/1024.jpg,ia-service/datasets/annotation_batch/images/air_filter/unspecified__air_filter__010.jpg,air_filter,5,unspecified,ANNOTATED,true,ia-service/datasets/annotation_batch/labels/air_filter/unspecified__air_filter__010.txt
khaledchawa/car-engine-bay-pictures,images/images/1026.jpg,ia-service/datasets/annotation_batch/images/air_filter/unspecified__air_filter__011.jpg,air_filter,5,unspecified,ANNOTATED,true,ia-service/datasets/annotation_batch/labels/air_filter/unspecified__air_filter__011.txt
khaledchawa/car-engine-bay-pictures,images/images/1028.jpg,ia-service/datasets/annotation_batch/images/air_filter/unspecified__air_filter__012.jpg,air_filter,5,unspecified,ANNOTATED,true,ia-service/datasets/annotation_batch/labels/air_filter/unspecified__air_filter__012.txt
khaledchawa/car-engine-bay-pictures,images/images/1034.jpg,ia-service/datasets/annotation_batch/images/air_filter/unspecified__air_filter__013.jpg,air_filter,5,unspecified,ANNOTATED,true,ia-service/datasets/annotation_batch/labels/air_filter/unspecified__air_filter__013.txt
khaledchawa/car-engine-bay-pictures,images/images/1041.jpg,ia-service/datasets/annotation_batch/images/air_filter/unspecified__air_filter__014.jpg,air_filter,5,unspecified,ANNOTATED,true,ia-service/datasets/annotation_batch/labels/air_filter/unspecified__air_filter__014.txt
khaledchawa/car-engine-bay-pictures,images/images/1046.jpg,ia-service/datasets/annotation_batch/images/air_filter/unspecified__air_filter__015.jpg,air_filter,5,unspecified,ANNOTATED,true,ia-service/datasets/annotation_batch/labels/air_filter/unspecified__air_filter__015.txt
khaledchawa/car-engine-bay-pictures,images/images/1048.jpg,ia-service/datasets/annotation_batch/images/air_filter/unspecified__air_filter__016.jpg,air_filter,5,unspecified,ANNOTATED,true,ia-service/datasets/annotation_batch/labels/air_filter/unspecified__air_filter__016.txt
khaledchawa/car-engine-bay-pictures,images/images/1054.jpg,ia-service/datasets/annotation_batch/images/air_filter/unspecified__air_filter__017.jpg,air_filter,5,unspecified,ANNOTATED,true,ia-service/datasets/annotation_batch/labels/air_filter/unspecified__air_filter__017.txt
khaledchawa/car-engine-bay-pictures,images/images/1058.jpg,ia-service/datasets/annotation_batch/images/air_filter/unspecified__air_filter__018.jpg,air_filter,5,unspecified,ANNOTATED,true,ia-service/datasets/annotation_batch/labels/air_filter/unspecified__air_filter__018.txt
khaledchawa/car-engine-bay-pictures,images/images/1063.jpg,ia-service/datasets/annotation_batch/images/air_filter/unspecified__air_filter__019.jpg,air_filter,5,unspecified,ANNOTATED,true,ia-service/datasets/annotation_batch/labels/air_filter/unspecified__air_filter__019.txt
khaledchawa/car-engine-bay-pictures,images/images/1074.jpg,ia-service/datasets/annotation_batch/images/air_filter/unspecified__air_filter__020.jpg,air_filter,5,unspecified,ANNOTATED,true,ia-service/datasets/annotation_batch/labels/air_filter/unspecified__air_filter__020.txt
khaledchawa/car-engine-bay-pictures,images/images/1081.jpg,ia-service/datasets/annotation_batch/images/air_filter/unspecified__air_filter__021.jpg,air_filter,5,unspecified,ANNOTATED,true,ia-service/datasets/annotation_batch/labels/air_filter/unspecified__air_filter__021.txt
khaledchawa/car-engine-bay-pictures,images/images/1175.jpg,ia-service/datasets/annotation_batch/images/air_filter/unspecified__air_filter__022.jpg,air_filter,5,unspecified,ANNOTATED,true,ia-service/datasets/annotation_batch/labels/air_filter/unspecified__air_filter__022.txt
khaledchawa/car-engine-bay-pictures,images/images/1179.jpg,ia-service/datasets/annotation_batch/images/air_filter/unspecified__air_filter__023.jpg,air_filter,5,unspecified,ANNOTATED,true,ia-service/datasets/annotation_batch/labels/air_filter/unspecified__air_filter__023.txt
khaledchawa/car-engine-bay-pictures,images/images/1426.jpg,ia-service/datasets/annotation_batch/images/air_filter/unspecified__air_filter__024.jpg,air_filter,5,unspecified,ANNOTATED,true,ia-service/datasets/annotation_batch/labels/air_filter/unspecified__air_filter__024.txt
khaledchawa/car-engine-bay-pictures,images/images/1428.jpg,ia-service/datasets/annotation_batch/images/air_filter/unspecified__air_filter__025.jpg,air_filter,5,unspecified,ANNOTATED,true,ia-service/datasets/annotation_batch/labels/air_filter/unspecified__air_filter__025.txt
khaledchawa/car-engine-bay-pictures,images/images/1430.jpg,ia-service/datasets/annotation_batch/images/air_filter/unspecified__air_filter__026.jpg,air_filter,5,unspecified,ANNOTATED,true,ia-service/datasets/annotation_batch/labels/air_filter/unspecified__air_filter__026.txt
khaledchawa/car-engine-bay-pictures,images/images/1468.jpg,ia-service/datasets/annotation_batch/images/air_filter/unspecified__air_filter__027.jpg,air_filter,5,unspecified,ANNOTATED,true,ia-service/datasets/annotation_batch/labels/air_filter/unspecified__air_filter__027.txt
khaledchawa/car-engine-bay-pictures,images/images/147.jpg,ia-service/datasets/annotation_batch/images/air_filter/unspecified__air_filter__028.jpg,air_filter,5,unspecified,ANNOTATED,true,ia-service/datasets/annotation_batch/labels/air_filter/unspecified__air_filter__028.txt
khaledchawa/car-engine-bay-pictures,images/images/1478.jpg,ia-service/datasets/annotation_batch/images/air_filter/unspecified__air_filter__029.jpg,air_filter,5,unspecified,ANNOTATED,true,ia-service/datasets/annotation_batch/labels/air_filter/unspecified__air_filter__029.txt
khaledchawa/car-engine-bay-pictures,images/images/1491.jpg,ia-service/datasets/annotation_batch/images/air_filter/unspecified__air_filter__030.jpg,air_filter,5,unspecified,ANNOTATED,true,ia-service/datasets/annotation_batch/labels/air_filter/unspecified__air_filter__030.txt
khaledchawa/car-engine-bay-pictures,images/images/155.jpg,ia-service/datasets/annotation_batch/images/air_filter/unspecified__air_filter__031.jpg,air_filter,5,unspecified,ANNOTATED,true,ia-service/datasets/annotation_batch/labels/air_filter/unspecified__air_filter__031.txt
khaledchawa/car-engine-bay-pictures,images/images/168.jpg,ia-service/datasets/annotation_batch/images/air_filter/unspecified__air_filter__032.jpg,air_filter,5,unspecified,ANNOTATED,true,ia-service/datasets/annotation_batch/labels/air_filter/unspecified__air_filter__032.txt
khaledchawa/car-engine-bay-pictures,images/images/171.jpg,ia-service/datasets/annotation_batch/images/air_filter/unspecified__air_filter__033.jpg,air_filter,5,unspecified,ANNOTATED,true,ia-service/datasets/annotation_batch/labels/air_filter/unspecified__air_filter__033.txt
khaledchawa/car-engine-bay-pictures,images/images/172.jpg,ia-service/datasets/annotation_batch/images/air_filter/unspecified__air_filter__034.jpg,air_filter,5,unspecified,ANNOTATED,true,ia-service/datasets/annotation_batch/labels/air_filter/unspecified__air_filter__034.txt
khaledchawa/car-engine-bay-pictures,images/images/180.jpg,ia-service/datasets/annotation_batch/images/air_filter/unspecified__air_filter__035.jpg,air_filter,5,unspecified,ANNOTATED,true,ia-service/datasets/annotation_batch/labels/air_filter/unspecified__air_filter__035.txt
khaledchawa/car-engine-bay-pictures,images/images/222.jpg,ia-service/datasets/annotation_batch/images/air_filter/unspecified__air_filter__036.jpg,air_filter,5,unspecified,ANNOTATED,true,ia-service/datasets/annotation_batch/labels/air_filter/unspecified__air_filter__036.txt
khaledchawa/car-engine-bay-pictures,images/images/223.jpg,ia-service/datasets/annotation_batch/images/air_filter/unspecified__air_filter__037.jpg,air_filter,5,unspecified,ANNOTATED,true,ia-service/datasets/annotation_batch/labels/air_filter/unspecified__air_filter__037.txt
khaledchawa/car-engine-bay-pictures,images/images/227.jpg,ia-service/datasets/annotation_batch/images/air_filter/unspecified__air_filter__038.jpg,air_filter,5,unspecified,ANNOTATED,true,ia-service/datasets/annotation_batch/labels/air_filter/unspecified__air_filter__038.txt
khaledchawa/car-engine-bay-pictures,images/images/246.jpg,ia-service/datasets/annotation_batch/images/air_filter/unspecified__air_filter__039.jpg,air_filter,5,unspecified,ANNOTATED,true,ia-service/datasets/annotation_batch/labels/air_filter/unspecified__air_filter__039.txt
khaledchawa/car-engine-bay-pictures,images/images/635.jpg,ia-service/datasets/annotation_batch/images/air_filter/unspecified__air_filter__040.jpg,air_filter,5,unspecified,ANNOTATED,true,ia-service/datasets/annotation_batch/labels/air_filter/unspecified__air_filter__040.txt
khaledchawa/car-engine-bay-pictures,images/images/928.jpg,ia-service/datasets/annotation_batch/images/air_filter/unspecified__air_filter__041.jpg,air_filter,5,unspecified,ANNOTATED,true,ia-service/datasets/annotation_batch/labels/air_filter/unspecified__air_filter__041.txt
khaledchawa/car-engine-bay-pictures,images/images/938.jpg,ia-service/datasets/annotation_batch/images/air_filter/unspecified__air_filter__042.jpg,air_filter,5,unspecified,ANNOTATED,true,ia-service/datasets/annotation_batch/labels/air_filter/unspecified__air_filter__042.txt
khaledchawa/car-engine-bay-pictures,images/images/941.jpg,ia-service/datasets/annotation_batch/images/air_filter/unspecified__air_filter__043.jpg,air_filter,5,unspecified,ANNOTATED,true,ia-service/datasets/annotation_batch/labels/air_filter/unspecified__air_filter__043.txt
khaledchawa/car-engine-bay-pictures,images/images/947.jpg,ia-service/datasets/annotation_batch/images/air_filter/unspecified__air_filter__044.jpg,air_filter,5,unspecified,ANNOTATED,true,ia-service/datasets/annotation_batch/labels/air_filter/unspecified__air_filter__044.txt
khaledchawa/car-engine-bay-pictures,images/images/950.jpg,ia-service/datasets/annotation_batch/images/air_filter/unspecified__air_filter__045.jpg,air_filter,5,unspecified,ANNOTATED,true,ia-service/datasets/annotation_batch/labels/air_filter/unspecified__air_filter__045.txt
khaledchawa/car-engine-bay-pictures,images/images/966.jpg,ia-service/datasets/annotation_batch/images/air_filter/unspecified__air_filter__046.jpg,air_filter,5,unspecified,ANNOTATED,true,ia-service/datasets/annotation_batch/labels/air_filter/unspecified__air_filter__046.txt
khaledchawa/car-engine-bay-pictures,images/images/967.jpg,ia-service/datasets/annotation_batch/images/air_filter/unspecified__air_filter__047.jpg,air_filter,5,unspecified,ANNOTATED,true,ia-service/datasets/annotation_batch/labels/air_filter/unspecified__air_filter__047.txt
khaledchawa/car-engine-bay-pictures,images/images/983.jpg,ia-service/datasets/annotation_batch/images/air_filter/unspecified__air_filter__048.jpg,air_filter,5,unspecified,ANNOTATED,true,ia-service/datasets/annotation_batch/labels/air_filter/unspecified__air_filter__048.txt
khaledchawa/car-engine-bay-pictures,images/images/986.jpg,ia-service/datasets/annotation_batch/images/air_filter/unspecified__air_filter__049.jpg,air_filter,5,unspecified,ANNOTATED,true,ia-service/datasets/annotation_batch/labels/air_filter/unspecified__air_filter__049.txt
