source,source_version,original_path,local_path,original_class,original_class_id,target_class,target_class_id,original_split,license
gpiosenka/car-parts-40-classes,v3,car parts 50/test/ALTERNATOR/1.jpg,ia-service/datasets/raw/kaggle-car-parts/test/ALTERNATOR/1.jpg,ALTERNATOR,,alternator,3,test,Apache-2.0
gpiosenka/car-parts-40-classes,v3,car parts 50/test/ALTERNATOR/2.jpg,ia-service/datasets/raw/kaggle-car-parts/test/ALTERNATOR/2.jpg,ALTERNATOR,,alternator,3,test,Apache-2.0
gpiosenka/car-parts-40-classes,v3,car parts 50/test/ALTERNATOR/3.jpg,ia-service/datasets/raw/kaggle-car-parts/test/ALTERNATOR/3.jpg,ALTERNATOR,,alternator,3,test,Apache-2.0
gpiosenka/car-parts-40-classes,v3,car parts 50/test/ALTERNATOR/4.jpg,ia-service/datasets/raw/kaggle-car-parts/test/ALTERNATOR/4.jpg,ALTERNATOR,,alternator,3,test,Apache-2.0
gpiosenka/car-parts-40-classes,v3,car parts 50/test/ALTERNATOR/5.jpg,ia-service/datasets/raw/kaggle-car-parts/test/ALTERNATOR/5.jpg,ALTERNATOR,,alternator,3,test,Apache-2.0
gpiosenka/car-parts-40-classes,v3,car parts 50/test/BRAKE CALIPER/1.jpg,ia-service/datasets/raw/kaggle-car-parts/test/BRAKE CALIPER/1.jpg,BRAKE CALIPER,,brake_caliper,2,test,Apache-2.0
gpiosenka/car-parts-40-classes,v3,car parts 50/test/BRAKE CALIPER/2.jpg,ia-service/datasets/raw/kaggle-car-parts/test/BRAKE CALIPER/2.jpg,BRAKE CALIPER,,brake_caliper,2,test,Apache-2.0
gpiosenka/car-parts-40-classes,v3,car parts 50/test/BRAKE CALIPER/3.jpg,ia-service/datasets/raw/kaggle-car-parts/test/BRAKE CALIPER/3.jpg,BRAKE CALIPER,,brake_caliper,2,test,Apache-2.0
gpiosenka/car-parts-40-classes,v3,car parts 50/test/BRAKE CALIPER/4.jpg,ia-service/datasets/raw/kaggle-car-parts/test/BRAKE CALIPER/4.jpg,BRAKE CALIPER,,brake_caliper,2,test,Apache-2.0
gpiosenka/car-parts-40-classes,v3,car parts 50/test/BRAKE CALIPER/5.jpg,ia-service/datasets/raw/kaggle-car-parts/test/BRAKE CALIPER/5.jpg,BRAKE CALIPER,,brake_caliper,2,test,Apache-2.0
gpiosenka/car-parts-40-classes,v3,car parts 50/test/BRAKE PAD/1.jpg,ia-service/datasets/raw/kaggle-car-parts/test/BRAKE PAD/1.jpg,BRAKE PAD,,brake_pad,0,test,Apache-2.0
gpiosenka/car-parts-40-classes,v3,car parts 50/test/BRAKE PAD/2.jpg,ia-service/datasets/raw/kaggle-car-parts/test/BRAKE PAD/2.jpg,BRAKE PAD,,brake_pad,0,test,Apache-2.0
gpiosenka/car-parts-40-classes,v3,car parts 50/test/BRAKE PAD/3.jpg,ia-service/datasets/raw/kaggle-car-parts/test/BRAKE PAD/3.jpg,BRAKE PAD,,brake_pad,0,test,Apache-2.0
gpiosenka/car-parts-40-classes,v3,car parts 50/test/BRAKE PAD/4.jpg,ia-service/datasets/raw/kaggle-car-parts/test/BRAKE PAD/4.jpg,BRAKE PAD,,brake_pad,0,test,Apache-2.0
gpiosenka/car-parts-40-classes,v3,car parts 50/test/BRAKE PAD/5.jpg,ia-service/datasets/raw/kaggle-car-parts/test/BRAKE PAD/5.jpg,BRAKE PAD,,brake_pad,0,test,Apache-2.0
gpiosenka/car-parts-40-classes,v3,car parts 50/test/BRAKE ROTOR/1.jpg,ia-service/datasets/raw/kaggle-car-parts/test/BRAKE ROTOR/1.jpg,BRAKE ROTOR,,brake_rotor,1,test,Apache-2.0
gpiosenka/car-parts-40-classes,v3,car parts 50/test/BRAKE ROTOR/2.jpg,ia-service/datasets/raw/kaggle-car-parts/test/BRAKE ROTOR/2.jpg,BRAKE ROTOR,,brake_rotor,1,test,Apache-2.0
gpiosenka/car-parts-40-classes,v3,car parts 50/test/BRAKE ROTOR/3.jpg,ia-service/datasets/raw/kaggle-car-parts/test/BRAKE ROTOR/3.jpg,BRAKE ROTOR,,brake_rotor,1,test,Apache-2.0
gpiosenka/car-parts-40-classes,v3,car parts 50/test/BRAKE ROTOR/4.jpg,ia-service/datasets/raw/kaggle-car-parts/test/BRAKE ROTOR/4.jpg,BRAKE ROTOR,,brake_rotor,1,test,Apache-2.0
gpiosenka/car-parts-40-classes,v3,car parts 50/test/BRAKE ROTOR/5.jpg,ia-service/datasets/raw/kaggle-car-parts/test/BRAKE ROTOR/5.jpg,BRAKE ROTOR,,brake_rotor,1,test,Apache-2.0
gpiosenka/car-parts-40-classes,v3,car parts 50/test/HEADLIGHTS/1.jpg,ia-service/datasets/raw/kaggle-car-parts/test/HEADLIGHTS/1.jpg,HEADLIGHTS,,headlight,7,test,Apache-2.0
gpiosenka/car-parts-40-classes,v3,car parts 50/test/HEADLIGHTS/2.jpg,ia-service/datasets/raw/kaggle-car-parts/test/HEADLIGHTS/2.jpg,HEADLIGHTS,,headlight,7,test,Apache-2.0
gpiosenka/car-parts-40-classes,v3,car parts 50/test/HEADLIGHTS/3.jpg,ia-service/datasets/raw/kaggle-car-parts/test/HEADLIGHTS/3.jpg,HEADLIGHTS,,headlight,7,test,Apache-2.0
gpiosenka/car-parts-40-classes,v3,car parts 50/test/HEADLIGHTS/4.jpg,ia-service/datasets/raw/kaggle-car-parts/test/HEADLIGHTS/4.jpg,HEADLIGHTS,,headlight,7,test,Apache-2.0
gpiosenka/car-parts-40-classes,v3,car parts 50/test/HEADLIGHTS/5.jpg,ia-service/datasets/raw/kaggle-car-parts/test/HEADLIGHTS/5.jpg,HEADLIGHTS,,headlight,7,test,Apache-2.0
gpiosenka/car-parts-40-classes,v3,car parts 50/test/OIL FILTER/1.jpg,ia-service/datasets/raw/kaggle-car-parts/test/OIL FILTER/1.jpg,OIL FILTER,,oil_filter,4,test,Apache-2.0
gpiosenka/car-parts-40-classes,v3,car parts 50/test/OIL FILTER/2.jpg,ia-service/datasets/raw/kaggle-car-parts/test/OIL FILTER/2.jpg,OIL FILTER,,oil_filter,4,test,Apache-2.0
gpiosenka/car-parts-40-classes,v3,car parts 50/test/OIL FILTER/3.jpg,ia-service/datasets/raw/kaggle-car-parts/test/OIL FILTER/3.jpg,OIL FILTER,,oil_filter,4,test,Apache-2.0
gpiosenka/car-parts-40-classes,v3,car parts 50/test/OIL FILTER/4.jpg,ia-service/datasets/raw/kaggle-car-parts/test/OIL FILTER/4.jpg,OIL FILTER,,oil_filter,4,test,Apache-2.0
gpiosenka/car-parts-40-classes,v3,car parts 50/test/OIL FILTER/5.jpg,ia-service/datasets/raw/kaggle-car-parts/test/OIL FILTER/5.jpg,OIL FILTER,,oil_filter,4,test,Apache-2.0
gpiosenka/car-parts-40-classes,v3,car parts 50/test/RADIATOR/1.jpg,ia-service/datasets/raw/kaggle-car-parts/test/RADIATOR/1.jpg,RADIATOR,,radiator,6,test,Apache-2.0
gpiosenka/car-parts-40-classes,v3,car parts 50/test/RADIATOR/2.jpg,ia-service/datasets/raw/kaggle-car-parts/test/RADIATOR/2.jpg,RADIATOR,,radiator,6,test,Apache-2.0
gpiosenka/car-parts-40-classes,v3,car parts 50/test/RADIATOR/3.jpg,ia-service/datasets/raw/kaggle-car-parts/test/RADIATOR/3.jpg,RADIATOR,,radiator,6,test,Apache-2.0
gpiosenka/car-parts-40-classes,v3,car parts 50/test/RADIATOR/4.jpg,ia-service/datasets/raw/kaggle-car-parts/test/RADIATOR/4.jpg,RADIATOR,,radiator,6,test,Apache-2.0
gpiosenka/car-parts-40-classes,v3,car parts 50/test/RADIATOR/5.jpg,ia-service/datasets/raw/kaggle-car-parts/test/RADIATOR/5.jpg,RADIATOR,,radiator,6,test,Apache-2.0
gpiosenka/car-parts-40-classes,v3,car parts 50/train/ALTERNATOR/001.jpg,ia-service/datasets/raw/kaggle-car-parts/train/ALTERNATOR/001.jpg,ALTERNATOR,,alternator,3,train,Apache-2.0
gpiosenka/car-parts-40-classes,v3,car parts 50/train/ALTERNATOR/002.jpg,ia-service/datasets/raw/kaggle-car-parts/train/ALTERNATOR/002.jpg,ALTERNATOR,,alternator,3,train,Apache-2.0
gpiosenka/car-parts-40-classes,v3,car parts 50/train/ALTERNATOR/003.jpg,ia-service/datasets/raw/kaggle-car-parts/train/ALTERNATOR/003.jpg,ALTERNATOR,,alternator,3,train,Apache-2.0
gpiosenka/car-parts-40-classes,v3,car parts 50/train/ALTERNATOR/004.jpg,ia-service/datasets/raw/kaggle-car-parts/train/ALTERNATOR/004.jpg,ALTERNATOR,,alternator,3,train,Apache-2.0
gpiosenka/car-parts-40-classes,v3,car parts 50/train/ALTERNATOR/005.jpg,ia-service/datasets/raw/kaggle-car-parts/train/ALTERNATOR/005.jpg,ALTERNATOR,,alternator,3,train,Apache-2.0
gpiosenka/car-parts-40-classes,v3,car parts 50/train/ALTERNATOR/006.jpg,ia-service/datasets/raw/kaggle-car-parts/train/ALTERNATOR/006.jpg,ALTERNATOR,,alternator,3,train,Apache-2.0
gpiosenka/car-parts-40-classes,v3,car parts 50/train/ALTERNATOR/007.jpg,ia-service/datasets/raw/kaggle-car-parts/train/ALTERNATOR/007.jpg,ALTERNATOR,,alternator,3,train,Apache-2.0
gpiosenka/car-parts-40-classes,v3,car parts 50/train/ALTERNATOR/008.jpg,ia-service/datasets/raw/kaggle-car-parts/train/ALTERNATOR/008.jpg,ALTERNATOR,,alternator,3,train,Apache-2.0
gpiosenka/car-parts-40-classes,v3,car parts 50/train/ALTERNATOR/009.jpg,ia-service/datasets/raw/kaggle-car-parts/train/ALTERNATOR/009.jpg,ALTERNATOR,,alternator,3,train,Apache-2.0
gpiosenka/car-parts-40-classes,v3,car parts 50/train/ALTERNATOR/010.jpg,ia-service/datasets/raw/kaggle-car-parts/train/ALTERNATOR/010.jpg,ALTERNATOR,,alternator,3,train,Apache-2.0
gpiosenka/car-parts-40-classes,v3,car parts 50/train/ALTERNATOR/011.jpg,ia-service/datasets/raw/kaggle-car-parts/train/ALTERNATOR/011.jpg,ALTERNATOR,,alternator,3,train,Apache-2.0
gpiosenka/car-parts-40-classes,v3,car parts 50/train/ALTERNATOR/012.jpg,ia-service/datasets/raw/kaggle-car-parts/train/ALTERNATOR/012.jpg,ALTERNATOR,,alternator,3,train,Apache-2.0
gpiosenka/car-parts-40-classes,v3,car parts 50/train/ALTERNATOR/013.jpg,ia-service/datasets/raw/kaggle-car-parts/train/ALTERNATOR/013.jpg,ALTERNATOR,,alternator,3,train,Apache-2.0
gpiosenka/car-parts-40-classes,v3,car parts 50/train/ALTERNATOR/014.jpg,ia-service/datasets/raw/kaggle-car-parts/train/ALTERNATOR/014.jpg,ALTERNATOR,,alternator,3,train,Apache-2.0
gpiosenka/car-parts-40-classes,v3,car parts 50/train/ALTERNATOR/015.jpg,ia-service/datasets/raw/kaggle-car-parts/train/ALTERNATOR/015.jpg,ALTERNATOR,,alternator,3,train,Apache-2.0
gpiosenka/car-parts-40-classes,v3,car parts 50/train/ALTERNATOR/016.jpg,ia-service/datasets/raw/kaggle-car-parts/train/ALTERNATOR/016.jpg,ALTERNATOR,,alternator,3,train,Apache-2.0
gpiosenka/car-parts-40-classes,v3,car parts 50/train/ALTERNATOR/017.jpg,ia-service/datasets/raw/kaggle-car-parts/train/ALTERNATOR/017.jpg,ALTERNATOR,,alternator,3,train,Apache-2.0
gpiosenka/car-parts-40-classes,v3,car parts 50/train/ALTERNATOR/018.jpg,ia-service/datasets/raw/kaggle-car-parts/train/ALTERNATOR/018.jpg,ALTERNATOR,,alternator,3,train,Apache-2.0
gpiosenka/car-parts-40-classes,v3,car parts 50/train/ALTERNATOR/019.jpg,ia-service/datasets/raw/kaggle-car-parts/train/ALTERNATOR/019.jpg,ALTERNATOR,,alternator,3,train,Apache-2.0
gpiosenka/car-parts-40-classes,v3,car parts 50/train/ALTERNATOR/020.jpg,ia-service/datasets/raw/kaggle-car-parts/train/ALTERNATOR/020.jpg,ALTERNATOR,,alternator,3,train,Apache-2.0
gpiosenka/car-parts-40-classes,v3,car parts 50/train/ALTERNATOR/021.jpg,ia-service/datasets/raw/kaggle-car-parts/train/ALTERNATOR/021.jpg,ALTERNATOR,,alternator,3,train,Apache-2.0
gpiosenka/car-parts-40-classes,v3,car parts 50/train/ALTERNATOR/022.jpg,ia-service/datasets/raw/kaggle-car-parts/train/ALTERNATOR/022.jpg,ALTERNATOR,,alternator,3,train,Apache-2.0
gpiosenka/car-parts-40-classes,v3,car parts 50/train/ALTERNATOR/023.jpg,ia-service/datasets/raw/kaggle-car-parts/train/ALTERNATOR/023.jpg,ALTERNATOR,,alternator,3,train,Apache-2.0
gpiosenka/car-parts-40-classes,v3,car parts 50/train/ALTERNATOR/024.jpg,ia-service/datasets/raw/kaggle-car-parts/train/ALTERNATOR/024.jpg,ALTERNATOR,,alternator,3,train,Apache-2.0
gpiosenka/car-parts-40-classes,v3,car parts 50/train/ALTERNATOR/025.jpg,ia-service/datasets/raw/kaggle-car-parts/train/ALTERNATOR/025.jpg,ALTERNATOR,,alternator,3,train,Apache-2.0
gpiosenka/car-parts-40-classes,v3,car parts 50/train/ALTERNATOR/026.jpg,ia-service/datasets/raw/kaggle-car-parts/train/ALTERNATOR/026.jpg,ALTERNATOR,,alternator,3,train,Apache-2.0
gpiosenka/car-parts-40-classes,v3,car parts 50/train/ALTERNATOR/027.jpg,ia-service/datasets/raw/kaggle-car-parts/train/ALTERNATOR/027.jpg,ALTERNATOR,,alternator,3,train,Apache-2.0
gpiosenka/car-parts-40-classes,v3,car parts 50/train/ALTERNATOR/028.jpg,ia-service/datasets/raw/kaggle-car-parts/train/ALTERNATOR/028.jpg,ALTERNATOR,,alternator,3,train,Apache-2.0
gpiosenka/car-parts-40-classes,v3,car parts 50/train/ALTERNATOR/029.jpg,ia-service/datasets/raw/kaggle-car-parts/train/ALTERNATOR/029.jpg,ALTERNATOR,,alternator,3,train,Apache-2.0
gpiosenka/car-parts-40-classes,v3,car parts 50/train/ALTERNATOR/030.jpg,ia-service/datasets/raw/kaggle-car-parts/train/ALTERNATOR/030.jpg,ALTERNATOR,,alternator,3,train,Apache-2.0
gpiosenka/car-parts-40-classes,v3,car parts 50/train/ALTERNATOR/031.jpg,ia-service/datasets/raw/kaggle-car-parts/train/ALTERNATOR/031.jpg,ALTERNATOR,,alternator,3,train,Apache-2.0
gpiosenka/car-parts-40-classes,v3,car parts 50/train/ALTERNATOR/032.jpg,ia-service/datasets/raw/kaggle-car-parts/train/ALTERNATOR/032.jpg,ALTERNATOR,,alternator,3,train,Apache-2.0
gpiosenka/car-parts-40-classes,v3,car parts 50/train/ALTERNATOR/033.jpg,ia-service/datasets/raw/kaggle-car-parts/train/ALTERNATOR/033.jpg,ALTERNATOR,,alternator,3,train,Apache-2.0
gpiosenka/car-parts-40-classes,v3,car parts 50/train/ALTERNATOR/034.jpg,ia-service/datasets/raw/kaggle-car-parts/train/ALTERNATOR/034.jpg,ALTERNATOR,,alternator,3,train,Apache-2.0
gpiosenka/car-parts-40-classes,v3,car parts 50/train/ALTERNATOR/035.jpg,ia-service/datasets/raw/kaggle-car-parts/train/ALTERNATOR/035.jpg,ALTERNATOR,,alternator,3,train,Apache-2.0
gpiosenka/car-parts-40-classes,v3,car parts 50/train/ALTERNATOR/036.jpg,ia-service/datasets/raw/kaggle-car-parts/train/ALTERNATOR/036.jpg,ALTERNATOR,,alternator,3,train,Apache-2.0
gpiosenka/car-parts-40-classes,v3,car parts 50/train/ALTERNATOR/037.jpg,ia-service/datasets/raw/kaggle-car-parts/train/ALTERNATOR/037.jpg,ALTERNATOR,,alternator,3,train,Apache-2.0
gpiosenka/car-parts-40-classes,v3,car parts 50/train/ALTERNATOR/038.jpg,ia-service/datasets/raw/kaggle-car-parts/train/ALTERNATOR/038.jpg,ALTERNATOR,,alternator,3,train,Apache-2.0
gpiosenka/car-parts-40-classes,v3,car parts 50/train/ALTERNATOR/039.jpg,ia-service/datasets/raw/kaggle-car-parts/train/ALTERNATOR/039.jpg,ALTERNATOR,,alternator,3,train,Apache-2.0
gpiosenka/car-parts-40-classes,v3,car parts 50/train/ALTERNATOR/040.jpg,ia-service/datasets/raw/kaggle-car-parts/train/ALTERNATOR/040.jpg,ALTERNATOR,,alternator,3,train,Apache-2.0
gpiosenka/car-parts-40-classes,v3,car parts 50/train/ALTERNATOR/041.jpg,ia-service/datasets/raw/kaggle-car-parts/train/ALTERNATOR/041.jpg,ALTERNATOR,,alternator,3,train,Apache-2.0
gpiosenka/car-parts-40-classes,v3,car parts 50/train/ALTERNATOR/042.jpg,ia-service/datasets/raw/kaggle-car-parts/train/ALTERNATOR/042.jpg,ALTERNATOR,,alternator,3,train,Apache-2.0
gpiosenka/car-parts-40-classes,v3,car parts 50/train/ALTERNATOR/043.jpg,ia-service/datasets/raw/kaggle-car-parts/train/ALTERNATOR/043.jpg,ALTERNATOR,,alternator,3,train,Apache-2.0
gpiosenka/car-parts-40-classes,v3,car parts 50/train/ALTERNATOR/044.jpg,ia-service/datasets/raw/kaggle-car-parts/train/ALTERNATOR/044.jpg,ALTERNATOR,,alternator,3,train,Apache-2.0
gpiosenka/car-parts-40-classes,v3,car parts 50/train/ALTERNATOR/045.jpg,ia-service/datasets/raw/kaggle-car-parts/train/ALTERNATOR/045.jpg,ALTERNATOR,,alternator,3,train,Apache-2.0
gpiosenka/car-parts-40-classes,v3,car parts 50/train/ALTERNATOR/046.jpg,ia-service/datasets/raw/kaggle-car-parts/train/ALTERNATOR/046.jpg,ALTERNATOR,,alternator,3,train,Apache-2.0
gpiosenka/car-parts-40-classes,v3,car parts 50/train/ALTERNATOR/047.jpg,ia-service/datasets/raw/kaggle-car-parts/train/ALTERNATOR/047.jpg,ALTERNATOR,,alternator,3,train,Apache-2.0
gpiosenka/car-parts-40-classes,v3,car parts 50/train/ALTERNATOR/048.jpg,ia-service/datasets/raw/kaggle-car-parts/train/ALTERNATOR/048.jpg,ALTERNATOR,,alternator,3,train,Apache-2.0
gpiosenka/car-parts-40-classes,v3,car parts 50/train/ALTERNATOR/049.jpg,ia-service/datasets/raw/kaggle-car-parts/train/ALTERNATOR/049.jpg,ALTERNATOR,,alternator,3,train,Apache-2.0
gpiosenka/car-parts-40-classes,v3,car parts 50/train/ALTERNATOR/050.jpg,ia-service/datasets/raw/kaggle-car-parts/train/ALTERNATOR/050.jpg,ALTERNATOR,,alternator,3,train,Apache-2.0
gpiosenka/car-parts-40-classes,v3,car parts 50/train/ALTERNATOR/051.jpg,ia-service/datasets/raw/kaggle-car-parts/train/ALTERNATOR/051.jpg,ALTERNATOR,,alternator,3,train,Apache-2.0
gpiosenka/car-parts-40-classes,v3,car parts 50/train/ALTERNATOR/052.jpg,ia-service/datasets/raw/kaggle-car-parts/train/ALTERNATOR/052.jpg,ALTERNATOR,,alternator,3,train,Apache-2.0
gpiosenka/car-parts-40-classes,v3,car parts 50/train/ALTERNATOR/053.jpg,ia-service/datasets/raw/kaggle-car-parts/train/ALTERNATOR/053.jpg,ALTERNATOR,,alternator,3,train,Apache-2.0
gpiosenka/car-parts-40-classes,v3,car parts 50/train/ALTERNATOR/054.jpg,ia-service/datasets/raw/kaggle-car-parts/train/ALTERNATOR/054.jpg,ALTERNATOR,,alternator,3,train,Apache-2.0
gpiosenka/car-parts-40-classes,v3,car parts 50/train/ALTERNATOR/055.jpg,ia-service/datasets/raw/kaggle-car-parts/train/ALTERNATOR/055.jpg,ALTERNATOR,,alternator,3,train,Apache-2.0
gpiosenka/car-parts-40-classes,v3,car parts 50/train/ALTERNATOR/056.jpg,ia-service/datasets/raw/kaggle-car-parts/train/ALTERNATOR/056.jpg,ALTERNATOR,,alternator,3,train,Apache-2.0
gpiosenka/car-parts-40-classes,v3,car parts 50/train/ALTERNATOR/057.jpg,ia-service/datasets/raw/kaggle-car-parts/train/ALTERNATOR/057.jpg,ALTERNATOR,,alternator,3,train,Apache-2.0
gpiosenka/car-parts-40-classes,v3,car parts 50/train/ALTERNATOR/058.jpg,ia-service/datasets/raw/kaggle-car-parts/train/ALTERNATOR/058.jpg,ALTERNATOR,,alternator,3,train,Apache-2.0
gpiosenka/car-parts-40-classes,v3,car parts 50/train/ALTERNATOR/059.jpg,ia-service/datasets/raw/kaggle-car-parts/train/ALTERNATOR/059.jpg,ALTERNATOR,,alternator,3,train,Apache-2.0
gpiosenka/car-parts-40-classes,v3,car parts 50/train/ALTERNATOR/060.jpg,ia-service/datasets/raw/kaggle-car-parts/train/ALTERNATOR/060.jpg,ALTERNATOR,,alternator,3,train,Apache-2.0
gpiosenka/car-parts-40-classes,v3,car parts 50/train/ALTERNATOR/061.jpg,ia-service/datasets/raw/kaggle-car-parts/train/ALTERNATOR/061.jpg,ALTERNATOR,,alternator,3,train,Apache-2.0
gpiosenka/car-parts-40-classes,v3,car parts 50/train/ALTERNATOR/062.jpg,ia-service/datasets/raw/kaggle-car-parts/train/ALTERNATOR/062.jpg,ALTERNATOR,,alternator,3,train,Apache-2.0
gpiosenka/car-parts-40-classes,v3,car parts 50/train/ALTERNATOR/063.jpg,ia-service/datasets/raw/kaggle-car-parts/train/ALTERNATOR/063.jpg,ALTERNATOR,,alternator,3,train,Apache-2.0
gpiosenka/car-parts-40-classes,v3,car parts 50/train/ALTERNATOR/064.jpg,ia-service/datasets/raw/kaggle-car-parts/train/ALTERNATOR/064.jpg,ALTERNATOR,,alternator,3,train,Apache-2.0
gpiosenka/car-parts-40-classes,v3,car parts 50/train/ALTERNATOR/065.jpg,ia-service/datasets/raw/kaggle-car-parts/train/ALTERNATOR/065.jpg,ALTERNATOR,,alternator,3,train,Apache-2.0
gpiosenka/car-parts-40-classes,v3,car parts 50/train/ALTERNATOR/066.jpg,ia-service/datasets/raw/kaggle-car-parts/train/ALTERNATOR/066.jpg,ALTERNATOR,,alternator,3,train,Apache-2.0
gpiosenka/car-parts-40-classes,v3,car parts 50/train/ALTERNATOR/067.jpg,ia-service/datasets/raw/kaggle-car-parts/train/ALTERNATOR/067.jpg,ALTERNATOR,,alternator,3,train,Apache-2.0
gpiosenka/car-parts-40-classes,v3,car parts 50/train/ALTERNATOR/068.jpg,ia-service/datasets/raw/kaggle-car-parts/train/ALTERNATOR/068.jpg,ALTERNATOR,,alternator,3,train,Apache-2.0
gpiosenka/car-parts-40-classes,v3,car parts 50/train/ALTERNATOR/069.jpg,ia-service/datasets/raw/kaggle-car-parts/train/ALTERNATOR/069.jpg,ALTERNATOR,,alternator,3,train,Apache-2.0
gpiosenka/car-parts-40-classes,v3,car parts 50/train/ALTERNATOR/070.jpg,ia-service/datasets/raw/kaggle-car-parts/train/ALTERNATOR/070.jpg,ALTERNATOR,,alternator,3,train,Apache-2.0
gpiosenka/car-parts-40-classes,v3,car parts 50/train/ALTERNATOR/071.jpg,ia-service/datasets/raw/kaggle-car-parts/train/ALTERNATOR/071.jpg,ALTERNATOR,,alternator,3,train,Apache-2.0
gpiosenka/car-parts-40-classes,v3,car parts 50/train/ALTERNATOR/072.jpg,ia-service/datasets/raw/kaggle-car-parts/train/ALTERNATOR/072.jpg,ALTERNATOR,,alternator,3,train,Apache-2.0
gpiosenka/car-parts-40-classes,v3,car parts 50/train/ALTERNATOR/073.jpg,ia-service/datasets/raw/kaggle-car-parts/train/ALTERNATOR/073.jpg,ALTERNATOR,,alternator,3,train,Apache-2.0
gpiosenka/car-parts-40-classes,v3,car parts 50/train/ALTERNATOR/074.jpg,ia-service/datasets/raw/kaggle-car-parts/train/ALTERNATOR/074.jpg,ALTERNATOR,,alternator,3,train,Apache-2.0
gpiosenka/car-parts-40-classes,v3,car parts 50/train/ALTERNATOR/075.jpg,ia-service/datasets/raw/kaggle-car-parts/train/ALTERNATOR/075.jpg,ALTERNATOR,,alternator,3,train,Apache-2.0
gpiosenka/car-parts-40-classes,v3,car parts 50/train/ALTERNATOR/076.jpg,ia-service/datasets/raw/kaggle-car-parts/train/ALTERNATOR/076.jpg,ALTERNATOR,,alternator,3,train,Apache-2.0
gpiosenka/car-parts-40-classes,v3,car parts 50/train/ALTERNATOR/077.jpg,ia-service/datasets/raw/kaggle-car-parts/train/ALTERNATOR/077.jpg,ALTERNATOR,,alternator,3,train,Apache-2.0
gpiosenka/car-parts-40-classes,v3,car parts 50/train/ALTERNATOR/078.jpg,ia-service/datasets/raw/kaggle-car-parts/train/ALTERNATOR/078.jpg,ALTERNATOR,,alternator,3,train,Apache-2.0
gpiosenka/car-parts-40-classes,v3,car parts 50/train/ALTERNATOR/079.jpg,ia-service/datasets/raw/kaggle-car-parts/train/ALTERNATOR/079.jpg,ALTERNATOR,,alternator,3,train,Apache-2.0
gpiosenka/car-parts-40-classes,v3,car parts 50/train/ALTERNATOR/080.jpg,ia-service/datasets/raw/kaggle-car-parts/train/ALTERNATOR/080.jpg,ALTERNATOR,,alternator,3,train,Apache-2.0
gpiosenka/car-parts-40-classes,v3,car parts 50/train/ALTERNATOR/081.jpg,ia-service/datasets/raw/kaggle-car-parts/train/ALTERNATOR/081.jpg,ALTERNATOR,,alternator,3,train,Apache-2.0
gpiosenka/car-parts-40-classes,v3,car parts 50/train/ALTERNATOR/082.jpg,ia-service/datasets/raw/kaggle-car-parts/train/ALTERNATOR/082.jpg,ALTERNATOR,,alternator,3,train,Apache-2.0
gpiosenka/car-parts-40-classes,v3,car parts 50/train/ALTERNATOR/083.jpg,ia-service/datasets/raw/kaggle-car-parts/train/ALTERNATOR/083.jpg,ALTERNATOR,,alternator,3,train,Apache-2.0
gpiosenka/car-parts-40-classes,v3,car parts 50/train/ALTERNATOR/084.jpg,ia-service/datasets/raw/kaggle-car-parts/train/ALTERNATOR/084.jpg,ALTERNATOR,,alternator,3,train,Apache-2.0
gpiosenka/car-parts-40-classes,v3,car parts 50/train/ALTERNATOR/085.jpg,ia-service/datasets/raw/kaggle-car-parts/train/ALTERNATOR/085.jpg,ALTERNATOR,,alternator,3,train,Apache-2.0
gpiosenka/car-parts-40-classes,v3,car parts 50/train/ALTERNATOR/086.jpg,ia-service/datasets/raw/kaggle-car-parts/train/ALTERNATOR/086.jpg,ALTERNATOR,,alternator,3,train,Apache-2.0
gpiosenka/car-parts-40-classes,v3,car parts 50/train/ALTERNATOR/087.jpg,ia-service/datasets/raw/kaggle-car-parts/train/ALTERNATOR/087.jpg,ALTERNATOR,,alternator,3,train,Apache-2.0
gpiosenka/car-parts-40-classes,v3,car parts 50/train/ALTERNATOR/088.jpg,ia-service/datasets/raw/kaggle-car-parts/train/ALTERNATOR/088.jpg,ALTERNATOR,,alternator,3,train,Apache-2.0
gpiosenka/car-parts-40-classes,v3,car parts 50/train/ALTERNATOR/089.jpg,ia-service/datasets/raw/kaggle-car-parts/train/ALTERNATOR/089.jpg,ALTERNATOR,,alternator,3,train,Apache-2.0
gpiosenka/car-parts-40-classes,v3,car parts 50/train/ALTERNATOR/090.jpg,ia-service/datasets/raw/kaggle-car-parts/train/ALTERNATOR/090.jpg,ALTERNATOR,,alternator,3,train,Apache-2.0
gpiosenka/car-parts-40-classes,v3,car parts 50/train/ALTERNATOR/091.jpg,ia-service/datasets/raw/kaggle-car-parts/train/ALTERNATOR/091.jpg,ALTERNATOR,,alternator,3,train,Apache-2.0
gpiosenka/car-parts-40-classes,v3,car parts 50/train/ALTERNATOR/092.jpg,ia-service/datasets/raw/kaggle-car-parts/train/ALTERNATOR/092.jpg,ALTERNATOR,,alternator,3,train,Apache-2.0
gpiosenka/car-parts-40-classes,v3,car parts 50/train/ALTERNATOR/093.jpg,ia-service/datasets/raw/kaggle-car-parts/train/ALTERNATOR/093.jpg,ALTERNATOR,,alternator,3,train,Apache-2.0
gpiosenka/car-parts-40-classes,v3,car parts 50/train/ALTERNATOR/094.jpg,ia-service/datasets/raw/kaggle-car-parts/train/ALTERNATOR/094.jpg,ALTERNATOR,,alternator,3,train,Apache-2.0
gpiosenka/car-parts-40-classes,v3,car parts 50/train/ALTERNATOR/095.jpg,ia-service/datasets/raw/kaggle-car-parts/train/ALTERNATOR/095.jpg,ALTERNATOR,,alternator,3,train,Apache-2.0
gpiosenka/car-parts-40-classes,v3,car parts 50/train/ALTERNATOR/096.jpg,ia-service/datasets/raw/kaggle-car-parts/train/ALTERNATOR/096.jpg,ALTERNATOR,,alternator,3,train,Apache-2.0
gpiosenka/car-parts-40-classes,v3,car parts 50/train/ALTERNATOR/097.jpg,ia-service/datasets/raw/kaggle-car-parts/train/ALTERNATOR/097.jpg,ALTERNATOR,,alternator,3,train,Apache-2.0
gpiosenka/car-parts-40-classes,v3,car parts 50/train/ALTERNATOR/098.jpg,ia-service/datasets/raw/kaggle-car-parts/train/ALTERNATOR/098.jpg,ALTERNATOR,,alternator,3,train,Apache-2.0
gpiosenka/car-parts-40-classes,v3,car parts 50/train/ALTERNATOR/099.jpg,ia-service/datasets/raw/kaggle-car-parts/train/ALTERNATOR/099.jpg,ALTERNATOR,,alternator,3,train,Apache-2.0
gpiosenka/car-parts-40-classes,v3,car parts 50/train/ALTERNATOR/100.jpg,ia-service/datasets/raw/kaggle-car-parts/train/ALTERNATOR/100.jpg,ALTERNATOR,,alternator,3,train,Apache-2.0
gpiosenka/car-parts-40-classes,v3,car parts 50/train/ALTERNATOR/101.jpg,ia-service/datasets/raw/kaggle-car-parts/train/ALTERNATOR/101.jpg,ALTERNATOR,,alternator,3,train,Apache-2.0
gpiosenka/car-parts-40-classes,v3,car parts 50/train/ALTERNATOR/102.jpg,ia-service/datasets/raw/kaggle-car-parts/train/ALTERNATOR/102.jpg,ALTERNATOR,,alternator,3,train,Apache-2.0
gpiosenka/car-parts-40-classes,v3,car parts 50/train/ALTERNATOR/103.jpg,ia-service/datasets/raw/kaggle-car-parts/train/ALTERNATOR/103.jpg,ALTERNATOR,,alternator,3,train,Apache-2.0
gpiosenka/car-parts-40-classes,v3,car parts 50/train/ALTERNATOR/104.jpg,ia-service/datasets/raw/kaggle-car-parts/train/ALTERNATOR/104.jpg,ALTERNATOR,,alternator,3,train,Apache-2.0
gpiosenka/car-parts-40-classes,v3,car parts 50/train/ALTERNATOR/105.jpg,ia-service/datasets/raw/kaggle-car-parts/train/ALTERNATOR/105.jpg,ALTERNATOR,,alternator,3,train,Apache-2.0
gpiosenka/car-parts-40-classes,v3,car parts 50/train/ALTERNATOR/106.jpg,ia-service/datasets/raw/kaggle-car-parts/train/ALTERNATOR/106.jpg,ALTERNATOR,,alternator,3,train,Apache-2.0
gpiosenka/car-parts-40-classes,v3,car parts 50/train/ALTERNATOR/107.jpg,ia-service/datasets/raw/kaggle-car-parts/train/ALTERNATOR/107.jpg,ALTERNATOR,,alternator,3,train,Apache-2.0
gpiosenka/car-parts-40-classes,v3,car parts 50/train/ALTERNATOR/108.jpg,ia-service/datasets/raw/kaggle-car-parts/train/ALTERNATOR/108.jpg,ALTERNATOR,,alternator,3,train,Apache-2.0
gpiosenka/car-parts-40-classes,v3,car parts 50/train/ALTERNATOR/109.jpg,ia-service/datasets/raw/kaggle-car-parts/train/ALTERNATOR/109.jpg,ALTERNATOR,,alternator,3,train,Apache-2.0
gpiosenka/car-parts-40-classes,v3,car parts 50/train/ALTERNATOR/110.jpg,ia-service/datasets/raw/kaggle-car-parts/train/ALTERNATOR/110.jpg,ALTERNATOR,,alternator,3,train,Apache-2.0
gpiosenka/car-parts-40-classes,v3,car parts 50/train/ALTERNATOR/111.jpg,ia-service/datasets/raw/kaggle-car-parts/train/ALTERNATOR/111.jpg,ALTERNATOR,,alternator,3,train,Apache-2.0
gpiosenka/car-parts-40-classes,v3,car parts 50/train/ALTERNATOR/112.jpg,ia-service/datasets/raw/kaggle-car-parts/train/ALTERNATOR/112.jpg,ALTERNATOR,,alternator,3,train,Apache-2.0
gpiosenka/car-parts-40-classes,v3,car parts 50/train/ALTERNATOR/113.jpg,ia-service/datasets/raw/kaggle-car-parts/train/ALTERNATOR/113.jpg,ALTERNATOR,,alternator,3,train,Apache-2.0
gpiosenka/car-parts-40-classes,v3,car parts 50/train/ALTERNATOR/114.jpg,ia-service/datasets/raw/kaggle-car-parts/train/ALTERNATOR/114.jpg,ALTERNATOR,,alternator,3,train,Apache-2.0
gpiosenka/car-parts-40-classes,v3,car parts 50/train/ALTERNATOR/115.jpg,ia-service/datasets/raw/kaggle-car-parts/train/ALTERNATOR/115.jpg,ALTERNATOR,,alternator,3,train,Apache-2.0
gpiosenka/car-parts-40-classes,v3,car parts 50/train/ALTERNATOR/116.jpg,ia-service/datasets/raw/kaggle-car-parts/train/ALTERNATOR/116.jpg,ALTERNATOR,,alternator,3,train,Apache-2.0
gpiosenka/car-parts-40-classes,v3,car parts 50/train/ALTERNATOR/117.jpg,ia-service/datasets/raw/kaggle-car-parts/train/ALTERNATOR/117.jpg,ALTERNATOR,,alternator,3,train,Apache-2.0
gpiosenka/car-parts-40-classes,v3,car parts 50/train/ALTERNATOR/118.jpg,ia-service/datasets/raw/kaggle-car-parts/train/ALTERNATOR/118.jpg,ALTERNATOR,,alternator,3,train,Apache-2.0
gpiosenka/car-parts-40-classes,v3,car parts 50/train/ALTERNATOR/119.jpg,ia-service/datasets/raw/kaggle-car-parts/train/ALTERNATOR/119.jpg,ALTERNATOR,,alternator,3,train,Apache-2.0
gpiosenka/car-parts-40-classes,v3,car parts 50/train/ALTERNATOR/120.jpg,ia-service/datasets/raw/kaggle-car-parts/train/ALTERNATOR/120.jpg,ALTERNATOR,,alternator,3,train,Apache-2.0
gpiosenka/car-parts-40-classes,v3,car parts 50/train/ALTERNATOR/121.jpg,ia-service/datasets/raw/kaggle-car-parts/train/ALTERNATOR/121.jpg,ALTERNATOR,,alternator,3,train,Apache-2.0
gpiosenka/car-parts-40-classes,v3,car parts 50/train/ALTERNATOR/122.jpg,ia-service/datasets/raw/kaggle-car-parts/train/ALTERNATOR/122.jpg,ALTERNATOR,,alternator,3,train,Apache-2.0
gpiosenka/car-parts-40-classes,v3,car parts 50/train/ALTERNATOR/123.jpg,ia-service/datasets/raw/kaggle-car-parts/train/ALTERNATOR/123.jpg,ALTERNATOR,,alternator,3,train,Apache-2.0
gpiosenka/car-parts-40-classes,v3,car parts 50/train/ALTERNATOR/124.jpg,ia-service/datasets/raw/kaggle-car-parts/train/ALTERNATOR/124.jpg,ALTERNATOR,,alternator,3,train,Apache-2.0
gpiosenka/car-parts-40-classes,v3,car parts 50/train/ALTERNATOR/125.jpg,ia-service/datasets/raw/kaggle-car-parts/train/ALTERNATOR/125.jpg,ALTERNATOR,,alternator,3,train,Apache-2.0
gpiosenka/car-parts-40-classes,v3,car parts 50/train/ALTERNATOR/126.jpg,ia-service/datasets/raw/kaggle-car-parts/train/ALTERNATOR/126.jpg,ALTERNATOR,,alternator,3,train,Apache-2.0
gpiosenka/car-parts-40-classes,v3,car parts 50/train/ALTERNATOR/127.jpg,ia-service/datasets/raw/kaggle-car-parts/train/ALTERNATOR/127.jpg,ALTERNATOR,,alternator,3,train,Apache-2.0
gpiosenka/car-parts-40-classes,v3,car parts 50/train/ALTERNATOR/128.jpg,ia-service/datasets/raw/kaggle-car-parts/train/ALTERNATOR/128.jpg,ALTERNATOR,,alternator,3,train,Apache-2.0
gpiosenka/car-parts-40-classes,v3,car parts 50/train/ALTERNATOR/129.jpg,ia-service/datasets/raw/kaggle-car-parts/train/ALTERNATOR/129.jpg,ALTERNATOR,,alternator,3,train,Apache-2.0
gpiosenka/car-parts-40-classes,v3,car parts 50/train/ALTERNATOR/130.jpg,ia-service/datasets/raw/kaggle-car-parts/train/ALTERNATOR/130.jpg,ALTERNATOR,,alternator,3,train,Apache-2.0
gpiosenka/car-parts-40-classes,v3,car parts 50/train/ALTERNATOR/131.jpg,ia-service/datasets/raw/kaggle-car-parts/train/ALTERNATOR/131.jpg,ALTERNATOR,,alternator,3,train,Apache-2.0
gpiosenka/car-parts-40-classes,v3,car parts 50/train/ALTERNATOR/132.jpg,ia-service/datasets/raw/kaggle-car-parts/train/ALTERNATOR/132.jpg,ALTERNATOR,,alternator,3,train,Apache-2.0
gpiosenka/car-parts-40-classes,v3,car parts 50/train/ALTERNATOR/133.jpg,ia-service/datasets/raw/kaggle-car-parts/train/ALTERNATOR/133.jpg,ALTERNATOR,,alternator,3,train,Apache-2.0
gpiosenka/car-parts-40-classes,v3,car parts 50/train/ALTERNATOR/134.jpg,ia-service/datasets/raw/kaggle-car-parts/train/ALTERNATOR/134.jpg,ALTERNATOR,,alternator,3,train,Apache-2.0
gpiosenka/car-parts-40-classes,v3,car parts 50/train/ALTERNATOR/135.jpg,ia-service/datasets/raw/kaggle-car-parts/train/ALTERNATOR/135.jpg,ALTERNATOR,,alternator,3,train,Apache-2.0
gpiosenka/car-parts-40-classes,v3,car parts 50/train/ALTERNATOR/136.jpg,ia-service/datasets/raw/kaggle-car-parts/train/ALTERNATOR/136.jpg,ALTERNATOR,,alternator,3,train,Apache-2.0
gpiosenka/car-parts-40-classes,v3,car parts 50/train/ALTERNATOR/137.jpg,ia-service/datasets/raw/kaggle-car-parts/train/ALTERNATOR/137.jpg,ALTERNATOR,,alternator,3,train,Apache-2.0
gpiosenka/car-parts-40-classes,v3,car parts 50/train/ALTERNATOR/138.jpg,ia-service/datasets/raw/kaggle-car-parts/train/ALTERNATOR/138.jpg,ALTERNATOR,,alternator,3,train,Apache-2.0
gpiosenka/car-parts-40-classes,v3,car parts 50/train/ALTERNATOR/139.jpg,ia-service/datasets/raw/kaggle-car-parts/train/ALTERNATOR/139.jpg,ALTERNATOR,,alternator,3,train,Apache-2.0
gpiosenka/car-parts-40-classes,v3,car parts 50/train/ALTERNATOR/140.jpg,ia-service/datasets/raw/kaggle-car-parts/train/ALTERNATOR/140.jpg,ALTERNATOR,,alternator,3,train,Apache-2.0
gpiosenka/car-parts-40-classes,v3,car parts 50/train/ALTERNATOR/141.jpg,ia-service/datasets/raw/kaggle-car-parts/train/ALTERNATOR/141.jpg,ALTERNATOR,,alternator,3,train,Apache-2.0
gpiosenka/car-parts-40-classes,v3,car parts 50/train/ALTERNATOR/142.jpg,ia-service/datasets/raw/kaggle-car-parts/train/ALTERNATOR/142.jpg,ALTERNATOR,,alternator,3,train,Apache-2.0
gpiosenka/car-parts-40-classes,v3,car parts 50/train/ALTERNATOR/143.jpg,ia-service/datasets/raw/kaggle-car-parts/train/ALTERNATOR/143.jpg,ALTERNATOR,,alternator,3,train,Apache-2.0
gpiosenka/car-parts-40-classes,v3,car parts 50/train/ALTERNATOR/144.jpg,ia-service/datasets/raw/kaggle-car-parts/train/ALTERNATOR/144.jpg,ALTERNATOR,,alternator,3,train,Apache-2.0
gpiosenka/car-parts-40-classes,v3,car parts 50/train/ALTERNATOR/145.jpg,ia-service/datasets/raw/kaggle-car-parts/train/ALTERNATOR/145.jpg,ALTERNATOR,,alternator,3,train,Apache-2.0
gpiosenka/car-parts-40-classes,v3,car parts 50/train/ALTERNATOR/146.jpg,ia-service/datasets/raw/kaggle-car-parts/train/ALTERNATOR/146.jpg,ALTERNATOR,,alternator,3,train,Apache-2.0
gpiosenka/car-parts-40-classes,v3,car parts 50/train/ALTERNATOR/147.jpg,ia-service/datasets/raw/kaggle-car-parts/train/ALTERNATOR/147.jpg,ALTERNATOR,,alternator,3,train,Apache-2.0
gpiosenka/car-parts-40-classes,v3,car parts 50/train/ALTERNATOR/148.jpg,ia-service/datasets/raw/kaggle-car-parts/train/ALTERNATOR/148.jpg,ALTERNATOR,,alternator,3,train,Apache-2.0
gpiosenka/car-parts-40-classes,v3,car parts 50/train/ALTERNATOR/149.jpg,ia-service/datasets/raw/kaggle-car-parts/train/ALTERNATOR/149.jpg,ALTERNATOR,,alternator,3,train,Apache-2.0
gpiosenka/car-parts-40-classes,v3,car parts 50/train/ALTERNATOR/150.jpg,ia-service/datasets/raw/kaggle-car-parts/train/ALTERNATOR/150.jpg,ALTERNATOR,,alternator,3,train,Apache-2.0
gpiosenka/car-parts-40-classes,v3,car parts 50/train/ALTERNATOR/151.jpg,ia-service/datasets/raw/kaggle-car-parts/train/ALTERNATOR/151.jpg,ALTERNATOR,,alternator,3,train,Apache-2.0
gpiosenka/car-parts-40-classes,v3,car parts 50/train/ALTERNATOR/152.jpg,ia-service/datasets/raw/kaggle-car-parts/train/ALTERNATOR/152.jpg,ALTERNATOR,,alternator,3,train,Apache-2.0
gpiosenka/car-parts-40-classes,v3,car parts 50/train/ALTERNATOR/153.jpg,ia-service/datasets/raw/kaggle-car-parts/train/ALTERNATOR/153.jpg,ALTERNATOR,,alternator,3,train,Apache-2.0
gpiosenka/car-parts-40-classes,v3,car parts 50/train/ALTERNATOR/154.jpg,ia-service/datasets/raw/kaggle-car-parts/train/ALTERNATOR/154.jpg,ALTERNATOR,,alternator,3,train,Apache-2.0
gpiosenka/car-parts-40-classes,v3,car parts 50/train/ALTERNATOR/155.jpg,ia-service/datasets/raw/kaggle-car-parts/train/ALTERNATOR/155.jpg,ALTERNATOR,,alternator,3,train,Apache-2.0
gpiosenka/car-parts-40-classes,v3,car parts 50/train/ALTERNATOR/156.jpg,ia-service/datasets/raw/kaggle-car-parts/train/ALTERNATOR/156.jpg,ALTERNATOR,,alternator,3,train,Apache-2.0
gpiosenka/car-parts-40-classes,v3,car parts 50/train/ALTERNATOR/157.jpg,ia-service/datasets/raw/kaggle-car-parts/train/ALTERNATOR/157.jpg,ALTERNATOR,,alternator,3,train,Apache-2.0
gpiosenka/car-parts-40-classes,v3,car parts 50/train/ALTERNATOR/158.jpg,ia-service/datasets/raw/kaggle-car-parts/train/ALTERNATOR/158.jpg,ALTERNATOR,,alternator,3,train,Apache-2.0
gpiosenka/car-parts-40-classes,v3,car parts 50/train/ALTERNATOR/159.jpg,ia-service/datasets/raw/kaggle-car-parts/train/ALTERNATOR/159.jpg,ALTERNATOR,,alternator,3,train,Apache-2.0
gpiosenka/car-parts-40-classes,v3,car parts 50/train/ALTERNATOR/160.jpg,ia-service/datasets/raw/kaggle-car-parts/train/ALTERNATOR/160.jpg,ALTERNATOR,,alternator,3,train,Apache-2.0
gpiosenka/car-parts-40-classes,v3,car parts 50/train/ALTERNATOR/161.jpg,ia-service/datasets/raw/kaggle-car-parts/train/ALTERNATOR/161.jpg,ALTERNATOR,,alternator,3,train,Apache-2.0
gpiosenka/car-parts-40-classes,v3,car parts 50/train/ALTERNATOR/162.jpg,ia-service/datasets/raw/kaggle-car-parts/train/ALTERNATOR/162.jpg,ALTERNATOR,,alternator,3,train,Apache-2.0
gpiosenka/car-parts-40-classes,v3,car parts 50/train/ALTERNATOR/163.jpg,ia-service/datasets/raw/kaggle-car-parts/train/ALTERNATOR/163.jpg,ALTERNATOR,,alternator,3,train,Apache-2.0
gpiosenka/car-parts-40-classes,v3,car parts 50/train/ALTERNATOR/164.jpg,ia-service/datasets/raw/kaggle-car-parts/train/ALTERNATOR/164.jpg,ALTERNATOR,,alternator,3,train,Apache-2.0
gpiosenka/car-parts-40-classes,v3,car parts 50/train/ALTERNATOR/165.jpg,ia-service/datasets/raw/kaggle-car-parts/train/ALTERNATOR/165.jpg,ALTERNATOR,,alternator,3,train,Apache-2.0
gpiosenka/car-parts-40-classes,v3,car parts 50/train/ALTERNATOR/166.jpg,ia-service/datasets/raw/kaggle-car-parts/train/ALTERNATOR/166.jpg,ALTERNATOR,,alternator,3,train,Apache-2.0
gpiosenka/car-parts-40-classes,v3,car parts 50/train/ALTERNATOR/167.jpg,ia-service/datasets/raw/kaggle-car-parts/train/ALTERNATOR/167.jpg,ALTERNATOR,,alternator,3,train,Apache-2.0
gpiosenka/car-parts-40-classes,v3,car parts 50/train/ALTERNATOR/168.jpg,ia-service/datasets/raw/kaggle-car-parts/train/ALTERNATOR/168.jpg,ALTERNATOR,,alternator,3,train,Apache-2.0
gpiosenka/car-parts-40-classes,v3,car parts 50/train/ALTERNATOR/169.jpg,ia-service/datasets/raw/kaggle-car-parts/train/ALTERNATOR/169.jpg,ALTERNATOR,,alternator,3,train,Apache-2.0
gpiosenka/car-parts-40-classes,v3,car parts 50/train/ALTERNATOR/170.jpg,ia-service/datasets/raw/kaggle-car-parts/train/ALTERNATOR/170.jpg,ALTERNATOR,,alternator,3,train,Apache-2.0
gpiosenka/car-parts-40-classes,v3,car parts 50/train/ALTERNATOR/171.jpg,ia-service/datasets/raw/kaggle-car-parts/train/ALTERNATOR/171.jpg,ALTERNATOR,,alternator,3,train,Apache-2.0
gpiosenka/car-parts-40-classes,v3,car parts 50/train/ALTERNATOR/172.jpg,ia-service/datasets/raw/kaggle-car-parts/train/ALTERNATOR/172.jpg,ALTERNATOR,,alternator,3,train,Apache-2.0
gpiosenka/car-parts-40-classes,v3,car parts 50/train/ALTERNATOR/173.jpg,ia-service/datasets/raw/kaggle-car-parts/train/ALTERNATOR/173.jpg,ALTERNATOR,,alternator,3,train,Apache-2.0
gpiosenka/car-parts-40-classes,v3,car parts 50/train/ALTERNATOR/174.jpg,ia-service/datasets/raw/kaggle-car-parts/train/ALTERNATOR/174.jpg,ALTERNATOR,,alternator,3,train,Apache-2.0
gpiosenka/car-parts-40-classes,v3,car parts 50/train/ALTERNATOR/175.jpg,ia-service/datasets/raw/kaggle-car-parts/train/ALTERNATOR/175.jpg,ALTERNATOR,,alternator,3,train,Apache-2.0
gpiosenka/car-parts-40-classes,v3,car parts 50/train/ALTERNATOR/176.jpg,ia-service/datasets/raw/kaggle-car-parts/train/ALTERNATOR/176.jpg,ALTERNATOR,,alternator,3,train,Apache-2.0
gpiosenka/car-parts-40-classes,v3,car parts 50/train/ALTERNATOR/177.jpg,ia-service/datasets/raw/kaggle-car-parts/train/ALTERNATOR/177.jpg,ALTERNATOR,,alternator,3,train,Apache-2.0
gpiosenka/car-parts-40-classes,v3,car parts 50/train/ALTERNATOR/178.jpg,ia-service/datasets/raw/kaggle-car-parts/train/ALTERNATOR/178.jpg,ALTERNATOR,,alternator,3,train,Apache-2.0
gpiosenka/car-parts-40-classes,v3,car parts 50/train/ALTERNATOR/179.jpg,ia-service/datasets/raw/kaggle-car-parts/train/ALTERNATOR/179.jpg,ALTERNATOR,,alternator,3,train,Apache-2.0
gpiosenka/car-parts-40-classes,v3,car parts 50/train/ALTERNATOR/180.jpg,ia-service/datasets/raw/kaggle-car-parts/train/ALTERNATOR/180.jpg,ALTERNATOR,,alternator,3,train,Apache-2.0
gpiosenka/car-parts-40-classes,v3,car parts 50/train/ALTERNATOR/181.jpg,ia-service/datasets/raw/kaggle-car-parts/train/ALTERNATOR/181.jpg,ALTERNATOR,,alternator,3,train,Apache-2.0
gpiosenka/car-parts-40-classes,v3,car parts 50/train/ALTERNATOR/182.jpg,ia-service/datasets/raw/kaggle-car-parts/train/ALTERNATOR/182.jpg,ALTERNATOR,,alternator,3,train,Apache-2.0
gpiosenka/car-parts-40-classes,v3,car parts 50/train/ALTERNATOR/183.jpg,ia-service/datasets/raw/kaggle-car-parts/train/ALTERNATOR/183.jpg,ALTERNATOR,,alternator,3,train,Apache-2.0
gpiosenka/car-parts-40-classes,v3,car parts 50/train/ALTERNATOR/184.jpg,ia-service/datasets/raw/kaggle-car-parts/train/ALTERNATOR/184.jpg,ALTERNATOR,,alternator,3,train,Apache-2.0
gpiosenka/car-parts-40-classes,v3,car parts 50/train/ALTERNATOR/185.jpg,ia-service/datasets/raw/kaggle-car-parts/train/ALTERNATOR/185.jpg,ALTERNATOR,,alternator,3,train,Apache-2.0
gpiosenka/car-parts-40-classes,v3,car parts 50/train/ALTERNATOR/186.jpg,ia-service/datasets/raw/kaggle-car-parts/train/ALTERNATOR/186.jpg,ALTERNATOR,,alternator,3,train,Apache-2.0
gpiosenka/car-parts-40-classes,v3,car parts 50/train/ALTERNATOR/187.jpg,ia-service/datasets/raw/kaggle-car-parts/train/ALTERNATOR/187.jpg,ALTERNATOR,,alternator,3,train,Apache-2.0
gpiosenka/car-parts-40-classes,v3,car parts 50/train/ALTERNATOR/188.jpg,ia-service/datasets/raw/kaggle-car-parts/train/ALTERNATOR/188.jpg,ALTERNATOR,,alternator,3,train,Apache-2.0
gpiosenka/car-parts-40-classes,v3,car parts 50/train/ALTERNATOR/189.jpg,ia-service/datasets/raw/kaggle-car-parts/train/ALTERNATOR/189.jpg,ALTERNATOR,,alternator,3,train,Apache-2.0
gpiosenka/car-parts-40-classes,v3,car parts 50/train/ALTERNATOR/190.jpg,ia-service/datasets/raw/kaggle-car-parts/train/ALTERNATOR/190.jpg,ALTERNATOR,,alternator,3,train,Apache-2.0
gpiosenka/car-parts-40-classes,v3,car parts 50/train/BRAKE CALIPER/001.jpg,ia-service/datasets/raw/kaggle-car-parts/train/BRAKE CALIPER/001.jpg,BRAKE CALIPER,,brake_caliper,2,train,Apache-2.0
gpiosenka/car-parts-40-classes,v3,car parts 50/train/BRAKE CALIPER/002.jpg,ia-service/datasets/raw/kaggle-car-parts/train/BRAKE CALIPER/002.jpg,BRAKE CALIPER,,brake_caliper,2,train,Apache-2.0
gpiosenka/car-parts-40-classes,v3,car parts 50/train/BRAKE CALIPER/003.jpg,ia-service/datasets/raw/kaggle-car-parts/train/BRAKE CALIPER/003.jpg,BRAKE CALIPER,,brake_caliper,2,train,Apache-2.0
gpiosenka/car-parts-40-classes,v3,car parts 50/train/BRAKE CALIPER/004.jpg,ia-service/datasets/raw/kaggle-car-parts/train/BRAKE CALIPER/004.jpg,BRAKE CALIPER,,brake_caliper,2,train,Apache-2.0
gpiosenka/car-parts-40-classes,v3,car parts 50/train/BRAKE CALIPER/005.jpg,ia-service/datasets/raw/kaggle-car-parts/train/BRAKE CALIPER/005.jpg,BRAKE CALIPER,,brake_caliper,2,train,Apache-2.0
gpiosenka/car-parts-40-classes,v3,car parts 50/train/BRAKE CALIPER/006.jpg,ia-service/datasets/raw/kaggle-car-parts/train/BRAKE CALIPER/006.jpg,BRAKE CALIPER,,brake_caliper,2,train,Apache-2.0
gpiosenka/car-parts-40-classes,v3,car parts 50/train/BRAKE CALIPER/007.jpg,ia-service/datasets/raw/kaggle-car-parts/train/BRAKE CALIPER/007.jpg,BRAKE CALIPER,,brake_caliper,2,train,Apache-2.0
gpiosenka/car-parts-40-classes,v3,car parts 50/train/BRAKE CALIPER/008.jpg,ia-service/datasets/raw/kaggle-car-parts/train/BRAKE CALIPER/008.jpg,BRAKE CALIPER,,brake_caliper,2,train,Apache-2.0
gpiosenka/car-parts-40-classes,v3,car parts 50/train/BRAKE CALIPER/009.jpg,ia-service/datasets/raw/kaggle-car-parts/train/BRAKE CALIPER/009.jpg,BRAKE CALIPER,,brake_caliper,2,train,Apache-2.0
gpiosenka/car-parts-40-classes,v3,car parts 50/train/BRAKE CALIPER/010.jpg,ia-service/datasets/raw/kaggle-car-parts/train/BRAKE CALIPER/010.jpg,BRAKE CALIPER,,brake_caliper,2,train,Apache-2.0
gpiosenka/car-parts-40-classes,v3,car parts 50/train/BRAKE CALIPER/011.jpg,ia-service/datasets/raw/kaggle-car-parts/train/BRAKE CALIPER/011.jpg,BRAKE CALIPER,,brake_caliper,2,train,Apache-2.0
gpiosenka/car-parts-40-classes,v3,car parts 50/train/BRAKE CALIPER/012.jpg,ia-service/datasets/raw/kaggle-car-parts/train/BRAKE CALIPER/012.jpg,BRAKE CALIPER,,brake_caliper,2,train,Apache-2.0
gpiosenka/car-parts-40-classes,v3,car parts 50/train/BRAKE CALIPER/013.jpg,ia-service/datasets/raw/kaggle-car-parts/train/BRAKE CALIPER/013.jpg,BRAKE CALIPER,,brake_caliper,2,train,Apache-2.0
gpiosenka/car-parts-40-classes,v3,car parts 50/train/BRAKE CALIPER/014.jpg,ia-service/datasets/raw/kaggle-car-parts/train/BRAKE CALIPER/014.jpg,BRAKE CALIPER,,brake_caliper,2,train,Apache-2.0
gpiosenka/car-parts-40-classes,v3,car parts 50/train/BRAKE CALIPER/015.jpg,ia-service/datasets/raw/kaggle-car-parts/train/BRAKE CALIPER/015.jpg,BRAKE CALIPER,,brake_caliper,2,train,Apache-2.0
gpiosenka/car-parts-40-classes,v3,car parts 50/train/BRAKE CALIPER/016.jpg,ia-service/datasets/raw/kaggle-car-parts/train/BRAKE CALIPER/016.jpg,BRAKE CALIPER,,brake_caliper,2,train,Apache-2.0
gpiosenka/car-parts-40-classes,v3,car parts 50/train/BRAKE CALIPER/017.jpg,ia-service/datasets/raw/kaggle-car-parts/train/BRAKE CALIPER/017.jpg,BRAKE CALIPER,,brake_caliper,2,train,Apache-2.0
gpiosenka/car-parts-40-classes,v3,car parts 50/train/BRAKE CALIPER/018.jpg,ia-service/datasets/raw/kaggle-car-parts/train/BRAKE CALIPER/018.jpg,BRAKE CALIPER,,brake_caliper,2,train,Apache-2.0
gpiosenka/car-parts-40-classes,v3,car parts 50/train/BRAKE CALIPER/019.jpg,ia-service/datasets/raw/kaggle-car-parts/train/BRAKE CALIPER/019.jpg,BRAKE CALIPER,,brake_caliper,2,train,Apache-2.0
gpiosenka/car-parts-40-classes,v3,car parts 50/train/BRAKE CALIPER/020.jpg,ia-service/datasets/raw/kaggle-car-parts/train/BRAKE CALIPER/020.jpg,BRAKE CALIPER,,brake_caliper,2,train,Apache-2.0
gpiosenka/car-parts-40-classes,v3,car parts 50/train/BRAKE CALIPER/021.jpg,ia-service/datasets/raw/kaggle-car-parts/train/BRAKE CALIPER/021.jpg,BRAKE CALIPER,,brake_caliper,2,train,Apache-2.0
gpiosenka/car-parts-40-classes,v3,car parts 50/train/BRAKE CALIPER/022.jpg,ia-service/datasets/raw/kaggle-car-parts/train/BRAKE CALIPER/022.jpg,BRAKE CALIPER,,brake_caliper,2,train,Apache-2.0
gpiosenka/car-parts-40-classes,v3,car parts 50/train/BRAKE CALIPER/023.jpg,ia-service/datasets/raw/kaggle-car-parts/train/BRAKE CALIPER/023.jpg,BRAKE CALIPER,,brake_caliper,2,train,Apache-2.0
gpiosenka/car-parts-40-classes,v3,car parts 50/train/BRAKE CALIPER/024.jpg,ia-service/datasets/raw/kaggle-car-parts/train/BRAKE CALIPER/024.jpg,BRAKE CALIPER,,brake_caliper,2,train,Apache-2.0
gpiosenka/car-parts-40-classes,v3,car parts 50/train/BRAKE CALIPER/025.jpg,ia-service/datasets/raw/kaggle-car-parts/train/BRAKE CALIPER/025.jpg,BRAKE CALIPER,,brake_caliper,2,train,Apache-2.0
gpiosenka/car-parts-40-classes,v3,car parts 50/train/BRAKE CALIPER/026.jpg,ia-service/datasets/raw/kaggle-car-parts/train/BRAKE CALIPER/026.jpg,BRAKE CALIPER,,brake_caliper,2,train,Apache-2.0
gpiosenka/car-parts-40-classes,v3,car parts 50/train/BRAKE CALIPER/027.jpg,ia-service/datasets/raw/kaggle-car-parts/train/BRAKE CALIPER/027.jpg,BRAKE CALIPER,,brake_caliper,2,train,Apache-2.0
gpiosenka/car-parts-40-classes,v3,car parts 50/train/BRAKE CALIPER/028.jpg,ia-service/datasets/raw/kaggle-car-parts/train/BRAKE CALIPER/028.jpg,BRAKE CALIPER,,brake_caliper,2,train,Apache-2.0
gpiosenka/car-parts-40-classes,v3,car parts 50/train/BRAKE CALIPER/029.jpg,ia-service/datasets/raw/kaggle-car-parts/train/BRAKE CALIPER/029.jpg,BRAKE CALIPER,,brake_caliper,2,train,Apache-2.0
gpiosenka/car-parts-40-classes,v3,car parts 50/train/BRAKE CALIPER/030.jpg,ia-service/datasets/raw/kaggle-car-parts/train/BRAKE CALIPER/030.jpg,BRAKE CALIPER,,brake_caliper,2,train,Apache-2.0
gpiosenka/car-parts-40-classes,v3,car parts 50/train/BRAKE CALIPER/031.jpg,ia-service/datasets/raw/kaggle-car-parts/train/BRAKE CALIPER/031.jpg,BRAKE CALIPER,,brake_caliper,2,train,Apache-2.0
gpiosenka/car-parts-40-classes,v3,car parts 50/train/BRAKE CALIPER/032.jpg,ia-service/datasets/raw/kaggle-car-parts/train/BRAKE CALIPER/032.jpg,BRAKE CALIPER,,brake_caliper,2,train,Apache-2.0
gpiosenka/car-parts-40-classes,v3,car parts 50/train/BRAKE CALIPER/033.jpg,ia-service/datasets/raw/kaggle-car-parts/train/BRAKE CALIPER/033.jpg,BRAKE CALIPER,,brake_caliper,2,train,Apache-2.0
gpiosenka/car-parts-40-classes,v3,car parts 50/train/BRAKE CALIPER/034.jpg,ia-service/datasets/raw/kaggle-car-parts/train/BRAKE CALIPER/034.jpg,BRAKE CALIPER,,brake_caliper,2,train,Apache-2.0
gpiosenka/car-parts-40-classes,v3,car parts 50/train/BRAKE CALIPER/035.jpg,ia-service/datasets/raw/kaggle-car-parts/train/BRAKE CALIPER/035.jpg,BRAKE CALIPER,,brake_caliper,2,train,Apache-2.0
gpiosenka/car-parts-40-classes,v3,car parts 50/train/BRAKE CALIPER/036.jpg,ia-service/datasets/raw/kaggle-car-parts/train/BRAKE CALIPER/036.jpg,BRAKE CALIPER,,brake_caliper,2,train,Apache-2.0
gpiosenka/car-parts-40-classes,v3,car parts 50/train/BRAKE CALIPER/037.jpg,ia-service/datasets/raw/kaggle-car-parts/train/BRAKE CALIPER/037.jpg,BRAKE CALIPER,,brake_caliper,2,train,Apache-2.0
gpiosenka/car-parts-40-classes,v3,car parts 50/train/BRAKE CALIPER/038.jpg,ia-service/datasets/raw/kaggle-car-parts/train/BRAKE CALIPER/038.jpg,BRAKE CALIPER,,brake_caliper,2,train,Apache-2.0
gpiosenka/car-parts-40-classes,v3,car parts 50/train/BRAKE CALIPER/039.jpg,ia-service/datasets/raw/kaggle-car-parts/train/BRAKE CALIPER/039.jpg,BRAKE CALIPER,,brake_caliper,2,train,Apache-2.0
gpiosenka/car-parts-40-classes,v3,car parts 50/train/BRAKE CALIPER/040.jpg,ia-service/datasets/raw/kaggle-car-parts/train/BRAKE CALIPER/040.jpg,BRAKE CALIPER,,brake_caliper,2,train,Apache-2.0
gpiosenka/car-parts-40-classes,v3,car parts 50/train/BRAKE CALIPER/041.jpg,ia-service/datasets/raw/kaggle-car-parts/train/BRAKE CALIPER/041.jpg,BRAKE CALIPER,,brake_caliper,2,train,Apache-2.0
gpiosenka/car-parts-40-classes,v3,car parts 50/train/BRAKE CALIPER/042.jpg,ia-service/datasets/raw/kaggle-car-parts/train/BRAKE CALIPER/042.jpg,BRAKE CALIPER,,brake_caliper,2,train,Apache-2.0
gpiosenka/car-parts-40-classes,v3,car parts 50/train/BRAKE CALIPER/043.jpg,ia-service/datasets/raw/kaggle-car-parts/train/BRAKE CALIPER/043.jpg,BRAKE CALIPER,,brake_caliper,2,train,Apache-2.0
gpiosenka/car-parts-40-classes,v3,car parts 50/train/BRAKE CALIPER/044.jpg,ia-service/datasets/raw/kaggle-car-parts/train/BRAKE CALIPER/044.jpg,BRAKE CALIPER,,brake_caliper,2,train,Apache-2.0
gpiosenka/car-parts-40-classes,v3,car parts 50/train/BRAKE CALIPER/045.jpg,ia-service/datasets/raw/kaggle-car-parts/train/BRAKE CALIPER/045.jpg,BRAKE CALIPER,,brake_caliper,2,train,Apache-2.0
gpiosenka/car-parts-40-classes,v3,car parts 50/train/BRAKE CALIPER/046.jpg,ia-service/datasets/raw/kaggle-car-parts/train/BRAKE CALIPER/046.jpg,BRAKE CALIPER,,brake_caliper,2,train,Apache-2.0
gpiosenka/car-parts-40-classes,v3,car parts 50/train/BRAKE CALIPER/047.jpg,ia-service/datasets/raw/kaggle-car-parts/train/BRAKE CALIPER/047.jpg,BRAKE CALIPER,,brake_caliper,2,train,Apache-2.0
gpiosenka/car-parts-40-classes,v3,car parts 50/train/BRAKE CALIPER/048.jpg,ia-service/datasets/raw/kaggle-car-parts/train/BRAKE CALIPER/048.jpg,BRAKE CALIPER,,brake_caliper,2,train,Apache-2.0
gpiosenka/car-parts-40-classes,v3,car parts 50/train/BRAKE CALIPER/049.jpg,ia-service/datasets/raw/kaggle-car-parts/train/BRAKE CALIPER/049.jpg,BRAKE CALIPER,,brake_caliper,2,train,Apache-2.0
gpiosenka/car-parts-40-classes,v3,car parts 50/train/BRAKE CALIPER/050.jpg,ia-service/datasets/raw/kaggle-car-parts/train/BRAKE CALIPER/050.jpg,BRAKE CALIPER,,brake_caliper,2,train,Apache-2.0
gpiosenka/car-parts-40-classes,v3,car parts 50/train/BRAKE CALIPER/051.jpg,ia-service/datasets/raw/kaggle-car-parts/train/BRAKE CALIPER/051.jpg,BRAKE CALIPER,,brake_caliper,2,train,Apache-2.0
gpiosenka/car-parts-40-classes,v3,car parts 50/train/BRAKE CALIPER/052.jpg,ia-service/datasets/raw/kaggle-car-parts/train/BRAKE CALIPER/052.jpg,BRAKE CALIPER,,brake_caliper,2,train,Apache-2.0
gpiosenka/car-parts-40-classes,v3,car parts 50/train/BRAKE CALIPER/053.jpg,ia-service/datasets/raw/kaggle-car-parts/train/BRAKE CALIPER/053.jpg,BRAKE CALIPER,,brake_caliper,2,train,Apache-2.0
gpiosenka/car-parts-40-classes,v3,car parts 50/train/BRAKE CALIPER/054.jpg,ia-service/datasets/raw/kaggle-car-parts/train/BRAKE CALIPER/054.jpg,BRAKE CALIPER,,brake_caliper,2,train,Apache-2.0
gpiosenka/car-parts-40-classes,v3,car parts 50/train/BRAKE CALIPER/055.jpg,ia-service/datasets/raw/kaggle-car-parts/train/BRAKE CALIPER/055.jpg,BRAKE CALIPER,,brake_caliper,2,train,Apache-2.0
gpiosenka/car-parts-40-classes,v3,car parts 50/train/BRAKE CALIPER/056.jpg,ia-service/datasets/raw/kaggle-car-parts/train/BRAKE CALIPER/056.jpg,BRAKE CALIPER,,brake_caliper,2,train,Apache-2.0
gpiosenka/car-parts-40-classes,v3,car parts 50/train/BRAKE CALIPER/057.jpg,ia-service/datasets/raw/kaggle-car-parts/train/BRAKE CALIPER/057.jpg,BRAKE CALIPER,,brake_caliper,2,train,Apache-2.0
gpiosenka/car-parts-40-classes,v3,car parts 50/train/BRAKE CALIPER/058.jpg,ia-service/datasets/raw/kaggle-car-parts/train/BRAKE CALIPER/058.jpg,BRAKE CALIPER,,brake_caliper,2,train,Apache-2.0
gpiosenka/car-parts-40-classes,v3,car parts 50/train/BRAKE CALIPER/059.jpg,ia-service/datasets/raw/kaggle-car-parts/train/BRAKE CALIPER/059.jpg,BRAKE CALIPER,,brake_caliper,2,train,Apache-2.0
gpiosenka/car-parts-40-classes,v3,car parts 50/train/BRAKE CALIPER/060.jpg,ia-service/datasets/raw/kaggle-car-parts/train/BRAKE CALIPER/060.jpg,BRAKE CALIPER,,brake_caliper,2,train,Apache-2.0
gpiosenka/car-parts-40-classes,v3,car parts 50/train/BRAKE CALIPER/061.jpg,ia-service/datasets/raw/kaggle-car-parts/train/BRAKE CALIPER/061.jpg,BRAKE CALIPER,,brake_caliper,2,train,Apache-2.0
gpiosenka/car-parts-40-classes,v3,car parts 50/train/BRAKE CALIPER/062.jpg,ia-service/datasets/raw/kaggle-car-parts/train/BRAKE CALIPER/062.jpg,BRAKE CALIPER,,brake_caliper,2,train,Apache-2.0
gpiosenka/car-parts-40-classes,v3,car parts 50/train/BRAKE CALIPER/063.jpg,ia-service/datasets/raw/kaggle-car-parts/train/BRAKE CALIPER/063.jpg,BRAKE CALIPER,,brake_caliper,2,train,Apache-2.0
gpiosenka/car-parts-40-classes,v3,car parts 50/train/BRAKE CALIPER/064.jpg,ia-service/datasets/raw/kaggle-car-parts/train/BRAKE CALIPER/064.jpg,BRAKE CALIPER,,brake_caliper,2,train,Apache-2.0
gpiosenka/car-parts-40-classes,v3,car parts 50/train/BRAKE CALIPER/065.jpg,ia-service/datasets/raw/kaggle-car-parts/train/BRAKE CALIPER/065.jpg,BRAKE CALIPER,,brake_caliper,2,train,Apache-2.0
gpiosenka/car-parts-40-classes,v3,car parts 50/train/BRAKE CALIPER/066.jpg,ia-service/datasets/raw/kaggle-car-parts/train/BRAKE CALIPER/066.jpg,BRAKE CALIPER,,brake_caliper,2,train,Apache-2.0
gpiosenka/car-parts-40-classes,v3,car parts 50/train/BRAKE CALIPER/067.jpg,ia-service/datasets/raw/kaggle-car-parts/train/BRAKE CALIPER/067.jpg,BRAKE CALIPER,,brake_caliper,2,train,Apache-2.0
gpiosenka/car-parts-40-classes,v3,car parts 50/train/BRAKE CALIPER/068.jpg,ia-service/datasets/raw/kaggle-car-parts/train/BRAKE CALIPER/068.jpg,BRAKE CALIPER,,brake_caliper,2,train,Apache-2.0
gpiosenka/car-parts-40-classes,v3,car parts 50/train/BRAKE CALIPER/069.jpg,ia-service/datasets/raw/kaggle-car-parts/train/BRAKE CALIPER/069.jpg,BRAKE CALIPER,,brake_caliper,2,train,Apache-2.0
gpiosenka/car-parts-40-classes,v3,car parts 50/train/BRAKE CALIPER/070.jpg,ia-service/datasets/raw/kaggle-car-parts/train/BRAKE CALIPER/070.jpg,BRAKE CALIPER,,brake_caliper,2,train,Apache-2.0
gpiosenka/car-parts-40-classes,v3,car parts 50/train/BRAKE CALIPER/071.jpg,ia-service/datasets/raw/kaggle-car-parts/train/BRAKE CALIPER/071.jpg,BRAKE CALIPER,,brake_caliper,2,train,Apache-2.0
gpiosenka/car-parts-40-classes,v3,car parts 50/train/BRAKE CALIPER/072.jpg,ia-service/datasets/raw/kaggle-car-parts/train/BRAKE CALIPER/072.jpg,BRAKE CALIPER,,brake_caliper,2,train,Apache-2.0
gpiosenka/car-parts-40-classes,v3,car parts 50/train/BRAKE CALIPER/073.jpg,ia-service/datasets/raw/kaggle-car-parts/train/BRAKE CALIPER/073.jpg,BRAKE CALIPER,,brake_caliper,2,train,Apache-2.0
gpiosenka/car-parts-40-classes,v3,car parts 50/train/BRAKE CALIPER/074.jpg,ia-service/datasets/raw/kaggle-car-parts/train/BRAKE CALIPER/074.jpg,BRAKE CALIPER,,brake_caliper,2,train,Apache-2.0
gpiosenka/car-parts-40-classes,v3,car parts 50/train/BRAKE CALIPER/075.jpg,ia-service/datasets/raw/kaggle-car-parts/train/BRAKE CALIPER/075.jpg,BRAKE CALIPER,,brake_caliper,2,train,Apache-2.0
gpiosenka/car-parts-40-classes,v3,car parts 50/train/BRAKE CALIPER/076.jpg,ia-service/datasets/raw/kaggle-car-parts/train/BRAKE CALIPER/076.jpg,BRAKE CALIPER,,brake_caliper,2,train,Apache-2.0
gpiosenka/car-parts-40-classes,v3,car parts 50/train/BRAKE CALIPER/077.jpg,ia-service/datasets/raw/kaggle-car-parts/train/BRAKE CALIPER/077.jpg,BRAKE CALIPER,,brake_caliper,2,train,Apache-2.0
gpiosenka/car-parts-40-classes,v3,car parts 50/train/BRAKE CALIPER/078.jpg,ia-service/datasets/raw/kaggle-car-parts/train/BRAKE CALIPER/078.jpg,BRAKE CALIPER,,brake_caliper,2,train,Apache-2.0
gpiosenka/car-parts-40-classes,v3,car parts 50/train/BRAKE CALIPER/079.jpg,ia-service/datasets/raw/kaggle-car-parts/train/BRAKE CALIPER/079.jpg,BRAKE CALIPER,,brake_caliper,2,train,Apache-2.0
gpiosenka/car-parts-40-classes,v3,car parts 50/train/BRAKE CALIPER/080.jpg,ia-service/datasets/raw/kaggle-car-parts/train/BRAKE CALIPER/080.jpg,BRAKE CALIPER,,brake_caliper,2,train,Apache-2.0
gpiosenka/car-parts-40-classes,v3,car parts 50/train/BRAKE CALIPER/081.jpg,ia-service/datasets/raw/kaggle-car-parts/train/BRAKE CALIPER/081.jpg,BRAKE CALIPER,,brake_caliper,2,train,Apache-2.0
gpiosenka/car-parts-40-classes,v3,car parts 50/train/BRAKE CALIPER/082.jpg,ia-service/datasets/raw/kaggle-car-parts/train/BRAKE CALIPER/082.jpg,BRAKE CALIPER,,brake_caliper,2,train,Apache-2.0
gpiosenka/car-parts-40-classes,v3,car parts 50/train/BRAKE CALIPER/083.jpg,ia-service/datasets/raw/kaggle-car-parts/train/BRAKE CALIPER/083.jpg,BRAKE CALIPER,,brake_caliper,2,train,Apache-2.0
gpiosenka/car-parts-40-classes,v3,car parts 50/train/BRAKE CALIPER/084.jpg,ia-service/datasets/raw/kaggle-car-parts/train/BRAKE CALIPER/084.jpg,BRAKE CALIPER,,brake_caliper,2,train,Apache-2.0
gpiosenka/car-parts-40-classes,v3,car parts 50/train/BRAKE CALIPER/085.jpg,ia-service/datasets/raw/kaggle-car-parts/train/BRAKE CALIPER/085.jpg,BRAKE CALIPER,,brake_caliper,2,train,Apache-2.0
gpiosenka/car-parts-40-classes,v3,car parts 50/train/BRAKE CALIPER/086.jpg,ia-service/datasets/raw/kaggle-car-parts/train/BRAKE CALIPER/086.jpg,BRAKE CALIPER,,brake_caliper,2,train,Apache-2.0
gpiosenka/car-parts-40-classes,v3,car parts 50/train/BRAKE CALIPER/087.jpg,ia-service/datasets/raw/kaggle-car-parts/train/BRAKE CALIPER/087.jpg,BRAKE CALIPER,,brake_caliper,2,train,Apache-2.0
gpiosenka/car-parts-40-classes,v3,car parts 50/train/BRAKE CALIPER/088.jpg,ia-service/datasets/raw/kaggle-car-parts/train/BRAKE CALIPER/088.jpg,BRAKE CALIPER,,brake_caliper,2,train,Apache-2.0
gpiosenka/car-parts-40-classes,v3,car parts 50/train/BRAKE CALIPER/089.jpg,ia-service/datasets/raw/kaggle-car-parts/train/BRAKE CALIPER/089.jpg,BRAKE CALIPER,,brake_caliper,2,train,Apache-2.0
gpiosenka/car-parts-40-classes,v3,car parts 50/train/BRAKE CALIPER/090.jpg,ia-service/datasets/raw/kaggle-car-parts/train/BRAKE CALIPER/090.jpg,BRAKE CALIPER,,brake_caliper,2,train,Apache-2.0
gpiosenka/car-parts-40-classes,v3,car parts 50/train/BRAKE CALIPER/091.jpg,ia-service/datasets/raw/kaggle-car-parts/train/BRAKE CALIPER/091.jpg,BRAKE CALIPER,,brake_caliper,2,train,Apache-2.0
gpiosenka/car-parts-40-classes,v3,car parts 50/train/BRAKE CALIPER/092.jpg,ia-service/datasets/raw/kaggle-car-parts/train/BRAKE CALIPER/092.jpg,BRAKE CALIPER,,brake_caliper,2,train,Apache-2.0
gpiosenka/car-parts-40-classes,v3,car parts 50/train/BRAKE CALIPER/093.jpg,ia-service/datasets/raw/kaggle-car-parts/train/BRAKE CALIPER/093.jpg,BRAKE CALIPER,,brake_caliper,2,train,Apache-2.0
gpiosenka/car-parts-40-classes,v3,car parts 50/train/BRAKE CALIPER/094.jpg,ia-service/datasets/raw/kaggle-car-parts/train/BRAKE CALIPER/094.jpg,BRAKE CALIPER,,brake_caliper,2,train,Apache-2.0
gpiosenka/car-parts-40-classes,v3,car parts 50/train/BRAKE CALIPER/095.jpg,ia-service/datasets/raw/kaggle-car-parts/train/BRAKE CALIPER/095.jpg,BRAKE CALIPER,,brake_caliper,2,train,Apache-2.0
gpiosenka/car-parts-40-classes,v3,car parts 50/train/BRAKE CALIPER/096.jpg,ia-service/datasets/raw/kaggle-car-parts/train/BRAKE CALIPER/096.jpg,BRAKE CALIPER,,brake_caliper,2,train,Apache-2.0
gpiosenka/car-parts-40-classes,v3,car parts 50/train/BRAKE CALIPER/097.jpg,ia-service/datasets/raw/kaggle-car-parts/train/BRAKE CALIPER/097.jpg,BRAKE CALIPER,,brake_caliper,2,train,Apache-2.0
gpiosenka/car-parts-40-classes,v3,car parts 50/train/BRAKE CALIPER/098.jpg,ia-service/datasets/raw/kaggle-car-parts/train/BRAKE CALIPER/098.jpg,BRAKE CALIPER,,brake_caliper,2,train,Apache-2.0
gpiosenka/car-parts-40-classes,v3,car parts 50/train/BRAKE CALIPER/099.jpg,ia-service/datasets/raw/kaggle-car-parts/train/BRAKE CALIPER/099.jpg,BRAKE CALIPER,,brake_caliper,2,train,Apache-2.0
gpiosenka/car-parts-40-classes,v3,car parts 50/train/BRAKE CALIPER/100.jpg,ia-service/datasets/raw/kaggle-car-parts/train/BRAKE CALIPER/100.jpg,BRAKE CALIPER,,brake_caliper,2,train,Apache-2.0
gpiosenka/car-parts-40-classes,v3,car parts 50/train/BRAKE CALIPER/101.jpg,ia-service/datasets/raw/kaggle-car-parts/train/BRAKE CALIPER/101.jpg,BRAKE CALIPER,,brake_caliper,2,train,Apache-2.0
gpiosenka/car-parts-40-classes,v3,car parts 50/train/BRAKE CALIPER/102.jpg,ia-service/datasets/raw/kaggle-car-parts/train/BRAKE CALIPER/102.jpg,BRAKE CALIPER,,brake_caliper,2,train,Apache-2.0
gpiosenka/car-parts-40-classes,v3,car parts 50/train/BRAKE CALIPER/103.jpg,ia-service/datasets/raw/kaggle-car-parts/train/BRAKE CALIPER/103.jpg,BRAKE CALIPER,,brake_caliper,2,train,Apache-2.0
gpiosenka/car-parts-40-classes,v3,car parts 50/train/BRAKE CALIPER/104.jpg,ia-service/datasets/raw/kaggle-car-parts/train/BRAKE CALIPER/104.jpg,BRAKE CALIPER,,brake_caliper,2,train,Apache-2.0
gpiosenka/car-parts-40-classes,v3,car parts 50/train/BRAKE CALIPER/105.jpg,ia-service/datasets/raw/kaggle-car-parts/train/BRAKE CALIPER/105.jpg,BRAKE CALIPER,,brake_caliper,2,train,Apache-2.0
gpiosenka/car-parts-40-classes,v3,car parts 50/train/BRAKE CALIPER/106.jpg,ia-service/datasets/raw/kaggle-car-parts/train/BRAKE CALIPER/106.jpg,BRAKE CALIPER,,brake_caliper,2,train,Apache-2.0
gpiosenka/car-parts-40-classes,v3,car parts 50/train/BRAKE CALIPER/107.jpg,ia-service/datasets/raw/kaggle-car-parts/train/BRAKE CALIPER/107.jpg,BRAKE CALIPER,,brake_caliper,2,train,Apache-2.0
gpiosenka/car-parts-40-classes,v3,car parts 50/train/BRAKE CALIPER/108.jpg,ia-service/datasets/raw/kaggle-car-parts/train/BRAKE CALIPER/108.jpg,BRAKE CALIPER,,brake_caliper,2,train,Apache-2.0
gpiosenka/car-parts-40-classes,v3,car parts 50/train/BRAKE CALIPER/109.jpg,ia-service/datasets/raw/kaggle-car-parts/train/BRAKE CALIPER/109.jpg,BRAKE CALIPER,,brake_caliper,2,train,Apache-2.0
gpiosenka/car-parts-40-classes,v3,car parts 50/train/BRAKE CALIPER/110.jpg,ia-service/datasets/raw/kaggle-car-parts/train/BRAKE CALIPER/110.jpg,BRAKE CALIPER,,brake_caliper,2,train,Apache-2.0
gpiosenka/car-parts-40-classes,v3,car parts 50/train/BRAKE CALIPER/111.jpg,ia-service/datasets/raw/kaggle-car-parts/train/BRAKE CALIPER/111.jpg,BRAKE CALIPER,,brake_caliper,2,train,Apache-2.0
gpiosenka/car-parts-40-classes,v3,car parts 50/train/BRAKE CALIPER/112.jpg,ia-service/datasets/raw/kaggle-car-parts/train/BRAKE CALIPER/112.jpg,BRAKE CALIPER,,brake_caliper,2,train,Apache-2.0
gpiosenka/car-parts-40-classes,v3,car parts 50/train/BRAKE CALIPER/113.jpg,ia-service/datasets/raw/kaggle-car-parts/train/BRAKE CALIPER/113.jpg,BRAKE CALIPER,,brake_caliper,2,train,Apache-2.0
gpiosenka/car-parts-40-classes,v3,car parts 50/train/BRAKE CALIPER/114.jpg,ia-service/datasets/raw/kaggle-car-parts/train/BRAKE CALIPER/114.jpg,BRAKE CALIPER,,brake_caliper,2,train,Apache-2.0
gpiosenka/car-parts-40-classes,v3,car parts 50/train/BRAKE CALIPER/115.jpg,ia-service/datasets/raw/kaggle-car-parts/train/BRAKE CALIPER/115.jpg,BRAKE CALIPER,,brake_caliper,2,train,Apache-2.0
gpiosenka/car-parts-40-classes,v3,car parts 50/train/BRAKE CALIPER/116.jpg,ia-service/datasets/raw/kaggle-car-parts/train/BRAKE CALIPER/116.jpg,BRAKE CALIPER,,brake_caliper,2,train,Apache-2.0
gpiosenka/car-parts-40-classes,v3,car parts 50/train/BRAKE CALIPER/117.jpg,ia-service/datasets/raw/kaggle-car-parts/train/BRAKE CALIPER/117.jpg,BRAKE CALIPER,,brake_caliper,2,train,Apache-2.0
gpiosenka/car-parts-40-classes,v3,car parts 50/train/BRAKE CALIPER/118.jpg,ia-service/datasets/raw/kaggle-car-parts/train/BRAKE CALIPER/118.jpg,BRAKE CALIPER,,brake_caliper,2,train,Apache-2.0
gpiosenka/car-parts-40-classes,v3,car parts 50/train/BRAKE CALIPER/119.jpg,ia-service/datasets/raw/kaggle-car-parts/train/BRAKE CALIPER/119.jpg,BRAKE CALIPER,,brake_caliper,2,train,Apache-2.0
gpiosenka/car-parts-40-classes,v3,car parts 50/train/BRAKE CALIPER/120.jpg,ia-service/datasets/raw/kaggle-car-parts/train/BRAKE CALIPER/120.jpg,BRAKE CALIPER,,brake_caliper,2,train,Apache-2.0
gpiosenka/car-parts-40-classes,v3,car parts 50/train/BRAKE CALIPER/121.jpg,ia-service/datasets/raw/kaggle-car-parts/train/BRAKE CALIPER/121.jpg,BRAKE CALIPER,,brake_caliper,2,train,Apache-2.0
gpiosenka/car-parts-40-classes,v3,car parts 50/train/BRAKE CALIPER/122.jpg,ia-service/datasets/raw/kaggle-car-parts/train/BRAKE CALIPER/122.jpg,BRAKE CALIPER,,brake_caliper,2,train,Apache-2.0
gpiosenka/car-parts-40-classes,v3,car parts 50/train/BRAKE CALIPER/123.jpg,ia-service/datasets/raw/kaggle-car-parts/train/BRAKE CALIPER/123.jpg,BRAKE CALIPER,,brake_caliper,2,train,Apache-2.0
gpiosenka/car-parts-40-classes,v3,car parts 50/train/BRAKE CALIPER/124.jpg,ia-service/datasets/raw/kaggle-car-parts/train/BRAKE CALIPER/124.jpg,BRAKE CALIPER,,brake_caliper,2,train,Apache-2.0
gpiosenka/car-parts-40-classes,v3,car parts 50/train/BRAKE CALIPER/125.jpg,ia-service/datasets/raw/kaggle-car-parts/train/BRAKE CALIPER/125.jpg,BRAKE CALIPER,,brake_caliper,2,train,Apache-2.0
gpiosenka/car-parts-40-classes,v3,car parts 50/train/BRAKE CALIPER/126.jpg,ia-service/datasets/raw/kaggle-car-parts/train/BRAKE CALIPER/126.jpg,BRAKE CALIPER,,brake_caliper,2,train,Apache-2.0
gpiosenka/car-parts-40-classes,v3,car parts 50/train/BRAKE CALIPER/127.jpg,ia-service/datasets/raw/kaggle-car-parts/train/BRAKE CALIPER/127.jpg,BRAKE CALIPER,,brake_caliper,2,train,Apache-2.0
gpiosenka/car-parts-40-classes,v3,car parts 50/train/BRAKE CALIPER/128.jpg,ia-service/datasets/raw/kaggle-car-parts/train/BRAKE CALIPER/128.jpg,BRAKE CALIPER,,brake_caliper,2,train,Apache-2.0
gpiosenka/car-parts-40-classes,v3,car parts 50/train/BRAKE CALIPER/129.jpg,ia-service/datasets/raw/kaggle-car-parts/train/BRAKE CALIPER/129.jpg,BRAKE CALIPER,,brake_caliper,2,train,Apache-2.0
gpiosenka/car-parts-40-classes,v3,car parts 50/train/BRAKE CALIPER/130.jpg,ia-service/datasets/raw/kaggle-car-parts/train/BRAKE CALIPER/130.jpg,BRAKE CALIPER,,brake_caliper,2,train,Apache-2.0
gpiosenka/car-parts-40-classes,v3,car parts 50/train/BRAKE CALIPER/131.jpg,ia-service/datasets/raw/kaggle-car-parts/train/BRAKE CALIPER/131.jpg,BRAKE CALIPER,,brake_caliper,2,train,Apache-2.0
gpiosenka/car-parts-40-classes,v3,car parts 50/train/BRAKE CALIPER/132.jpg,ia-service/datasets/raw/kaggle-car-parts/train/BRAKE CALIPER/132.jpg,BRAKE CALIPER,,brake_caliper,2,train,Apache-2.0
gpiosenka/car-parts-40-classes,v3,car parts 50/train/BRAKE CALIPER/133.jpg,ia-service/datasets/raw/kaggle-car-parts/train/BRAKE CALIPER/133.jpg,BRAKE CALIPER,,brake_caliper,2,train,Apache-2.0
gpiosenka/car-parts-40-classes,v3,car parts 50/train/BRAKE CALIPER/134.jpg,ia-service/datasets/raw/kaggle-car-parts/train/BRAKE CALIPER/134.jpg,BRAKE CALIPER,,brake_caliper,2,train,Apache-2.0
gpiosenka/car-parts-40-classes,v3,car parts 50/train/BRAKE CALIPER/135.jpg,ia-service/datasets/raw/kaggle-car-parts/train/BRAKE CALIPER/135.jpg,BRAKE CALIPER,,brake_caliper,2,train,Apache-2.0
gpiosenka/car-parts-40-classes,v3,car parts 50/train/BRAKE CALIPER/136.jpg,ia-service/datasets/raw/kaggle-car-parts/train/BRAKE CALIPER/136.jpg,BRAKE CALIPER,,brake_caliper,2,train,Apache-2.0
gpiosenka/car-parts-40-classes,v3,car parts 50/train/BRAKE CALIPER/137.jpg,ia-service/datasets/raw/kaggle-car-parts/train/BRAKE CALIPER/137.jpg,BRAKE CALIPER,,brake_caliper,2,train,Apache-2.0
gpiosenka/car-parts-40-classes,v3,car parts 50/train/BRAKE CALIPER/138.jpg,ia-service/datasets/raw/kaggle-car-parts/train/BRAKE CALIPER/138.jpg,BRAKE CALIPER,,brake_caliper,2,train,Apache-2.0
gpiosenka/car-parts-40-classes,v3,car parts 50/train/BRAKE CALIPER/139.jpg,ia-service/datasets/raw/kaggle-car-parts/train/BRAKE CALIPER/139.jpg,BRAKE CALIPER,,brake_caliper,2,train,Apache-2.0
gpiosenka/car-parts-40-classes,v3,car parts 50/train/BRAKE CALIPER/140.jpg,ia-service/datasets/raw/kaggle-car-parts/train/BRAKE CALIPER/140.jpg,BRAKE CALIPER,,brake_caliper,2,train,Apache-2.0
gpiosenka/car-parts-40-classes,v3,car parts 50/train/BRAKE CALIPER/141.jpg,ia-service/datasets/raw/kaggle-car-parts/train/BRAKE CALIPER/141.jpg,BRAKE CALIPER,,brake_caliper,2,train,Apache-2.0
gpiosenka/car-parts-40-classes,v3,car parts 50/train/BRAKE CALIPER/142.jpg,ia-service/datasets/raw/kaggle-car-parts/train/BRAKE CALIPER/142.jpg,BRAKE CALIPER,,brake_caliper,2,train,Apache-2.0
gpiosenka/car-parts-40-classes,v3,car parts 50/train/BRAKE CALIPER/143.jpg,ia-service/datasets/raw/kaggle-car-parts/train/BRAKE CALIPER/143.jpg,BRAKE CALIPER,,brake_caliper,2,train,Apache-2.0
gpiosenka/car-parts-40-classes,v3,car parts 50/train/BRAKE CALIPER/144.jpg,ia-service/datasets/raw/kaggle-car-parts/train/BRAKE CALIPER/144.jpg,BRAKE CALIPER,,brake_caliper,2,train,Apache-2.0
gpiosenka/car-parts-40-classes,v3,car parts 50/train/BRAKE CALIPER/145.jpg,ia-service/datasets/raw/kaggle-car-parts/train/BRAKE CALIPER/145.jpg,BRAKE CALIPER,,brake_caliper,2,train,Apache-2.0
gpiosenka/car-parts-40-classes,v3,car parts 50/train/BRAKE CALIPER/146.jpg,ia-service/datasets/raw/kaggle-car-parts/train/BRAKE CALIPER/146.jpg,BRAKE CALIPER,,brake_caliper,2,train,Apache-2.0
gpiosenka/car-parts-40-classes,v3,car parts 50/train/BRAKE CALIPER/147.jpg,ia-service/datasets/raw/kaggle-car-parts/train/BRAKE CALIPER/147.jpg,BRAKE CALIPER,,brake_caliper,2,train,Apache-2.0
gpiosenka/car-parts-40-classes,v3,car parts 50/train/BRAKE CALIPER/148.jpg,ia-service/datasets/raw/kaggle-car-parts/train/BRAKE CALIPER/148.jpg,BRAKE CALIPER,,brake_caliper,2,train,Apache-2.0
gpiosenka/car-parts-40-classes,v3,car parts 50/train/BRAKE CALIPER/149.jpg,ia-service/datasets/raw/kaggle-car-parts/train/BRAKE CALIPER/149.jpg,BRAKE CALIPER,,brake_caliper,2,train,Apache-2.0
gpiosenka/car-parts-40-classes,v3,car parts 50/train/BRAKE CALIPER/150.jpg,ia-service/datasets/raw/kaggle-car-parts/train/BRAKE CALIPER/150.jpg,BRAKE CALIPER,,brake_caliper,2,train,Apache-2.0
gpiosenka/car-parts-40-classes,v3,car parts 50/train/BRAKE CALIPER/151.jpg,ia-service/datasets/raw/kaggle-car-parts/train/BRAKE CALIPER/151.jpg,BRAKE CALIPER,,brake_caliper,2,train,Apache-2.0
gpiosenka/car-parts-40-classes,v3,car parts 50/train/BRAKE CALIPER/152.jpg,ia-service/datasets/raw/kaggle-car-parts/train/BRAKE CALIPER/152.jpg,BRAKE CALIPER,,brake_caliper,2,train,Apache-2.0
gpiosenka/car-parts-40-classes,v3,car parts 50/train/BRAKE CALIPER/153.jpg,ia-service/datasets/raw/kaggle-car-parts/train/BRAKE CALIPER/153.jpg,BRAKE CALIPER,,brake_caliper,2,train,Apache-2.0
gpiosenka/car-parts-40-classes,v3,car parts 50/train/BRAKE CALIPER/154.jpg,ia-service/datasets/raw/kaggle-car-parts/train/BRAKE CALIPER/154.jpg,BRAKE CALIPER,,brake_caliper,2,train,Apache-2.0
gpiosenka/car-parts-40-classes,v3,car parts 50/train/BRAKE CALIPER/155.jpg,ia-service/datasets/raw/kaggle-car-parts/train/BRAKE CALIPER/155.jpg,BRAKE CALIPER,,brake_caliper,2,train,Apache-2.0
gpiosenka/car-parts-40-classes,v3,car parts 50/train/BRAKE CALIPER/156.jpg,ia-service/datasets/raw/kaggle-car-parts/train/BRAKE CALIPER/156.jpg,BRAKE CALIPER,,brake_caliper,2,train,Apache-2.0
gpiosenka/car-parts-40-classes,v3,car parts 50/train/BRAKE CALIPER/157.jpg,ia-service/datasets/raw/kaggle-car-parts/train/BRAKE CALIPER/157.jpg,BRAKE CALIPER,,brake_caliper,2,train,Apache-2.0
gpiosenka/car-parts-40-classes,v3,car parts 50/train/BRAKE CALIPER/158.jpg,ia-service/datasets/raw/kaggle-car-parts/train/BRAKE CALIPER/158.jpg,BRAKE CALIPER,,brake_caliper,2,train,Apache-2.0
gpiosenka/car-parts-40-classes,v3,car parts 50/train/BRAKE CALIPER/159.jpg,ia-service/datasets/raw/kaggle-car-parts/train/BRAKE CALIPER/159.jpg,BRAKE CALIPER,,brake_caliper,2,train,Apache-2.0
gpiosenka/car-parts-40-classes,v3,car parts 50/train/BRAKE CALIPER/160.jpg,ia-service/datasets/raw/kaggle-car-parts/train/BRAKE CALIPER/160.jpg,BRAKE CALIPER,,brake_caliper,2,train,Apache-2.0
gpiosenka/car-parts-40-classes,v3,car parts 50/train/BRAKE CALIPER/161.jpg,ia-service/datasets/raw/kaggle-car-parts/train/BRAKE CALIPER/161.jpg,BRAKE CALIPER,,brake_caliper,2,train,Apache-2.0
gpiosenka/car-parts-40-classes,v3,car parts 50/train/BRAKE CALIPER/162.jpg,ia-service/datasets/raw/kaggle-car-parts/train/BRAKE CALIPER/162.jpg,BRAKE CALIPER,,brake_caliper,2,train,Apache-2.0
gpiosenka/car-parts-40-classes,v3,car parts 50/train/BRAKE CALIPER/163.jpg,ia-service/datasets/raw/kaggle-car-parts/train/BRAKE CALIPER/163.jpg,BRAKE CALIPER,,brake_caliper,2,train,Apache-2.0
gpiosenka/car-parts-40-classes,v3,car parts 50/train/BRAKE CALIPER/164.jpg,ia-service/datasets/raw/kaggle-car-parts/train/BRAKE CALIPER/164.jpg,BRAKE CALIPER,,brake_caliper,2,train,Apache-2.0
gpiosenka/car-parts-40-classes,v3,car parts 50/train/BRAKE CALIPER/165.jpg,ia-service/datasets/raw/kaggle-car-parts/train/BRAKE CALIPER/165.jpg,BRAKE CALIPER,,brake_caliper,2,train,Apache-2.0
gpiosenka/car-parts-40-classes,v3,car parts 50/train/BRAKE CALIPER/166.jpg,ia-service/datasets/raw/kaggle-car-parts/train/BRAKE CALIPER/166.jpg,BRAKE CALIPER,,brake_caliper,2,train,Apache-2.0
gpiosenka/car-parts-40-classes,v3,car parts 50/train/BRAKE CALIPER/167.jpg,ia-service/datasets/raw/kaggle-car-parts/train/BRAKE CALIPER/167.jpg,BRAKE CALIPER,,brake_caliper,2,train,Apache-2.0
gpiosenka/car-parts-40-classes,v3,car parts 50/train/BRAKE CALIPER/168.jpg,ia-service/datasets/raw/kaggle-car-parts/train/BRAKE CALIPER/168.jpg,BRAKE CALIPER,,brake_caliper,2,train,Apache-2.0
gpiosenka/car-parts-40-classes,v3,car parts 50/train/BRAKE CALIPER/169.jpg,ia-service/datasets/raw/kaggle-car-parts/train/BRAKE CALIPER/169.jpg,BRAKE CALIPER,,brake_caliper,2,train,Apache-2.0
gpiosenka/car-parts-40-classes,v3,car parts 50/train/BRAKE CALIPER/170.jpg,ia-service/datasets/raw/kaggle-car-parts/train/BRAKE CALIPER/170.jpg,BRAKE CALIPER,,brake_caliper,2,train,Apache-2.0
gpiosenka/car-parts-40-classes,v3,car parts 50/train/BRAKE CALIPER/171.jpg,ia-service/datasets/raw/kaggle-car-parts/train/BRAKE CALIPER/171.jpg,BRAKE CALIPER,,brake_caliper,2,train,Apache-2.0
gpiosenka/car-parts-40-classes,v3,car parts 50/train/BRAKE CALIPER/172.jpg,ia-service/datasets/raw/kaggle-car-parts/train/BRAKE CALIPER/172.jpg,BRAKE CALIPER,,brake_caliper,2,train,Apache-2.0
gpiosenka/car-parts-40-classes,v3,car parts 50/train/BRAKE CALIPER/173.jpg,ia-service/datasets/raw/kaggle-car-parts/train/BRAKE CALIPER/173.jpg,BRAKE CALIPER,,brake_caliper,2,train,Apache-2.0
gpiosenka/car-parts-40-classes,v3,car parts 50/train/BRAKE CALIPER/174.jpg,ia-service/datasets/raw/kaggle-car-parts/train/BRAKE CALIPER/174.jpg,BRAKE CALIPER,,brake_caliper,2,train,Apache-2.0
gpiosenka/car-parts-40-classes,v3,car parts 50/train/BRAKE PAD/001.jpg,ia-service/datasets/raw/kaggle-car-parts/train/BRAKE PAD/001.jpg,BRAKE PAD,,brake_pad,0,train,Apache-2.0
gpiosenka/car-parts-40-classes,v3,car parts 50/train/BRAKE PAD/002.jpg,ia-service/datasets/raw/kaggle-car-parts/train/BRAKE PAD/002.jpg,BRAKE PAD,,brake_pad,0,train,Apache-2.0
gpiosenka/car-parts-40-classes,v3,car parts 50/train/BRAKE PAD/003.jpg,ia-service/datasets/raw/kaggle-car-parts/train/BRAKE PAD/003.jpg,BRAKE PAD,,brake_pad,0,train,Apache-2.0
gpiosenka/car-parts-40-classes,v3,car parts 50/train/BRAKE PAD/004.jpg,ia-service/datasets/raw/kaggle-car-parts/train/BRAKE PAD/004.jpg,BRAKE PAD,,brake_pad,0,train,Apache-2.0
gpiosenka/car-parts-40-classes,v3,car parts 50/train/BRAKE PAD/005.jpg,ia-service/datasets/raw/kaggle-car-parts/train/BRAKE PAD/005.jpg,BRAKE PAD,,brake_pad,0,train,Apache-2.0
gpiosenka/car-parts-40-classes,v3,car parts 50/train/BRAKE PAD/006.jpg,ia-service/datasets/raw/kaggle-car-parts/train/BRAKE PAD/006.jpg,BRAKE PAD,,brake_pad,0,train,Apache-2.0
gpiosenka/car-parts-40-classes,v3,car parts 50/train/BRAKE PAD/007.jpg,ia-service/datasets/raw/kaggle-car-parts/train/BRAKE PAD/007.jpg,BRAKE PAD,,brake_pad,0,train,Apache-2.0
gpiosenka/car-parts-40-classes,v3,car parts 50/train/BRAKE PAD/008.jpg,ia-service/datasets/raw/kaggle-car-parts/train/BRAKE PAD/008.jpg,BRAKE PAD,,brake_pad,0,train,Apache-2.0
gpiosenka/car-parts-40-classes,v3,car parts 50/train/BRAKE PAD/009.jpg,ia-service/datasets/raw/kaggle-car-parts/train/BRAKE PAD/009.jpg,BRAKE PAD,,brake_pad,0,train,Apache-2.0
gpiosenka/car-parts-40-classes,v3,car parts 50/train/BRAKE PAD/010.jpg,ia-service/datasets/raw/kaggle-car-parts/train/BRAKE PAD/010.jpg,BRAKE PAD,,brake_pad,0,train,Apache-2.0
gpiosenka/car-parts-40-classes,v3,car parts 50/train/BRAKE PAD/011.jpg,ia-service/datasets/raw/kaggle-car-parts/train/BRAKE PAD/011.jpg,BRAKE PAD,,brake_pad,0,train,Apache-2.0
gpiosenka/car-parts-40-classes,v3,car parts 50/train/BRAKE PAD/012.jpg,ia-service/datasets/raw/kaggle-car-parts/train/BRAKE PAD/012.jpg,BRAKE PAD,,brake_pad,0,train,Apache-2.0
gpiosenka/car-parts-40-classes,v3,car parts 50/train/BRAKE PAD/013.jpg,ia-service/datasets/raw/kaggle-car-parts/train/BRAKE PAD/013.jpg,BRAKE PAD,,brake_pad,0,train,Apache-2.0
gpiosenka/car-parts-40-classes,v3,car parts 50/train/BRAKE PAD/014.jpg,ia-service/datasets/raw/kaggle-car-parts/train/BRAKE PAD/014.jpg,BRAKE PAD,,brake_pad,0,train,Apache-2.0
gpiosenka/car-parts-40-classes,v3,car parts 50/train/BRAKE PAD/015.jpg,ia-service/datasets/raw/kaggle-car-parts/train/BRAKE PAD/015.jpg,BRAKE PAD,,brake_pad,0,train,Apache-2.0
gpiosenka/car-parts-40-classes,v3,car parts 50/train/BRAKE PAD/016.jpg,ia-service/datasets/raw/kaggle-car-parts/train/BRAKE PAD/016.jpg,BRAKE PAD,,brake_pad,0,train,Apache-2.0
gpiosenka/car-parts-40-classes,v3,car parts 50/train/BRAKE PAD/017.jpg,ia-service/datasets/raw/kaggle-car-parts/train/BRAKE PAD/017.jpg,BRAKE PAD,,brake_pad,0,train,Apache-2.0
gpiosenka/car-parts-40-classes,v3,car parts 50/train/BRAKE PAD/018.jpg,ia-service/datasets/raw/kaggle-car-parts/train/BRAKE PAD/018.jpg,BRAKE PAD,,brake_pad,0,train,Apache-2.0
gpiosenka/car-parts-40-classes,v3,car parts 50/train/BRAKE PAD/019.jpg,ia-service/datasets/raw/kaggle-car-parts/train/BRAKE PAD/019.jpg,BRAKE PAD,,brake_pad,0,train,Apache-2.0
gpiosenka/car-parts-40-classes,v3,car parts 50/train/BRAKE PAD/020.jpg,ia-service/datasets/raw/kaggle-car-parts/train/BRAKE PAD/020.jpg,BRAKE PAD,,brake_pad,0,train,Apache-2.0
gpiosenka/car-parts-40-classes,v3,car parts 50/train/BRAKE PAD/021.jpg,ia-service/datasets/raw/kaggle-car-parts/train/BRAKE PAD/021.jpg,BRAKE PAD,,brake_pad,0,train,Apache-2.0
gpiosenka/car-parts-40-classes,v3,car parts 50/train/BRAKE PAD/022.jpg,ia-service/datasets/raw/kaggle-car-parts/train/BRAKE PAD/022.jpg,BRAKE PAD,,brake_pad,0,train,Apache-2.0
gpiosenka/car-parts-40-classes,v3,car parts 50/train/BRAKE PAD/023.jpg,ia-service/datasets/raw/kaggle-car-parts/train/BRAKE PAD/023.jpg,BRAKE PAD,,brake_pad,0,train,Apache-2.0
gpiosenka/car-parts-40-classes,v3,car parts 50/train/BRAKE PAD/024.jpg,ia-service/datasets/raw/kaggle-car-parts/train/BRAKE PAD/024.jpg,BRAKE PAD,,brake_pad,0,train,Apache-2.0
gpiosenka/car-parts-40-classes,v3,car parts 50/train/BRAKE PAD/025.jpg,ia-service/datasets/raw/kaggle-car-parts/train/BRAKE PAD/025.jpg,BRAKE PAD,,brake_pad,0,train,Apache-2.0
gpiosenka/car-parts-40-classes,v3,car parts 50/train/BRAKE PAD/026.jpg,ia-service/datasets/raw/kaggle-car-parts/train/BRAKE PAD/026.jpg,BRAKE PAD,,brake_pad,0,train,Apache-2.0
gpiosenka/car-parts-40-classes,v3,car parts 50/train/BRAKE PAD/027.jpg,ia-service/datasets/raw/kaggle-car-parts/train/BRAKE PAD/027.jpg,BRAKE PAD,,brake_pad,0,train,Apache-2.0
gpiosenka/car-parts-40-classes,v3,car parts 50/train/BRAKE PAD/028.jpg,ia-service/datasets/raw/kaggle-car-parts/train/BRAKE PAD/028.jpg,BRAKE PAD,,brake_pad,0,train,Apache-2.0
gpiosenka/car-parts-40-classes,v3,car parts 50/train/BRAKE PAD/029.jpg,ia-service/datasets/raw/kaggle-car-parts/train/BRAKE PAD/029.jpg,BRAKE PAD,,brake_pad,0,train,Apache-2.0
gpiosenka/car-parts-40-classes,v3,car parts 50/train/BRAKE PAD/030.jpg,ia-service/datasets/raw/kaggle-car-parts/train/BRAKE PAD/030.jpg,BRAKE PAD,,brake_pad,0,train,Apache-2.0
gpiosenka/car-parts-40-classes,v3,car parts 50/train/BRAKE PAD/031.jpg,ia-service/datasets/raw/kaggle-car-parts/train/BRAKE PAD/031.jpg,BRAKE PAD,,brake_pad,0,train,Apache-2.0
gpiosenka/car-parts-40-classes,v3,car parts 50/train/BRAKE PAD/032.jpg,ia-service/datasets/raw/kaggle-car-parts/train/BRAKE PAD/032.jpg,BRAKE PAD,,brake_pad,0,train,Apache-2.0
gpiosenka/car-parts-40-classes,v3,car parts 50/train/BRAKE PAD/033.jpg,ia-service/datasets/raw/kaggle-car-parts/train/BRAKE PAD/033.jpg,BRAKE PAD,,brake_pad,0,train,Apache-2.0
gpiosenka/car-parts-40-classes,v3,car parts 50/train/BRAKE PAD/034.jpg,ia-service/datasets/raw/kaggle-car-parts/train/BRAKE PAD/034.jpg,BRAKE PAD,,brake_pad,0,train,Apache-2.0
gpiosenka/car-parts-40-classes,v3,car parts 50/train/BRAKE PAD/035.jpg,ia-service/datasets/raw/kaggle-car-parts/train/BRAKE PAD/035.jpg,BRAKE PAD,,brake_pad,0,train,Apache-2.0
gpiosenka/car-parts-40-classes,v3,car parts 50/train/BRAKE PAD/036.jpg,ia-service/datasets/raw/kaggle-car-parts/train/BRAKE PAD/036.jpg,BRAKE PAD,,brake_pad,0,train,Apache-2.0
gpiosenka/car-parts-40-classes,v3,car parts 50/train/BRAKE PAD/037.jpg,ia-service/datasets/raw/kaggle-car-parts/train/BRAKE PAD/037.jpg,BRAKE PAD,,brake_pad,0,train,Apache-2.0
gpiosenka/car-parts-40-classes,v3,car parts 50/train/BRAKE PAD/038.jpg,ia-service/datasets/raw/kaggle-car-parts/train/BRAKE PAD/038.jpg,BRAKE PAD,,brake_pad,0,train,Apache-2.0
gpiosenka/car-parts-40-classes,v3,car parts 50/train/BRAKE PAD/039.jpg,ia-service/datasets/raw/kaggle-car-parts/train/BRAKE PAD/039.jpg,BRAKE PAD,,brake_pad,0,train,Apache-2.0
gpiosenka/car-parts-40-classes,v3,car parts 50/train/BRAKE PAD/040.jpg,ia-service/datasets/raw/kaggle-car-parts/train/BRAKE PAD/040.jpg,BRAKE PAD,,brake_pad,0,train,Apache-2.0
gpiosenka/car-parts-40-classes,v3,car parts 50/train/BRAKE PAD/041.jpg,ia-service/datasets/raw/kaggle-car-parts/train/BRAKE PAD/041.jpg,BRAKE PAD,,brake_pad,0,train,Apache-2.0
gpiosenka/car-parts-40-classes,v3,car parts 50/train/BRAKE PAD/042.jpg,ia-service/datasets/raw/kaggle-car-parts/train/BRAKE PAD/042.jpg,BRAKE PAD,,brake_pad,0,train,Apache-2.0
gpiosenka/car-parts-40-classes,v3,car parts 50/train/BRAKE PAD/043.jpg,ia-service/datasets/raw/kaggle-car-parts/train/BRAKE PAD/043.jpg,BRAKE PAD,,brake_pad,0,train,Apache-2.0
gpiosenka/car-parts-40-classes,v3,car parts 50/train/BRAKE PAD/044.jpg,ia-service/datasets/raw/kaggle-car-parts/train/BRAKE PAD/044.jpg,BRAKE PAD,,brake_pad,0,train,Apache-2.0
gpiosenka/car-parts-40-classes,v3,car parts 50/train/BRAKE PAD/045.jpg,ia-service/datasets/raw/kaggle-car-parts/train/BRAKE PAD/045.jpg,BRAKE PAD,,brake_pad,0,train,Apache-2.0
gpiosenka/car-parts-40-classes,v3,car parts 50/train/BRAKE PAD/046.jpg,ia-service/datasets/raw/kaggle-car-parts/train/BRAKE PAD/046.jpg,BRAKE PAD,,brake_pad,0,train,Apache-2.0
gpiosenka/car-parts-40-classes,v3,car parts 50/train/BRAKE PAD/047.jpg,ia-service/datasets/raw/kaggle-car-parts/train/BRAKE PAD/047.jpg,BRAKE PAD,,brake_pad,0,train,Apache-2.0
gpiosenka/car-parts-40-classes,v3,car parts 50/train/BRAKE PAD/048.jpg,ia-service/datasets/raw/kaggle-car-parts/train/BRAKE PAD/048.jpg,BRAKE PAD,,brake_pad,0,train,Apache-2.0
gpiosenka/car-parts-40-classes,v3,car parts 50/train/BRAKE PAD/049.jpg,ia-service/datasets/raw/kaggle-car-parts/train/BRAKE PAD/049.jpg,BRAKE PAD,,brake_pad,0,train,Apache-2.0
gpiosenka/car-parts-40-classes,v3,car parts 50/train/BRAKE PAD/050.jpg,ia-service/datasets/raw/kaggle-car-parts/train/BRAKE PAD/050.jpg,BRAKE PAD,,brake_pad,0,train,Apache-2.0
gpiosenka/car-parts-40-classes,v3,car parts 50/train/BRAKE PAD/051.jpg,ia-service/datasets/raw/kaggle-car-parts/train/BRAKE PAD/051.jpg,BRAKE PAD,,brake_pad,0,train,Apache-2.0
gpiosenka/car-parts-40-classes,v3,car parts 50/train/BRAKE PAD/052.jpg,ia-service/datasets/raw/kaggle-car-parts/train/BRAKE PAD/052.jpg,BRAKE PAD,,brake_pad,0,train,Apache-2.0
gpiosenka/car-parts-40-classes,v3,car parts 50/train/BRAKE PAD/053.jpg,ia-service/datasets/raw/kaggle-car-parts/train/BRAKE PAD/053.jpg,BRAKE PAD,,brake_pad,0,train,Apache-2.0
gpiosenka/car-parts-40-classes,v3,car parts 50/train/BRAKE PAD/054.jpg,ia-service/datasets/raw/kaggle-car-parts/train/BRAKE PAD/054.jpg,BRAKE PAD,,brake_pad,0,train,Apache-2.0
gpiosenka/car-parts-40-classes,v3,car parts 50/train/BRAKE PAD/055.jpg,ia-service/datasets/raw/kaggle-car-parts/train/BRAKE PAD/055.jpg,BRAKE PAD,,brake_pad,0,train,Apache-2.0
gpiosenka/car-parts-40-classes,v3,car parts 50/train/BRAKE PAD/056.jpg,ia-service/datasets/raw/kaggle-car-parts/train/BRAKE PAD/056.jpg,BRAKE PAD,,brake_pad,0,train,Apache-2.0
gpiosenka/car-parts-40-classes,v3,car parts 50/train/BRAKE PAD/057.jpg,ia-service/datasets/raw/kaggle-car-parts/train/BRAKE PAD/057.jpg,BRAKE PAD,,brake_pad,0,train,Apache-2.0
gpiosenka/car-parts-40-classes,v3,car parts 50/train/BRAKE PAD/058.jpg,ia-service/datasets/raw/kaggle-car-parts/train/BRAKE PAD/058.jpg,BRAKE PAD,,brake_pad,0,train,Apache-2.0
gpiosenka/car-parts-40-classes,v3,car parts 50/train/BRAKE PAD/059.jpg,ia-service/datasets/raw/kaggle-car-parts/train/BRAKE PAD/059.jpg,BRAKE PAD,,brake_pad,0,train,Apache-2.0
gpiosenka/car-parts-40-classes,v3,car parts 50/train/BRAKE PAD/060.jpg,ia-service/datasets/raw/kaggle-car-parts/train/BRAKE PAD/060.jpg,BRAKE PAD,,brake_pad,0,train,Apache-2.0
gpiosenka/car-parts-40-classes,v3,car parts 50/train/BRAKE PAD/061.jpg,ia-service/datasets/raw/kaggle-car-parts/train/BRAKE PAD/061.jpg,BRAKE PAD,,brake_pad,0,train,Apache-2.0
gpiosenka/car-parts-40-classes,v3,car parts 50/train/BRAKE PAD/062.jpg,ia-service/datasets/raw/kaggle-car-parts/train/BRAKE PAD/062.jpg,BRAKE PAD,,brake_pad,0,train,Apache-2.0
gpiosenka/car-parts-40-classes,v3,car parts 50/train/BRAKE PAD/063.jpg,ia-service/datasets/raw/kaggle-car-parts/train/BRAKE PAD/063.jpg,BRAKE PAD,,brake_pad,0,train,Apache-2.0
gpiosenka/car-parts-40-classes,v3,car parts 50/train/BRAKE PAD/064.jpg,ia-service/datasets/raw/kaggle-car-parts/train/BRAKE PAD/064.jpg,BRAKE PAD,,brake_pad,0,train,Apache-2.0
gpiosenka/car-parts-40-classes,v3,car parts 50/train/BRAKE PAD/065.jpg,ia-service/datasets/raw/kaggle-car-parts/train/BRAKE PAD/065.jpg,BRAKE PAD,,brake_pad,0,train,Apache-2.0
gpiosenka/car-parts-40-classes,v3,car parts 50/train/BRAKE PAD/066.jpg,ia-service/datasets/raw/kaggle-car-parts/train/BRAKE PAD/066.jpg,BRAKE PAD,,brake_pad,0,train,Apache-2.0
gpiosenka/car-parts-40-classes,v3,car parts 50/train/BRAKE PAD/067.jpg,ia-service/datasets/raw/kaggle-car-parts/train/BRAKE PAD/067.jpg,BRAKE PAD,,brake_pad,0,train,Apache-2.0
gpiosenka/car-parts-40-classes,v3,car parts 50/train/BRAKE PAD/068.jpg,ia-service/datasets/raw/kaggle-car-parts/train/BRAKE PAD/068.jpg,BRAKE PAD,,brake_pad,0,train,Apache-2.0
gpiosenka/car-parts-40-classes,v3,car parts 50/train/BRAKE PAD/069.jpg,ia-service/datasets/raw/kaggle-car-parts/train/BRAKE PAD/069.jpg,BRAKE PAD,,brake_pad,0,train,Apache-2.0
gpiosenka/car-parts-40-classes,v3,car parts 50/train/BRAKE PAD/070.jpg,ia-service/datasets/raw/kaggle-car-parts/train/BRAKE PAD/070.jpg,BRAKE PAD,,brake_pad,0,train,Apache-2.0
gpiosenka/car-parts-40-classes,v3,car parts 50/train/BRAKE PAD/071.jpg,ia-service/datasets/raw/kaggle-car-parts/train/BRAKE PAD/071.jpg,BRAKE PAD,,brake_pad,0,train,Apache-2.0
gpiosenka/car-parts-40-classes,v3,car parts 50/train/BRAKE PAD/072.jpg,ia-service/datasets/raw/kaggle-car-parts/train/BRAKE PAD/072.jpg,BRAKE PAD,,brake_pad,0,train,Apache-2.0
gpiosenka/car-parts-40-classes,v3,car parts 50/train/BRAKE PAD/073.jpg,ia-service/datasets/raw/kaggle-car-parts/train/BRAKE PAD/073.jpg,BRAKE PAD,,brake_pad,0,train,Apache-2.0
gpiosenka/car-parts-40-classes,v3,car parts 50/train/BRAKE PAD/074.jpg,ia-service/datasets/raw/kaggle-car-parts/train/BRAKE PAD/074.jpg,BRAKE PAD,,brake_pad,0,train,Apache-2.0
gpiosenka/car-parts-40-classes,v3,car parts 50/train/BRAKE PAD/075.jpg,ia-service/datasets/raw/kaggle-car-parts/train/BRAKE PAD/075.jpg,BRAKE PAD,,brake_pad,0,train,Apache-2.0
gpiosenka/car-parts-40-classes,v3,car parts 50/train/BRAKE PAD/076.jpg,ia-service/datasets/raw/kaggle-car-parts/train/BRAKE PAD/076.jpg,BRAKE PAD,,brake_pad,0,train,Apache-2.0
gpiosenka/car-parts-40-classes,v3,car parts 50/train/BRAKE PAD/077.jpg,ia-service/datasets/raw/kaggle-car-parts/train/BRAKE PAD/077.jpg,BRAKE PAD,,brake_pad,0,train,Apache-2.0
gpiosenka/car-parts-40-classes,v3,car parts 50/train/BRAKE PAD/078.jpg,ia-service/datasets/raw/kaggle-car-parts/train/BRAKE PAD/078.jpg,BRAKE PAD,,brake_pad,0,train,Apache-2.0
gpiosenka/car-parts-40-classes,v3,car parts 50/train/BRAKE PAD/079.jpg,ia-service/datasets/raw/kaggle-car-parts/train/BRAKE PAD/079.jpg,BRAKE PAD,,brake_pad,0,train,Apache-2.0
gpiosenka/car-parts-40-classes,v3,car parts 50/train/BRAKE PAD/080.jpg,ia-service/datasets/raw/kaggle-car-parts/train/BRAKE PAD/080.jpg,BRAKE PAD,,brake_pad,0,train,Apache-2.0
gpiosenka/car-parts-40-classes,v3,car parts 50/train/BRAKE PAD/081.jpg,ia-service/datasets/raw/kaggle-car-parts/train/BRAKE PAD/081.jpg,BRAKE PAD,,brake_pad,0,train,Apache-2.0
gpiosenka/car-parts-40-classes,v3,car parts 50/train/BRAKE PAD/082.jpg,ia-service/datasets/raw/kaggle-car-parts/train/BRAKE PAD/082.jpg,BRAKE PAD,,brake_pad,0,train,Apache-2.0
gpiosenka/car-parts-40-classes,v3,car parts 50/train/BRAKE PAD/083.jpg,ia-service/datasets/raw/kaggle-car-parts/train/BRAKE PAD/083.jpg,BRAKE PAD,,brake_pad,0,train,Apache-2.0
gpiosenka/car-parts-40-classes,v3,car parts 50/train/BRAKE PAD/084.jpg,ia-service/datasets/raw/kaggle-car-parts/train/BRAKE PAD/084.jpg,BRAKE PAD,,brake_pad,0,train,Apache-2.0
gpiosenka/car-parts-40-classes,v3,car parts 50/train/BRAKE PAD/085.jpg,ia-service/datasets/raw/kaggle-car-parts/train/BRAKE PAD/085.jpg,BRAKE PAD,,brake_pad,0,train,Apache-2.0
gpiosenka/car-parts-40-classes,v3,car parts 50/train/BRAKE PAD/086.jpg,ia-service/datasets/raw/kaggle-car-parts/train/BRAKE PAD/086.jpg,BRAKE PAD,,brake_pad,0,train,Apache-2.0
gpiosenka/car-parts-40-classes,v3,car parts 50/train/BRAKE PAD/087.jpg,ia-service/datasets/raw/kaggle-car-parts/train/BRAKE PAD/087.jpg,BRAKE PAD,,brake_pad,0,train,Apache-2.0
gpiosenka/car-parts-40-classes,v3,car parts 50/train/BRAKE PAD/088.jpg,ia-service/datasets/raw/kaggle-car-parts/train/BRAKE PAD/088.jpg,BRAKE PAD,,brake_pad,0,train,Apache-2.0
gpiosenka/car-parts-40-classes,v3,car parts 50/train/BRAKE PAD/089.jpg,ia-service/datasets/raw/kaggle-car-parts/train/BRAKE PAD/089.jpg,BRAKE PAD,,brake_pad,0,train,Apache-2.0
gpiosenka/car-parts-40-classes,v3,car parts 50/train/BRAKE PAD/090.jpg,ia-service/datasets/raw/kaggle-car-parts/train/BRAKE PAD/090.jpg,BRAKE PAD,,brake_pad,0,train,Apache-2.0
gpiosenka/car-parts-40-classes,v3,car parts 50/train/BRAKE PAD/091.jpg,ia-service/datasets/raw/kaggle-car-parts/train/BRAKE PAD/091.jpg,BRAKE PAD,,brake_pad,0,train,Apache-2.0
gpiosenka/car-parts-40-classes,v3,car parts 50/train/BRAKE PAD/092.jpg,ia-service/datasets/raw/kaggle-car-parts/train/BRAKE PAD/092.jpg,BRAKE PAD,,brake_pad,0,train,Apache-2.0
gpiosenka/car-parts-40-classes,v3,car parts 50/train/BRAKE PAD/093.jpg,ia-service/datasets/raw/kaggle-car-parts/train/BRAKE PAD/093.jpg,BRAKE PAD,,brake_pad,0,train,Apache-2.0
gpiosenka/car-parts-40-classes,v3,car parts 50/train/BRAKE PAD/094.jpg,ia-service/datasets/raw/kaggle-car-parts/train/BRAKE PAD/094.jpg,BRAKE PAD,,brake_pad,0,train,Apache-2.0
gpiosenka/car-parts-40-classes,v3,car parts 50/train/BRAKE PAD/095.jpg,ia-service/datasets/raw/kaggle-car-parts/train/BRAKE PAD/095.jpg,BRAKE PAD,,brake_pad,0,train,Apache-2.0
gpiosenka/car-parts-40-classes,v3,car parts 50/train/BRAKE PAD/096.jpg,ia-service/datasets/raw/kaggle-car-parts/train/BRAKE PAD/096.jpg,BRAKE PAD,,brake_pad,0,train,Apache-2.0
gpiosenka/car-parts-40-classes,v3,car parts 50/train/BRAKE PAD/097.jpg,ia-service/datasets/raw/kaggle-car-parts/train/BRAKE PAD/097.jpg,BRAKE PAD,,brake_pad,0,train,Apache-2.0
gpiosenka/car-parts-40-classes,v3,car parts 50/train/BRAKE PAD/098.jpg,ia-service/datasets/raw/kaggle-car-parts/train/BRAKE PAD/098.jpg,BRAKE PAD,,brake_pad,0,train,Apache-2.0
gpiosenka/car-parts-40-classes,v3,car parts 50/train/BRAKE PAD/099.jpg,ia-service/datasets/raw/kaggle-car-parts/train/BRAKE PAD/099.jpg,BRAKE PAD,,brake_pad,0,train,Apache-2.0
gpiosenka/car-parts-40-classes,v3,car parts 50/train/BRAKE PAD/100.jpg,ia-service/datasets/raw/kaggle-car-parts/train/BRAKE PAD/100.jpg,BRAKE PAD,,brake_pad,0,train,Apache-2.0
gpiosenka/car-parts-40-classes,v3,car parts 50/train/BRAKE PAD/101.jpg,ia-service/datasets/raw/kaggle-car-parts/train/BRAKE PAD/101.jpg,BRAKE PAD,,brake_pad,0,train,Apache-2.0
gpiosenka/car-parts-40-classes,v3,car parts 50/train/BRAKE PAD/102.jpg,ia-service/datasets/raw/kaggle-car-parts/train/BRAKE PAD/102.jpg,BRAKE PAD,,brake_pad,0,train,Apache-2.0
gpiosenka/car-parts-40-classes,v3,car parts 50/train/BRAKE PAD/103.jpg,ia-service/datasets/raw/kaggle-car-parts/train/BRAKE PAD/103.jpg,BRAKE PAD,,brake_pad,0,train,Apache-2.0
gpiosenka/car-parts-40-classes,v3,car parts 50/train/BRAKE PAD/104.jpg,ia-service/datasets/raw/kaggle-car-parts/train/BRAKE PAD/104.jpg,BRAKE PAD,,brake_pad,0,train,Apache-2.0
gpiosenka/car-parts-40-classes,v3,car parts 50/train/BRAKE PAD/105.jpg,ia-service/datasets/raw/kaggle-car-parts/train/BRAKE PAD/105.jpg,BRAKE PAD,,brake_pad,0,train,Apache-2.0
gpiosenka/car-parts-40-classes,v3,car parts 50/train/BRAKE PAD/106.jpg,ia-service/datasets/raw/kaggle-car-parts/train/BRAKE PAD/106.jpg,BRAKE PAD,,brake_pad,0,train,Apache-2.0
gpiosenka/car-parts-40-classes,v3,car parts 50/train/BRAKE PAD/107.jpg,ia-service/datasets/raw/kaggle-car-parts/train/BRAKE PAD/107.jpg,BRAKE PAD,,brake_pad,0,train,Apache-2.0
gpiosenka/car-parts-40-classes,v3,car parts 50/train/BRAKE PAD/108.jpg,ia-service/datasets/raw/kaggle-car-parts/train/BRAKE PAD/108.jpg,BRAKE PAD,,brake_pad,0,train,Apache-2.0
gpiosenka/car-parts-40-classes,v3,car parts 50/train/BRAKE PAD/109.jpg,ia-service/datasets/raw/kaggle-car-parts/train/BRAKE PAD/109.jpg,BRAKE PAD,,brake_pad,0,train,Apache-2.0
gpiosenka/car-parts-40-classes,v3,car parts 50/train/BRAKE PAD/110.jpg,ia-service/datasets/raw/kaggle-car-parts/train/BRAKE PAD/110.jpg,BRAKE PAD,,brake_pad,0,train,Apache-2.0
gpiosenka/car-parts-40-classes,v3,car parts 50/train/BRAKE PAD/111.jpg,ia-service/datasets/raw/kaggle-car-parts/train/BRAKE PAD/111.jpg,BRAKE PAD,,brake_pad,0,train,Apache-2.0
gpiosenka/car-parts-40-classes,v3,car parts 50/train/BRAKE PAD/112.jpg,ia-service/datasets/raw/kaggle-car-parts/train/BRAKE PAD/112.jpg,BRAKE PAD,,brake_pad,0,train,Apache-2.0
gpiosenka/car-parts-40-classes,v3,car parts 50/train/BRAKE PAD/113.jpg,ia-service/datasets/raw/kaggle-car-parts/train/BRAKE PAD/113.jpg,BRAKE PAD,,brake_pad,0,train,Apache-2.0
gpiosenka/car-parts-40-classes,v3,car parts 50/train/BRAKE PAD/114.jpg,ia-service/datasets/raw/kaggle-car-parts/train/BRAKE PAD/114.jpg,BRAKE PAD,,brake_pad,0,train,Apache-2.0
gpiosenka/car-parts-40-classes,v3,car parts 50/train/BRAKE PAD/115.jpg,ia-service/datasets/raw/kaggle-car-parts/train/BRAKE PAD/115.jpg,BRAKE PAD,,brake_pad,0,train,Apache-2.0
gpiosenka/car-parts-40-classes,v3,car parts 50/train/BRAKE PAD/116.jpg,ia-service/datasets/raw/kaggle-car-parts/train/BRAKE PAD/116.jpg,BRAKE PAD,,brake_pad,0,train,Apache-2.0
gpiosenka/car-parts-40-classes,v3,car parts 50/train/BRAKE PAD/117.jpg,ia-service/datasets/raw/kaggle-car-parts/train/BRAKE PAD/117.jpg,BRAKE PAD,,brake_pad,0,train,Apache-2.0
gpiosenka/car-parts-40-classes,v3,car parts 50/train/BRAKE PAD/118.jpg,ia-service/datasets/raw/kaggle-car-parts/train/BRAKE PAD/118.jpg,BRAKE PAD,,brake_pad,0,train,Apache-2.0
gpiosenka/car-parts-40-classes,v3,car parts 50/train/BRAKE PAD/119.jpg,ia-service/datasets/raw/kaggle-car-parts/train/BRAKE PAD/119.jpg,BRAKE PAD,,brake_pad,0,train,Apache-2.0
gpiosenka/car-parts-40-classes,v3,car parts 50/train/BRAKE PAD/120.jpg,ia-service/datasets/raw/kaggle-car-parts/train/BRAKE PAD/120.jpg,BRAKE PAD,,brake_pad,0,train,Apache-2.0
gpiosenka/car-parts-40-classes,v3,car parts 50/train/BRAKE PAD/121.jpg,ia-service/datasets/raw/kaggle-car-parts/train/BRAKE PAD/121.jpg,BRAKE PAD,,brake_pad,0,train,Apache-2.0
gpiosenka/car-parts-40-classes,v3,car parts 50/train/BRAKE PAD/122.jpg,ia-service/datasets/raw/kaggle-car-parts/train/BRAKE PAD/122.jpg,BRAKE PAD,,brake_pad,0,train,Apache-2.0
gpiosenka/car-parts-40-classes,v3,car parts 50/train/BRAKE PAD/123.jpg,ia-service/datasets/raw/kaggle-car-parts/train/BRAKE PAD/123.jpg,BRAKE PAD,,brake_pad,0,train,Apache-2.0
gpiosenka/car-parts-40-classes,v3,car parts 50/train/BRAKE PAD/124.jpg,ia-service/datasets/raw/kaggle-car-parts/train/BRAKE PAD/124.jpg,BRAKE PAD,,brake_pad,0,train,Apache-2.0
gpiosenka/car-parts-40-classes,v3,car parts 50/train/BRAKE PAD/125.jpg,ia-service/datasets/raw/kaggle-car-parts/train/BRAKE PAD/125.jpg,BRAKE PAD,,brake_pad,0,train,Apache-2.0
gpiosenka/car-parts-40-classes,v3,car parts 50/train/BRAKE PAD/126.jpg,ia-service/datasets/raw/kaggle-car-parts/train/BRAKE PAD/126.jpg,BRAKE PAD,,brake_pad,0,train,Apache-2.0
gpiosenka/car-parts-40-classes,v3,car parts 50/train/BRAKE PAD/127.jpg,ia-service/datasets/raw/kaggle-car-parts/train/BRAKE PAD/127.jpg,BRAKE PAD,,brake_pad,0,train,Apache-2.0
gpiosenka/car-parts-40-classes,v3,car parts 50/train/BRAKE PAD/128.jpg,ia-service/datasets/raw/kaggle-car-parts/train/BRAKE PAD/128.jpg,BRAKE PAD,,brake_pad,0,train,Apache-2.0
gpiosenka/car-parts-40-classes,v3,car parts 50/train/BRAKE PAD/129.jpg,ia-service/datasets/raw/kaggle-car-parts/train/BRAKE PAD/129.jpg,BRAKE PAD,,brake_pad,0,train,Apache-2.0
gpiosenka/car-parts-40-classes,v3,car parts 50/train/BRAKE PAD/130.jpg,ia-service/datasets/raw/kaggle-car-parts/train/BRAKE PAD/130.jpg,BRAKE PAD,,brake_pad,0,train,Apache-2.0
gpiosenka/car-parts-40-classes,v3,car parts 50/train/BRAKE PAD/131.jpg,ia-service/datasets/raw/kaggle-car-parts/train/BRAKE PAD/131.jpg,BRAKE PAD,,brake_pad,0,train,Apache-2.0
gpiosenka/car-parts-40-classes,v3,car parts 50/train/BRAKE PAD/132.jpg,ia-service/datasets/raw/kaggle-car-parts/train/BRAKE PAD/132.jpg,BRAKE PAD,,brake_pad,0,train,Apache-2.0
gpiosenka/car-parts-40-classes,v3,car parts 50/train/BRAKE PAD/133.jpg,ia-service/datasets/raw/kaggle-car-parts/train/BRAKE PAD/133.jpg,BRAKE PAD,,brake_pad,0,train,Apache-2.0
gpiosenka/car-parts-40-classes,v3,car parts 50/train/BRAKE PAD/134.jpg,ia-service/datasets/raw/kaggle-car-parts/train/BRAKE PAD/134.jpg,BRAKE PAD,,brake_pad,0,train,Apache-2.0
gpiosenka/car-parts-40-classes,v3,car parts 50/train/BRAKE PAD/135.jpg,ia-service/datasets/raw/kaggle-car-parts/train/BRAKE PAD/135.jpg,BRAKE PAD,,brake_pad,0,train,Apache-2.0
gpiosenka/car-parts-40-classes,v3,car parts 50/train/BRAKE PAD/136.jpg,ia-service/datasets/raw/kaggle-car-parts/train/BRAKE PAD/136.jpg,BRAKE PAD,,brake_pad,0,train,Apache-2.0
gpiosenka/car-parts-40-classes,v3,car parts 50/train/BRAKE PAD/137.jpg,ia-service/datasets/raw/kaggle-car-parts/train/BRAKE PAD/137.jpg,BRAKE PAD,,brake_pad,0,train,Apache-2.0
gpiosenka/car-parts-40-classes,v3,car parts 50/train/BRAKE PAD/138.jpg,ia-service/datasets/raw/kaggle-car-parts/train/BRAKE PAD/138.jpg,BRAKE PAD,,brake_pad,0,train,Apache-2.0
gpiosenka/car-parts-40-classes,v3,car parts 50/train/BRAKE PAD/139.jpg,ia-service/datasets/raw/kaggle-car-parts/train/BRAKE PAD/139.jpg,BRAKE PAD,,brake_pad,0,train,Apache-2.0
gpiosenka/car-parts-40-classes,v3,car parts 50/train/BRAKE PAD/140.jpg,ia-service/datasets/raw/kaggle-car-parts/train/BRAKE PAD/140.jpg,BRAKE PAD,,brake_pad,0,train,Apache-2.0
gpiosenka/car-parts-40-classes,v3,car parts 50/train/BRAKE PAD/141.jpg,ia-service/datasets/raw/kaggle-car-parts/train/BRAKE PAD/141.jpg,BRAKE PAD,,brake_pad,0,train,Apache-2.0
gpiosenka/car-parts-40-classes,v3,car parts 50/train/BRAKE PAD/142.jpg,ia-service/datasets/raw/kaggle-car-parts/train/BRAKE PAD/142.jpg,BRAKE PAD,,brake_pad,0,train,Apache-2.0
gpiosenka/car-parts-40-classes,v3,car parts 50/train/BRAKE PAD/143.jpg,ia-service/datasets/raw/kaggle-car-parts/train/BRAKE PAD/143.jpg,BRAKE PAD,,brake_pad,0,train,Apache-2.0
gpiosenka/car-parts-40-classes,v3,car parts 50/train/BRAKE PAD/144.jpg,ia-service/datasets/raw/kaggle-car-parts/train/BRAKE PAD/144.jpg,BRAKE PAD,,brake_pad,0,train,Apache-2.0
gpiosenka/car-parts-40-classes,v3,car parts 50/train/BRAKE PAD/145.jpg,ia-service/datasets/raw/kaggle-car-parts/train/BRAKE PAD/145.jpg,BRAKE PAD,,brake_pad,0,train,Apache-2.0
gpiosenka/car-parts-40-classes,v3,car parts 50/train/BRAKE PAD/146.jpg,ia-service/datasets/raw/kaggle-car-parts/train/BRAKE PAD/146.jpg,BRAKE PAD,,brake_pad,0,train,Apache-2.0
gpiosenka/car-parts-40-classes,v3,car parts 50/train/BRAKE PAD/147.jpg,ia-service/datasets/raw/kaggle-car-parts/train/BRAKE PAD/147.jpg,BRAKE PAD,,brake_pad,0,train,Apache-2.0
gpiosenka/car-parts-40-classes,v3,car parts 50/train/BRAKE PAD/148.jpg,ia-service/datasets/raw/kaggle-car-parts/train/BRAKE PAD/148.jpg,BRAKE PAD,,brake_pad,0,train,Apache-2.0
gpiosenka/car-parts-40-classes,v3,car parts 50/train/BRAKE PAD/149.jpg,ia-service/datasets/raw/kaggle-car-parts/train/BRAKE PAD/149.jpg,BRAKE PAD,,brake_pad,0,train,Apache-2.0
gpiosenka/car-parts-40-classes,v3,car parts 50/train/BRAKE PAD/150.jpg,ia-service/datasets/raw/kaggle-car-parts/train/BRAKE PAD/150.jpg,BRAKE PAD,,brake_pad,0,train,Apache-2.0
gpiosenka/car-parts-40-classes,v3,car parts 50/train/BRAKE PAD/151.jpg,ia-service/datasets/raw/kaggle-car-parts/train/BRAKE PAD/151.jpg,BRAKE PAD,,brake_pad,0,train,Apache-2.0
gpiosenka/car-parts-40-classes,v3,car parts 50/train/BRAKE PAD/152.jpg,ia-service/datasets/raw/kaggle-car-parts/train/BRAKE PAD/152.jpg,BRAKE PAD,,brake_pad,0,train,Apache-2.0
gpiosenka/car-parts-40-classes,v3,car parts 50/train/BRAKE PAD/153.jpg,ia-service/datasets/raw/kaggle-car-parts/train/BRAKE PAD/153.jpg,BRAKE PAD,,brake_pad,0,train,Apache-2.0
gpiosenka/car-parts-40-classes,v3,car parts 50/train/BRAKE PAD/154.jpg,ia-service/datasets/raw/kaggle-car-parts/train/BRAKE PAD/154.jpg,BRAKE PAD,,brake_pad,0,train,Apache-2.0
gpiosenka/car-parts-40-classes,v3,car parts 50/train/BRAKE PAD/155.jpg,ia-service/datasets/raw/kaggle-car-parts/train/BRAKE PAD/155.jpg,BRAKE PAD,,brake_pad,0,train,Apache-2.0
gpiosenka/car-parts-40-classes,v3,car parts 50/train/BRAKE PAD/156.jpg,ia-service/datasets/raw/kaggle-car-parts/train/BRAKE PAD/156.jpg,BRAKE PAD,,brake_pad,0,train,Apache-2.0
gpiosenka/car-parts-40-classes,v3,car parts 50/train/BRAKE PAD/157.jpg,ia-service/datasets/raw/kaggle-car-parts/train/BRAKE PAD/157.jpg,BRAKE PAD,,brake_pad,0,train,Apache-2.0
gpiosenka/car-parts-40-classes,v3,car parts 50/train/BRAKE PAD/158.jpg,ia-service/datasets/raw/kaggle-car-parts/train/BRAKE PAD/158.jpg,BRAKE PAD,,brake_pad,0,train,Apache-2.0
gpiosenka/car-parts-40-classes,v3,car parts 50/train/BRAKE PAD/159.jpg,ia-service/datasets/raw/kaggle-car-parts/train/BRAKE PAD/159.jpg,BRAKE PAD,,brake_pad,0,train,Apache-2.0
gpiosenka/car-parts-40-classes,v3,car parts 50/train/BRAKE PAD/160.jpg,ia-service/datasets/raw/kaggle-car-parts/train/BRAKE PAD/160.jpg,BRAKE PAD,,brake_pad,0,train,Apache-2.0
gpiosenka/car-parts-40-classes,v3,car parts 50/train/BRAKE PAD/161.jpg,ia-service/datasets/raw/kaggle-car-parts/train/BRAKE PAD/161.jpg,BRAKE PAD,,brake_pad,0,train,Apache-2.0
gpiosenka/car-parts-40-classes,v3,car parts 50/train/BRAKE PAD/162.jpg,ia-service/datasets/raw/kaggle-car-parts/train/BRAKE PAD/162.jpg,BRAKE PAD,,brake_pad,0,train,Apache-2.0
gpiosenka/car-parts-40-classes,v3,car parts 50/train/BRAKE PAD/163.jpg,ia-service/datasets/raw/kaggle-car-parts/train/BRAKE PAD/163.jpg,BRAKE PAD,,brake_pad,0,train,Apache-2.0
gpiosenka/car-parts-40-classes,v3,car parts 50/train/BRAKE PAD/164.jpg,ia-service/datasets/raw/kaggle-car-parts/train/BRAKE PAD/164.jpg,BRAKE PAD,,brake_pad,0,train,Apache-2.0
gpiosenka/car-parts-40-classes,v3,car parts 50/train/BRAKE PAD/165.jpg,ia-service/datasets/raw/kaggle-car-parts/train/BRAKE PAD/165.jpg,BRAKE PAD,,brake_pad,0,train,Apache-2.0
gpiosenka/car-parts-40-classes,v3,car parts 50/train/BRAKE PAD/166.jpg,ia-service/datasets/raw/kaggle-car-parts/train/BRAKE PAD/166.jpg,BRAKE PAD,,brake_pad,0,train,Apache-2.0
gpiosenka/car-parts-40-classes,v3,car parts 50/train/BRAKE PAD/167.jpg,ia-service/datasets/raw/kaggle-car-parts/train/BRAKE PAD/167.jpg,BRAKE PAD,,brake_pad,0,train,Apache-2.0
gpiosenka/car-parts-40-classes,v3,car parts 50/train/BRAKE PAD/168.jpg,ia-service/datasets/raw/kaggle-car-parts/train/BRAKE PAD/168.jpg,BRAKE PAD,,brake_pad,0,train,Apache-2.0
gpiosenka/car-parts-40-classes,v3,car parts 50/train/BRAKE PAD/169.jpg,ia-service/datasets/raw/kaggle-car-parts/train/BRAKE PAD/169.jpg,BRAKE PAD,,brake_pad,0,train,Apache-2.0
gpiosenka/car-parts-40-classes,v3,car parts 50/train/BRAKE PAD/170.jpg,ia-service/datasets/raw/kaggle-car-parts/train/BRAKE PAD/170.jpg,BRAKE PAD,,brake_pad,0,train,Apache-2.0
gpiosenka/car-parts-40-classes,v3,car parts 50/train/BRAKE PAD/171.jpg,ia-service/datasets/raw/kaggle-car-parts/train/BRAKE PAD/171.jpg,BRAKE PAD,,brake_pad,0,train,Apache-2.0
gpiosenka/car-parts-40-classes,v3,car parts 50/train/BRAKE PAD/172.jpg,ia-service/datasets/raw/kaggle-car-parts/train/BRAKE PAD/172.jpg,BRAKE PAD,,brake_pad,0,train,Apache-2.0
gpiosenka/car-parts-40-classes,v3,car parts 50/train/BRAKE PAD/173.jpg,ia-service/datasets/raw/kaggle-car-parts/train/BRAKE PAD/173.jpg,BRAKE PAD,,brake_pad,0,train,Apache-2.0
gpiosenka/car-parts-40-classes,v3,car parts 50/train/BRAKE PAD/174.jpg,ia-service/datasets/raw/kaggle-car-parts/train/BRAKE PAD/174.jpg,BRAKE PAD,,brake_pad,0,train,Apache-2.0
gpiosenka/car-parts-40-classes,v3,car parts 50/train/BRAKE PAD/175.jpg,ia-service/datasets/raw/kaggle-car-parts/train/BRAKE PAD/175.jpg,BRAKE PAD,,brake_pad,0,train,Apache-2.0
gpiosenka/car-parts-40-classes,v3,car parts 50/train/BRAKE PAD/176.jpg,ia-service/datasets/raw/kaggle-car-parts/train/BRAKE PAD/176.jpg,BRAKE PAD,,brake_pad,0,train,Apache-2.0
gpiosenka/car-parts-40-classes,v3,car parts 50/train/BRAKE PAD/177.jpg,ia-service/datasets/raw/kaggle-car-parts/train/BRAKE PAD/177.jpg,BRAKE PAD,,brake_pad,0,train,Apache-2.0
gpiosenka/car-parts-40-classes,v3,car parts 50/train/BRAKE PAD/178.jpg,ia-service/datasets/raw/kaggle-car-parts/train/BRAKE PAD/178.jpg,BRAKE PAD,,brake_pad,0,train,Apache-2.0
gpiosenka/car-parts-40-classes,v3,car parts 50/train/BRAKE PAD/179.jpg,ia-service/datasets/raw/kaggle-car-parts/train/BRAKE PAD/179.jpg,BRAKE PAD,,brake_pad,0,train,Apache-2.0
gpiosenka/car-parts-40-classes,v3,car parts 50/train/BRAKE PAD/180.jpg,ia-service/datasets/raw/kaggle-car-parts/train/BRAKE PAD/180.jpg,BRAKE PAD,,brake_pad,0,train,Apache-2.0
gpiosenka/car-parts-40-classes,v3,car parts 50/train/BRAKE PAD/181.jpg,ia-service/datasets/raw/kaggle-car-parts/train/BRAKE PAD/181.jpg,BRAKE PAD,,brake_pad,0,train,Apache-2.0
gpiosenka/car-parts-40-classes,v3,car parts 50/train/BRAKE PAD/182.jpg,ia-service/datasets/raw/kaggle-car-parts/train/BRAKE PAD/182.jpg,BRAKE PAD,,brake_pad,0,train,Apache-2.0
gpiosenka/car-parts-40-classes,v3,car parts 50/train/BRAKE PAD/183.jpg,ia-service/datasets/raw/kaggle-car-parts/train/BRAKE PAD/183.jpg,BRAKE PAD,,brake_pad,0,train,Apache-2.0
gpiosenka/car-parts-40-classes,v3,car parts 50/train/BRAKE PAD/184.jpg,ia-service/datasets/raw/kaggle-car-parts/train/BRAKE PAD/184.jpg,BRAKE PAD,,brake_pad,0,train,Apache-2.0
gpiosenka/car-parts-40-classes,v3,car parts 50/train/BRAKE PAD/185.jpg,ia-service/datasets/raw/kaggle-car-parts/train/BRAKE PAD/185.jpg,BRAKE PAD,,brake_pad,0,train,Apache-2.0
gpiosenka/car-parts-40-classes,v3,car parts 50/train/BRAKE PAD/186.jpg,ia-service/datasets/raw/kaggle-car-parts/train/BRAKE PAD/186.jpg,BRAKE PAD,,brake_pad,0,train,Apache-2.0
gpiosenka/car-parts-40-classes,v3,car parts 50/train/BRAKE PAD/187.jpg,ia-service/datasets/raw/kaggle-car-parts/train/BRAKE PAD/187.jpg,BRAKE PAD,,brake_pad,0,train,Apache-2.0
gpiosenka/car-parts-40-classes,v3,car parts 50/train/BRAKE PAD/188.jpg,ia-service/datasets/raw/kaggle-car-parts/train/BRAKE PAD/188.jpg,BRAKE PAD,,brake_pad,0,train,Apache-2.0
gpiosenka/car-parts-40-classes,v3,car parts 50/train/BRAKE ROTOR/001.jpg,ia-service/datasets/raw/kaggle-car-parts/train/BRAKE ROTOR/001.jpg,BRAKE ROTOR,,brake_rotor,1,train,Apache-2.0
gpiosenka/car-parts-40-classes,v3,car parts 50/train/BRAKE ROTOR/002.jpg,ia-service/datasets/raw/kaggle-car-parts/train/BRAKE ROTOR/002.jpg,BRAKE ROTOR,,brake_rotor,1,train,Apache-2.0
gpiosenka/car-parts-40-classes,v3,car parts 50/train/BRAKE ROTOR/003.jpg,ia-service/datasets/raw/kaggle-car-parts/train/BRAKE ROTOR/003.jpg,BRAKE ROTOR,,brake_rotor,1,train,Apache-2.0
gpiosenka/car-parts-40-classes,v3,car parts 50/train/BRAKE ROTOR/004.jpg,ia-service/datasets/raw/kaggle-car-parts/train/BRAKE ROTOR/004.jpg,BRAKE ROTOR,,brake_rotor,1,train,Apache-2.0
gpiosenka/car-parts-40-classes,v3,car parts 50/train/BRAKE ROTOR/005.jpg,ia-service/datasets/raw/kaggle-car-parts/train/BRAKE ROTOR/005.jpg,BRAKE ROTOR,,brake_rotor,1,train,Apache-2.0
gpiosenka/car-parts-40-classes,v3,car parts 50/train/BRAKE ROTOR/006.jpg,ia-service/datasets/raw/kaggle-car-parts/train/BRAKE ROTOR/006.jpg,BRAKE ROTOR,,brake_rotor,1,train,Apache-2.0
gpiosenka/car-parts-40-classes,v3,car parts 50/train/BRAKE ROTOR/007.jpg,ia-service/datasets/raw/kaggle-car-parts/train/BRAKE ROTOR/007.jpg,BRAKE ROTOR,,brake_rotor,1,train,Apache-2.0
gpiosenka/car-parts-40-classes,v3,car parts 50/train/BRAKE ROTOR/008.jpg,ia-service/datasets/raw/kaggle-car-parts/train/BRAKE ROTOR/008.jpg,BRAKE ROTOR,,brake_rotor,1,train,Apache-2.0
gpiosenka/car-parts-40-classes,v3,car parts 50/train/BRAKE ROTOR/009.jpg,ia-service/datasets/raw/kaggle-car-parts/train/BRAKE ROTOR/009.jpg,BRAKE ROTOR,,brake_rotor,1,train,Apache-2.0
gpiosenka/car-parts-40-classes,v3,car parts 50/train/BRAKE ROTOR/010.jpg,ia-service/datasets/raw/kaggle-car-parts/train/BRAKE ROTOR/010.jpg,BRAKE ROTOR,,brake_rotor,1,train,Apache-2.0
gpiosenka/car-parts-40-classes,v3,car parts 50/train/BRAKE ROTOR/011.jpg,ia-service/datasets/raw/kaggle-car-parts/train/BRAKE ROTOR/011.jpg,BRAKE ROTOR,,brake_rotor,1,train,Apache-2.0
gpiosenka/car-parts-40-classes,v3,car parts 50/train/BRAKE ROTOR/012.jpg,ia-service/datasets/raw/kaggle-car-parts/train/BRAKE ROTOR/012.jpg,BRAKE ROTOR,,brake_rotor,1,train,Apache-2.0
gpiosenka/car-parts-40-classes,v3,car parts 50/train/BRAKE ROTOR/013.jpg,ia-service/datasets/raw/kaggle-car-parts/train/BRAKE ROTOR/013.jpg,BRAKE ROTOR,,brake_rotor,1,train,Apache-2.0
gpiosenka/car-parts-40-classes,v3,car parts 50/train/BRAKE ROTOR/014.jpg,ia-service/datasets/raw/kaggle-car-parts/train/BRAKE ROTOR/014.jpg,BRAKE ROTOR,,brake_rotor,1,train,Apache-2.0
gpiosenka/car-parts-40-classes,v3,car parts 50/train/BRAKE ROTOR/015.jpg,ia-service/datasets/raw/kaggle-car-parts/train/BRAKE ROTOR/015.jpg,BRAKE ROTOR,,brake_rotor,1,train,Apache-2.0
gpiosenka/car-parts-40-classes,v3,car parts 50/train/BRAKE ROTOR/016.jpg,ia-service/datasets/raw/kaggle-car-parts/train/BRAKE ROTOR/016.jpg,BRAKE ROTOR,,brake_rotor,1,train,Apache-2.0
gpiosenka/car-parts-40-classes,v3,car parts 50/train/BRAKE ROTOR/017.jpg,ia-service/datasets/raw/kaggle-car-parts/train/BRAKE ROTOR/017.jpg,BRAKE ROTOR,,brake_rotor,1,train,Apache-2.0
gpiosenka/car-parts-40-classes,v3,car parts 50/train/BRAKE ROTOR/018.jpg,ia-service/datasets/raw/kaggle-car-parts/train/BRAKE ROTOR/018.jpg,BRAKE ROTOR,,brake_rotor,1,train,Apache-2.0
gpiosenka/car-parts-40-classes,v3,car parts 50/train/BRAKE ROTOR/019.jpg,ia-service/datasets/raw/kaggle-car-parts/train/BRAKE ROTOR/019.jpg,BRAKE ROTOR,,brake_rotor,1,train,Apache-2.0
gpiosenka/car-parts-40-classes,v3,car parts 50/train/BRAKE ROTOR/020.jpg,ia-service/datasets/raw/kaggle-car-parts/train/BRAKE ROTOR/020.jpg,BRAKE ROTOR,,brake_rotor,1,train,Apache-2.0
gpiosenka/car-parts-40-classes,v3,car parts 50/train/BRAKE ROTOR/021.jpg,ia-service/datasets/raw/kaggle-car-parts/train/BRAKE ROTOR/021.jpg,BRAKE ROTOR,,brake_rotor,1,train,Apache-2.0
gpiosenka/car-parts-40-classes,v3,car parts 50/train/BRAKE ROTOR/022.jpg,ia-service/datasets/raw/kaggle-car-parts/train/BRAKE ROTOR/022.jpg,BRAKE ROTOR,,brake_rotor,1,train,Apache-2.0
gpiosenka/car-parts-40-classes,v3,car parts 50/train/BRAKE ROTOR/023.jpg,ia-service/datasets/raw/kaggle-car-parts/train/BRAKE ROTOR/023.jpg,BRAKE ROTOR,,brake_rotor,1,train,Apache-2.0
gpiosenka/car-parts-40-classes,v3,car parts 50/train/BRAKE ROTOR/024.jpg,ia-service/datasets/raw/kaggle-car-parts/train/BRAKE ROTOR/024.jpg,BRAKE ROTOR,,brake_rotor,1,train,Apache-2.0
gpiosenka/car-parts-40-classes,v3,car parts 50/train/BRAKE ROTOR/025.jpg,ia-service/datasets/raw/kaggle-car-parts/train/BRAKE ROTOR/025.jpg,BRAKE ROTOR,,brake_rotor,1,train,Apache-2.0
gpiosenka/car-parts-40-classes,v3,car parts 50/train/BRAKE ROTOR/026.jpg,ia-service/datasets/raw/kaggle-car-parts/train/BRAKE ROTOR/026.jpg,BRAKE ROTOR,,brake_rotor,1,train,Apache-2.0
gpiosenka/car-parts-40-classes,v3,car parts 50/train/BRAKE ROTOR/027.jpg,ia-service/datasets/raw/kaggle-car-parts/train/BRAKE ROTOR/027.jpg,BRAKE ROTOR,,brake_rotor,1,train,Apache-2.0
gpiosenka/car-parts-40-classes,v3,car parts 50/train/BRAKE ROTOR/028.jpg,ia-service/datasets/raw/kaggle-car-parts/train/BRAKE ROTOR/028.jpg,BRAKE ROTOR,,brake_rotor,1,train,Apache-2.0
gpiosenka/car-parts-40-classes,v3,car parts 50/train/BRAKE ROTOR/029.jpg,ia-service/datasets/raw/kaggle-car-parts/train/BRAKE ROTOR/029.jpg,BRAKE ROTOR,,brake_rotor,1,train,Apache-2.0
gpiosenka/car-parts-40-classes,v3,car parts 50/train/BRAKE ROTOR/030.jpg,ia-service/datasets/raw/kaggle-car-parts/train/BRAKE ROTOR/030.jpg,BRAKE ROTOR,,brake_rotor,1,train,Apache-2.0
gpiosenka/car-parts-40-classes,v3,car parts 50/train/BRAKE ROTOR/031.jpg,ia-service/datasets/raw/kaggle-car-parts/train/BRAKE ROTOR/031.jpg,BRAKE ROTOR,,brake_rotor,1,train,Apache-2.0
gpiosenka/car-parts-40-classes,v3,car parts 50/train/BRAKE ROTOR/032.jpg,ia-service/datasets/raw/kaggle-car-parts/train/BRAKE ROTOR/032.jpg,BRAKE ROTOR,,brake_rotor,1,train,Apache-2.0
gpiosenka/car-parts-40-classes,v3,car parts 50/train/BRAKE ROTOR/033.jpg,ia-service/datasets/raw/kaggle-car-parts/train/BRAKE ROTOR/033.jpg,BRAKE ROTOR,,brake_rotor,1,train,Apache-2.0
gpiosenka/car-parts-40-classes,v3,car parts 50/train/BRAKE ROTOR/034.jpg,ia-service/datasets/raw/kaggle-car-parts/train/BRAKE ROTOR/034.jpg,BRAKE ROTOR,,brake_rotor,1,train,Apache-2.0
gpiosenka/car-parts-40-classes,v3,car parts 50/train/BRAKE ROTOR/035.jpg,ia-service/datasets/raw/kaggle-car-parts/train/BRAKE ROTOR/035.jpg,BRAKE ROTOR,,brake_rotor,1,train,Apache-2.0
gpiosenka/car-parts-40-classes,v3,car parts 50/train/BRAKE ROTOR/036.jpg,ia-service/datasets/raw/kaggle-car-parts/train/BRAKE ROTOR/036.jpg,BRAKE ROTOR,,brake_rotor,1,train,Apache-2.0
gpiosenka/car-parts-40-classes,v3,car parts 50/train/BRAKE ROTOR/037.jpg,ia-service/datasets/raw/kaggle-car-parts/train/BRAKE ROTOR/037.jpg,BRAKE ROTOR,,brake_rotor,1,train,Apache-2.0
gpiosenka/car-parts-40-classes,v3,car parts 50/train/BRAKE ROTOR/038.jpg,ia-service/datasets/raw/kaggle-car-parts/train/BRAKE ROTOR/038.jpg,BRAKE ROTOR,,brake_rotor,1,train,Apache-2.0
gpiosenka/car-parts-40-classes,v3,car parts 50/train/BRAKE ROTOR/039.jpg,ia-service/datasets/raw/kaggle-car-parts/train/BRAKE ROTOR/039.jpg,BRAKE ROTOR,,brake_rotor,1,train,Apache-2.0
gpiosenka/car-parts-40-classes,v3,car parts 50/train/BRAKE ROTOR/040.jpg,ia-service/datasets/raw/kaggle-car-parts/train/BRAKE ROTOR/040.jpg,BRAKE ROTOR,,brake_rotor,1,train,Apache-2.0
gpiosenka/car-parts-40-classes,v3,car parts 50/train/BRAKE ROTOR/041.jpg,ia-service/datasets/raw/kaggle-car-parts/train/BRAKE ROTOR/041.jpg,BRAKE ROTOR,,brake_rotor,1,train,Apache-2.0
gpiosenka/car-parts-40-classes,v3,car parts 50/train/BRAKE ROTOR/042.jpg,ia-service/datasets/raw/kaggle-car-parts/train/BRAKE ROTOR/042.jpg,BRAKE ROTOR,,brake_rotor,1,train,Apache-2.0
gpiosenka/car-parts-40-classes,v3,car parts 50/train/BRAKE ROTOR/043.jpg,ia-service/datasets/raw/kaggle-car-parts/train/BRAKE ROTOR/043.jpg,BRAKE ROTOR,,brake_rotor,1,train,Apache-2.0
gpiosenka/car-parts-40-classes,v3,car parts 50/train/BRAKE ROTOR/044.jpg,ia-service/datasets/raw/kaggle-car-parts/train/BRAKE ROTOR/044.jpg,BRAKE ROTOR,,brake_rotor,1,train,Apache-2.0
gpiosenka/car-parts-40-classes,v3,car parts 50/train/BRAKE ROTOR/045.jpg,ia-service/datasets/raw/kaggle-car-parts/train/BRAKE ROTOR/045.jpg,BRAKE ROTOR,,brake_rotor,1,train,Apache-2.0
gpiosenka/car-parts-40-classes,v3,car parts 50/train/BRAKE ROTOR/046.jpg,ia-service/datasets/raw/kaggle-car-parts/train/BRAKE ROTOR/046.jpg,BRAKE ROTOR,,brake_rotor,1,train,Apache-2.0
gpiosenka/car-parts-40-classes,v3,car parts 50/train/BRAKE ROTOR/047.jpg,ia-service/datasets/raw/kaggle-car-parts/train/BRAKE ROTOR/047.jpg,BRAKE ROTOR,,brake_rotor,1,train,Apache-2.0
gpiosenka/car-parts-40-classes,v3,car parts 50/train/BRAKE ROTOR/048.jpg,ia-service/datasets/raw/kaggle-car-parts/train/BRAKE ROTOR/048.jpg,BRAKE ROTOR,,brake_rotor,1,train,Apache-2.0
gpiosenka/car-parts-40-classes,v3,car parts 50/train/BRAKE ROTOR/049.jpg,ia-service/datasets/raw/kaggle-car-parts/train/BRAKE ROTOR/049.jpg,BRAKE ROTOR,,brake_rotor,1,train,Apache-2.0
gpiosenka/car-parts-40-classes,v3,car parts 50/train/BRAKE ROTOR/050.jpg,ia-service/datasets/raw/kaggle-car-parts/train/BRAKE ROTOR/050.jpg,BRAKE ROTOR,,brake_rotor,1,train,Apache-2.0
gpiosenka/car-parts-40-classes,v3,car parts 50/train/BRAKE ROTOR/051.jpg,ia-service/datasets/raw/kaggle-car-parts/train/BRAKE ROTOR/051.jpg,BRAKE ROTOR,,brake_rotor,1,train,Apache-2.0
gpiosenka/car-parts-40-classes,v3,car parts 50/train/BRAKE ROTOR/052.jpg,ia-service/datasets/raw/kaggle-car-parts/train/BRAKE ROTOR/052.jpg,BRAKE ROTOR,,brake_rotor,1,train,Apache-2.0
gpiosenka/car-parts-40-classes,v3,car parts 50/train/BRAKE ROTOR/053.jpg,ia-service/datasets/raw/kaggle-car-parts/train/BRAKE ROTOR/053.jpg,BRAKE ROTOR,,brake_rotor,1,train,Apache-2.0
gpiosenka/car-parts-40-classes,v3,car parts 50/train/BRAKE ROTOR/054.jpg,ia-service/datasets/raw/kaggle-car-parts/train/BRAKE ROTOR/054.jpg,BRAKE ROTOR,,brake_rotor,1,train,Apache-2.0
gpiosenka/car-parts-40-classes,v3,car parts 50/train/BRAKE ROTOR/055.jpg,ia-service/datasets/raw/kaggle-car-parts/train/BRAKE ROTOR/055.jpg,BRAKE ROTOR,,brake_rotor,1,train,Apache-2.0
gpiosenka/car-parts-40-classes,v3,car parts 50/train/BRAKE ROTOR/056.jpg,ia-service/datasets/raw/kaggle-car-parts/train/BRAKE ROTOR/056.jpg,BRAKE ROTOR,,brake_rotor,1,train,Apache-2.0
gpiosenka/car-parts-40-classes,v3,car parts 50/train/BRAKE ROTOR/057.jpg,ia-service/datasets/raw/kaggle-car-parts/train/BRAKE ROTOR/057.jpg,BRAKE ROTOR,,brake_rotor,1,train,Apache-2.0
gpiosenka/car-parts-40-classes,v3,car parts 50/train/BRAKE ROTOR/058.jpg,ia-service/datasets/raw/kaggle-car-parts/train/BRAKE ROTOR/058.jpg,BRAKE ROTOR,,brake_rotor,1,train,Apache-2.0
gpiosenka/car-parts-40-classes,v3,car parts 50/train/BRAKE ROTOR/059.jpg,ia-service/datasets/raw/kaggle-car-parts/train/BRAKE ROTOR/059.jpg,BRAKE ROTOR,,brake_rotor,1,train,Apache-2.0
gpiosenka/car-parts-40-classes,v3,car parts 50/train/BRAKE ROTOR/060.jpg,ia-service/datasets/raw/kaggle-car-parts/train/BRAKE ROTOR/060.jpg,BRAKE ROTOR,,brake_rotor,1,train,Apache-2.0
gpiosenka/car-parts-40-classes,v3,car parts 50/train/BRAKE ROTOR/061.jpg,ia-service/datasets/raw/kaggle-car-parts/train/BRAKE ROTOR/061.jpg,BRAKE ROTOR,,brake_rotor,1,train,Apache-2.0
gpiosenka/car-parts-40-classes,v3,car parts 50/train/BRAKE ROTOR/062.jpg,ia-service/datasets/raw/kaggle-car-parts/train/BRAKE ROTOR/062.jpg,BRAKE ROTOR,,brake_rotor,1,train,Apache-2.0
gpiosenka/car-parts-40-classes,v3,car parts 50/train/BRAKE ROTOR/063.jpg,ia-service/datasets/raw/kaggle-car-parts/train/BRAKE ROTOR/063.jpg,BRAKE ROTOR,,brake_rotor,1,train,Apache-2.0
gpiosenka/car-parts-40-classes,v3,car parts 50/train/BRAKE ROTOR/064.jpg,ia-service/datasets/raw/kaggle-car-parts/train/BRAKE ROTOR/064.jpg,BRAKE ROTOR,,brake_rotor,1,train,Apache-2.0
gpiosenka/car-parts-40-classes,v3,car parts 50/train/BRAKE ROTOR/065.jpg,ia-service/datasets/raw/kaggle-car-parts/train/BRAKE ROTOR/065.jpg,BRAKE ROTOR,,brake_rotor,1,train,Apache-2.0
gpiosenka/car-parts-40-classes,v3,car parts 50/train/BRAKE ROTOR/066.jpg,ia-service/datasets/raw/kaggle-car-parts/train/BRAKE ROTOR/066.jpg,BRAKE ROTOR,,brake_rotor,1,train,Apache-2.0
gpiosenka/car-parts-40-classes,v3,car parts 50/train/BRAKE ROTOR/067.jpg,ia-service/datasets/raw/kaggle-car-parts/train/BRAKE ROTOR/067.jpg,BRAKE ROTOR,,brake_rotor,1,train,Apache-2.0
gpiosenka/car-parts-40-classes,v3,car parts 50/train/BRAKE ROTOR/068.jpg,ia-service/datasets/raw/kaggle-car-parts/train/BRAKE ROTOR/068.jpg,BRAKE ROTOR,,brake_rotor,1,train,Apache-2.0
gpiosenka/car-parts-40-classes,v3,car parts 50/train/BRAKE ROTOR/069.jpg,ia-service/datasets/raw/kaggle-car-parts/train/BRAKE ROTOR/069.jpg,BRAKE ROTOR,,brake_rotor,1,train,Apache-2.0
gpiosenka/car-parts-40-classes,v3,car parts 50/train/BRAKE ROTOR/070.jpg,ia-service/datasets/raw/kaggle-car-parts/train/BRAKE ROTOR/070.jpg,BRAKE ROTOR,,brake_rotor,1,train,Apache-2.0
gpiosenka/car-parts-40-classes,v3,car parts 50/train/BRAKE ROTOR/071.jpg,ia-service/datasets/raw/kaggle-car-parts/train/BRAKE ROTOR/071.jpg,BRAKE ROTOR,,brake_rotor,1,train,Apache-2.0
gpiosenka/car-parts-40-classes,v3,car parts 50/train/BRAKE ROTOR/072.jpg,ia-service/datasets/raw/kaggle-car-parts/train/BRAKE ROTOR/072.jpg,BRAKE ROTOR,,brake_rotor,1,train,Apache-2.0
gpiosenka/car-parts-40-classes,v3,car parts 50/train/BRAKE ROTOR/073.jpg,ia-service/datasets/raw/kaggle-car-parts/train/BRAKE ROTOR/073.jpg,BRAKE ROTOR,,brake_rotor,1,train,Apache-2.0
gpiosenka/car-parts-40-classes,v3,car parts 50/train/BRAKE ROTOR/074.jpg,ia-service/datasets/raw/kaggle-car-parts/train/BRAKE ROTOR/074.jpg,BRAKE ROTOR,,brake_rotor,1,train,Apache-2.0
gpiosenka/car-parts-40-classes,v3,car parts 50/train/BRAKE ROTOR/075.jpg,ia-service/datasets/raw/kaggle-car-parts/train/BRAKE ROTOR/075.jpg,BRAKE ROTOR,,brake_rotor,1,train,Apache-2.0
gpiosenka/car-parts-40-classes,v3,car parts 50/train/BRAKE ROTOR/076.jpg,ia-service/datasets/raw/kaggle-car-parts/train/BRAKE ROTOR/076.jpg,BRAKE ROTOR,,brake_rotor,1,train,Apache-2.0
gpiosenka/car-parts-40-classes,v3,car parts 50/train/BRAKE ROTOR/077.jpg,ia-service/datasets/raw/kaggle-car-parts/train/BRAKE ROTOR/077.jpg,BRAKE ROTOR,,brake_rotor,1,train,Apache-2.0
gpiosenka/car-parts-40-classes,v3,car parts 50/train/BRAKE ROTOR/078.jpg,ia-service/datasets/raw/kaggle-car-parts/train/BRAKE ROTOR/078.jpg,BRAKE ROTOR,,brake_rotor,1,train,Apache-2.0
gpiosenka/car-parts-40-classes,v3,car parts 50/train/BRAKE ROTOR/079.jpg,ia-service/datasets/raw/kaggle-car-parts/train/BRAKE ROTOR/079.jpg,BRAKE ROTOR,,brake_rotor,1,train,Apache-2.0
gpiosenka/car-parts-40-classes,v3,car parts 50/train/BRAKE ROTOR/080.jpg,ia-service/datasets/raw/kaggle-car-parts/train/BRAKE ROTOR/080.jpg,BRAKE ROTOR,,brake_rotor,1,train,Apache-2.0
gpiosenka/car-parts-40-classes,v3,car parts 50/train/BRAKE ROTOR/081.jpg,ia-service/datasets/raw/kaggle-car-parts/train/BRAKE ROTOR/081.jpg,BRAKE ROTOR,,brake_rotor,1,train,Apache-2.0
gpiosenka/car-parts-40-classes,v3,car parts 50/train/BRAKE ROTOR/082.jpg,ia-service/datasets/raw/kaggle-car-parts/train/BRAKE ROTOR/082.jpg,BRAKE ROTOR,,brake_rotor,1,train,Apache-2.0
gpiosenka/car-parts-40-classes,v3,car parts 50/train/BRAKE ROTOR/083.jpg,ia-service/datasets/raw/kaggle-car-parts/train/BRAKE ROTOR/083.jpg,BRAKE ROTOR,,brake_rotor,1,train,Apache-2.0
gpiosenka/car-parts-40-classes,v3,car parts 50/train/BRAKE ROTOR/084.jpg,ia-service/datasets/raw/kaggle-car-parts/train/BRAKE ROTOR/084.jpg,BRAKE ROTOR,,brake_rotor,1,train,Apache-2.0
gpiosenka/car-parts-40-classes,v3,car parts 50/train/BRAKE ROTOR/085.jpg,ia-service/datasets/raw/kaggle-car-parts/train/BRAKE ROTOR/085.jpg,BRAKE ROTOR,,brake_rotor,1,train,Apache-2.0
gpiosenka/car-parts-40-classes,v3,car parts 50/train/BRAKE ROTOR/086.jpg,ia-service/datasets/raw/kaggle-car-parts/train/BRAKE ROTOR/086.jpg,BRAKE ROTOR,,brake_rotor,1,train,Apache-2.0
gpiosenka/car-parts-40-classes,v3,car parts 50/train/BRAKE ROTOR/087.jpg,ia-service/datasets/raw/kaggle-car-parts/train/BRAKE ROTOR/087.jpg,BRAKE ROTOR,,brake_rotor,1,train,Apache-2.0
gpiosenka/car-parts-40-classes,v3,car parts 50/train/BRAKE ROTOR/088.jpg,ia-service/datasets/raw/kaggle-car-parts/train/BRAKE ROTOR/088.jpg,BRAKE ROTOR,,brake_rotor,1,train,Apache-2.0
gpiosenka/car-parts-40-classes,v3,car parts 50/train/BRAKE ROTOR/089.jpg,ia-service/datasets/raw/kaggle-car-parts/train/BRAKE ROTOR/089.jpg,BRAKE ROTOR,,brake_rotor,1,train,Apache-2.0
gpiosenka/car-parts-40-classes,v3,car parts 50/train/BRAKE ROTOR/090.jpg,ia-service/datasets/raw/kaggle-car-parts/train/BRAKE ROTOR/090.jpg,BRAKE ROTOR,,brake_rotor,1,train,Apache-2.0
gpiosenka/car-parts-40-classes,v3,car parts 50/train/BRAKE ROTOR/091.jpg,ia-service/datasets/raw/kaggle-car-parts/train/BRAKE ROTOR/091.jpg,BRAKE ROTOR,,brake_rotor,1,train,Apache-2.0
gpiosenka/car-parts-40-classes,v3,car parts 50/train/BRAKE ROTOR/092.jpg,ia-service/datasets/raw/kaggle-car-parts/train/BRAKE ROTOR/092.jpg,BRAKE ROTOR,,brake_rotor,1,train,Apache-2.0
gpiosenka/car-parts-40-classes,v3,car parts 50/train/BRAKE ROTOR/093.jpg,ia-service/datasets/raw/kaggle-car-parts/train/BRAKE ROTOR/093.jpg,BRAKE ROTOR,,brake_rotor,1,train,Apache-2.0
gpiosenka/car-parts-40-classes,v3,car parts 50/train/BRAKE ROTOR/094.jpg,ia-service/datasets/raw/kaggle-car-parts/train/BRAKE ROTOR/094.jpg,BRAKE ROTOR,,brake_rotor,1,train,Apache-2.0
gpiosenka/car-parts-40-classes,v3,car parts 50/train/BRAKE ROTOR/095.jpg,ia-service/datasets/raw/kaggle-car-parts/train/BRAKE ROTOR/095.jpg,BRAKE ROTOR,,brake_rotor,1,train,Apache-2.0
gpiosenka/car-parts-40-classes,v3,car parts 50/train/BRAKE ROTOR/096.jpg,ia-service/datasets/raw/kaggle-car-parts/train/BRAKE ROTOR/096.jpg,BRAKE ROTOR,,brake_rotor,1,train,Apache-2.0
gpiosenka/car-parts-40-classes,v3,car parts 50/train/BRAKE ROTOR/097.jpg,ia-service/datasets/raw/kaggle-car-parts/train/BRAKE ROTOR/097.jpg,BRAKE ROTOR,,brake_rotor,1,train,Apache-2.0
gpiosenka/car-parts-40-classes,v3,car parts 50/train/BRAKE ROTOR/098.jpg,ia-service/datasets/raw/kaggle-car-parts/train/BRAKE ROTOR/098.jpg,BRAKE ROTOR,,brake_rotor,1,train,Apache-2.0
gpiosenka/car-parts-40-classes,v3,car parts 50/train/BRAKE ROTOR/099.jpg,ia-service/datasets/raw/kaggle-car-parts/train/BRAKE ROTOR/099.jpg,BRAKE ROTOR,,brake_rotor,1,train,Apache-2.0
gpiosenka/car-parts-40-classes,v3,car parts 50/train/BRAKE ROTOR/100.jpg,ia-service/datasets/raw/kaggle-car-parts/train/BRAKE ROTOR/100.jpg,BRAKE ROTOR,,brake_rotor,1,train,Apache-2.0
gpiosenka/car-parts-40-classes,v3,car parts 50/train/BRAKE ROTOR/101.jpg,ia-service/datasets/raw/kaggle-car-parts/train/BRAKE ROTOR/101.jpg,BRAKE ROTOR,,brake_rotor,1,train,Apache-2.0
gpiosenka/car-parts-40-classes,v3,car parts 50/train/BRAKE ROTOR/102.jpg,ia-service/datasets/raw/kaggle-car-parts/train/BRAKE ROTOR/102.jpg,BRAKE ROTOR,,brake_rotor,1,train,Apache-2.0
gpiosenka/car-parts-40-classes,v3,car parts 50/train/BRAKE ROTOR/103.jpg,ia-service/datasets/raw/kaggle-car-parts/train/BRAKE ROTOR/103.jpg,BRAKE ROTOR,,brake_rotor,1,train,Apache-2.0
gpiosenka/car-parts-40-classes,v3,car parts 50/train/BRAKE ROTOR/104.jpg,ia-service/datasets/raw/kaggle-car-parts/train/BRAKE ROTOR/104.jpg,BRAKE ROTOR,,brake_rotor,1,train,Apache-2.0
gpiosenka/car-parts-40-classes,v3,car parts 50/train/BRAKE ROTOR/105.jpg,ia-service/datasets/raw/kaggle-car-parts/train/BRAKE ROTOR/105.jpg,BRAKE ROTOR,,brake_rotor,1,train,Apache-2.0
gpiosenka/car-parts-40-classes,v3,car parts 50/train/BRAKE ROTOR/106.jpg,ia-service/datasets/raw/kaggle-car-parts/train/BRAKE ROTOR/106.jpg,BRAKE ROTOR,,brake_rotor,1,train,Apache-2.0
gpiosenka/car-parts-40-classes,v3,car parts 50/train/BRAKE ROTOR/107.jpg,ia-service/datasets/raw/kaggle-car-parts/train/BRAKE ROTOR/107.jpg,BRAKE ROTOR,,brake_rotor,1,train,Apache-2.0
gpiosenka/car-parts-40-classes,v3,car parts 50/train/BRAKE ROTOR/108.jpg,ia-service/datasets/raw/kaggle-car-parts/train/BRAKE ROTOR/108.jpg,BRAKE ROTOR,,brake_rotor,1,train,Apache-2.0
gpiosenka/car-parts-40-classes,v3,car parts 50/train/BRAKE ROTOR/109.jpg,ia-service/datasets/raw/kaggle-car-parts/train/BRAKE ROTOR/109.jpg,BRAKE ROTOR,,brake_rotor,1,train,Apache-2.0
gpiosenka/car-parts-40-classes,v3,car parts 50/train/BRAKE ROTOR/110.jpg,ia-service/datasets/raw/kaggle-car-parts/train/BRAKE ROTOR/110.jpg,BRAKE ROTOR,,brake_rotor,1,train,Apache-2.0
gpiosenka/car-parts-40-classes,v3,car parts 50/train/BRAKE ROTOR/111.jpg,ia-service/datasets/raw/kaggle-car-parts/train/BRAKE ROTOR/111.jpg,BRAKE ROTOR,,brake_rotor,1,train,Apache-2.0
gpiosenka/car-parts-40-classes,v3,car parts 50/train/BRAKE ROTOR/112.jpg,ia-service/datasets/raw/kaggle-car-parts/train/BRAKE ROTOR/112.jpg,BRAKE ROTOR,,brake_rotor,1,train,Apache-2.0
gpiosenka/car-parts-40-classes,v3,car parts 50/train/BRAKE ROTOR/113.jpg,ia-service/datasets/raw/kaggle-car-parts/train/BRAKE ROTOR/113.jpg,BRAKE ROTOR,,brake_rotor,1,train,Apache-2.0
gpiosenka/car-parts-40-classes,v3,car parts 50/train/BRAKE ROTOR/114.jpg,ia-service/datasets/raw/kaggle-car-parts/train/BRAKE ROTOR/114.jpg,BRAKE ROTOR,,brake_rotor,1,train,Apache-2.0
gpiosenka/car-parts-40-classes,v3,car parts 50/train/BRAKE ROTOR/115.jpg,ia-service/datasets/raw/kaggle-car-parts/train/BRAKE ROTOR/115.jpg,BRAKE ROTOR,,brake_rotor,1,train,Apache-2.0
gpiosenka/car-parts-40-classes,v3,car parts 50/train/BRAKE ROTOR/116.jpg,ia-service/datasets/raw/kaggle-car-parts/train/BRAKE ROTOR/116.jpg,BRAKE ROTOR,,brake_rotor,1,train,Apache-2.0
gpiosenka/car-parts-40-classes,v3,car parts 50/train/BRAKE ROTOR/117.jpg,ia-service/datasets/raw/kaggle-car-parts/train/BRAKE ROTOR/117.jpg,BRAKE ROTOR,,brake_rotor,1,train,Apache-2.0
gpiosenka/car-parts-40-classes,v3,car parts 50/train/BRAKE ROTOR/118.jpg,ia-service/datasets/raw/kaggle-car-parts/train/BRAKE ROTOR/118.jpg,BRAKE ROTOR,,brake_rotor,1,train,Apache-2.0
gpiosenka/car-parts-40-classes,v3,car parts 50/train/BRAKE ROTOR/119.jpg,ia-service/datasets/raw/kaggle-car-parts/train/BRAKE ROTOR/119.jpg,BRAKE ROTOR,,brake_rotor,1,train,Apache-2.0
gpiosenka/car-parts-40-classes,v3,car parts 50/train/BRAKE ROTOR/120.jpg,ia-service/datasets/raw/kaggle-car-parts/train/BRAKE ROTOR/120.jpg,BRAKE ROTOR,,brake_rotor,1,train,Apache-2.0
gpiosenka/car-parts-40-classes,v3,car parts 50/train/BRAKE ROTOR/121.jpg,ia-service/datasets/raw/kaggle-car-parts/train/BRAKE ROTOR/121.jpg,BRAKE ROTOR,,brake_rotor,1,train,Apache-2.0
gpiosenka/car-parts-40-classes,v3,car parts 50/train/BRAKE ROTOR/122.jpg,ia-service/datasets/raw/kaggle-car-parts/train/BRAKE ROTOR/122.jpg,BRAKE ROTOR,,brake_rotor,1,train,Apache-2.0
gpiosenka/car-parts-40-classes,v3,car parts 50/train/BRAKE ROTOR/123.jpg,ia-service/datasets/raw/kaggle-car-parts/train/BRAKE ROTOR/123.jpg,BRAKE ROTOR,,brake_rotor,1,train,Apache-2.0
gpiosenka/car-parts-40-classes,v3,car parts 50/train/BRAKE ROTOR/124.jpg,ia-service/datasets/raw/kaggle-car-parts/train/BRAKE ROTOR/124.jpg,BRAKE ROTOR,,brake_rotor,1,train,Apache-2.0
gpiosenka/car-parts-40-classes,v3,car parts 50/train/BRAKE ROTOR/125.jpg,ia-service/datasets/raw/kaggle-car-parts/train/BRAKE ROTOR/125.jpg,BRAKE ROTOR,,brake_rotor,1,train,Apache-2.0
gpiosenka/car-parts-40-classes,v3,car parts 50/train/BRAKE ROTOR/126.jpg,ia-service/datasets/raw/kaggle-car-parts/train/BRAKE ROTOR/126.jpg,BRAKE ROTOR,,brake_rotor,1,train,Apache-2.0
gpiosenka/car-parts-40-classes,v3,car parts 50/train/BRAKE ROTOR/127.jpg,ia-service/datasets/raw/kaggle-car-parts/train/BRAKE ROTOR/127.jpg,BRAKE ROTOR,,brake_rotor,1,train,Apache-2.0
gpiosenka/car-parts-40-classes,v3,car parts 50/train/BRAKE ROTOR/128.jpg,ia-service/datasets/raw/kaggle-car-parts/train/BRAKE ROTOR/128.jpg,BRAKE ROTOR,,brake_rotor,1,train,Apache-2.0
gpiosenka/car-parts-40-classes,v3,car parts 50/train/BRAKE ROTOR/129.jpg,ia-service/datasets/raw/kaggle-car-parts/train/BRAKE ROTOR/129.jpg,BRAKE ROTOR,,brake_rotor,1,train,Apache-2.0
gpiosenka/car-parts-40-classes,v3,car parts 50/train/BRAKE ROTOR/130.jpg,ia-service/datasets/raw/kaggle-car-parts/train/BRAKE ROTOR/130.jpg,BRAKE ROTOR,,brake_rotor,1,train,Apache-2.0
gpiosenka/car-parts-40-classes,v3,car parts 50/train/BRAKE ROTOR/131.jpg,ia-service/datasets/raw/kaggle-car-parts/train/BRAKE ROTOR/131.jpg,BRAKE ROTOR,,brake_rotor,1,train,Apache-2.0
gpiosenka/car-parts-40-classes,v3,car parts 50/train/BRAKE ROTOR/132.jpg,ia-service/datasets/raw/kaggle-car-parts/train/BRAKE ROTOR/132.jpg,BRAKE ROTOR,,brake_rotor,1,train,Apache-2.0
gpiosenka/car-parts-40-classes,v3,car parts 50/train/BRAKE ROTOR/133.jpg,ia-service/datasets/raw/kaggle-car-parts/train/BRAKE ROTOR/133.jpg,BRAKE ROTOR,,brake_rotor,1,train,Apache-2.0
gpiosenka/car-parts-40-classes,v3,car parts 50/train/BRAKE ROTOR/134.jpg,ia-service/datasets/raw/kaggle-car-parts/train/BRAKE ROTOR/134.jpg,BRAKE ROTOR,,brake_rotor,1,train,Apache-2.0
gpiosenka/car-parts-40-classes,v3,car parts 50/train/BRAKE ROTOR/135.jpg,ia-service/datasets/raw/kaggle-car-parts/train/BRAKE ROTOR/135.jpg,BRAKE ROTOR,,brake_rotor,1,train,Apache-2.0
gpiosenka/car-parts-40-classes,v3,car parts 50/train/BRAKE ROTOR/136.jpg,ia-service/datasets/raw/kaggle-car-parts/train/BRAKE ROTOR/136.jpg,BRAKE ROTOR,,brake_rotor,1,train,Apache-2.0
gpiosenka/car-parts-40-classes,v3,car parts 50/train/BRAKE ROTOR/137.jpg,ia-service/datasets/raw/kaggle-car-parts/train/BRAKE ROTOR/137.jpg,BRAKE ROTOR,,brake_rotor,1,train,Apache-2.0
gpiosenka/car-parts-40-classes,v3,car parts 50/train/BRAKE ROTOR/138.jpg,ia-service/datasets/raw/kaggle-car-parts/train/BRAKE ROTOR/138.jpg,BRAKE ROTOR,,brake_rotor,1,train,Apache-2.0
gpiosenka/car-parts-40-classes,v3,car parts 50/train/BRAKE ROTOR/139.jpg,ia-service/datasets/raw/kaggle-car-parts/train/BRAKE ROTOR/139.jpg,BRAKE ROTOR,,brake_rotor,1,train,Apache-2.0
gpiosenka/car-parts-40-classes,v3,car parts 50/train/BRAKE ROTOR/140.jpg,ia-service/datasets/raw/kaggle-car-parts/train/BRAKE ROTOR/140.jpg,BRAKE ROTOR,,brake_rotor,1,train,Apache-2.0
gpiosenka/car-parts-40-classes,v3,car parts 50/train/BRAKE ROTOR/141.jpg,ia-service/datasets/raw/kaggle-car-parts/train/BRAKE ROTOR/141.jpg,BRAKE ROTOR,,brake_rotor,1,train,Apache-2.0
gpiosenka/car-parts-40-classes,v3,car parts 50/train/BRAKE ROTOR/142.jpg,ia-service/datasets/raw/kaggle-car-parts/train/BRAKE ROTOR/142.jpg,BRAKE ROTOR,,brake_rotor,1,train,Apache-2.0
gpiosenka/car-parts-40-classes,v3,car parts 50/train/BRAKE ROTOR/143.jpg,ia-service/datasets/raw/kaggle-car-parts/train/BRAKE ROTOR/143.jpg,BRAKE ROTOR,,brake_rotor,1,train,Apache-2.0
gpiosenka/car-parts-40-classes,v3,car parts 50/train/BRAKE ROTOR/144.jpg,ia-service/datasets/raw/kaggle-car-parts/train/BRAKE ROTOR/144.jpg,BRAKE ROTOR,,brake_rotor,1,train,Apache-2.0
gpiosenka/car-parts-40-classes,v3,car parts 50/train/BRAKE ROTOR/145.jpg,ia-service/datasets/raw/kaggle-car-parts/train/BRAKE ROTOR/145.jpg,BRAKE ROTOR,,brake_rotor,1,train,Apache-2.0
gpiosenka/car-parts-40-classes,v3,car parts 50/train/BRAKE ROTOR/146.jpg,ia-service/datasets/raw/kaggle-car-parts/train/BRAKE ROTOR/146.jpg,BRAKE ROTOR,,brake_rotor,1,train,Apache-2.0
gpiosenka/car-parts-40-classes,v3,car parts 50/train/BRAKE ROTOR/147.jpg,ia-service/datasets/raw/kaggle-car-parts/train/BRAKE ROTOR/147.jpg,BRAKE ROTOR,,brake_rotor,1,train,Apache-2.0
gpiosenka/car-parts-40-classes,v3,car parts 50/train/BRAKE ROTOR/148.jpg,ia-service/datasets/raw/kaggle-car-parts/train/BRAKE ROTOR/148.jpg,BRAKE ROTOR,,brake_rotor,1,train,Apache-2.0
gpiosenka/car-parts-40-classes,v3,car parts 50/train/BRAKE ROTOR/149.jpg,ia-service/datasets/raw/kaggle-car-parts/train/BRAKE ROTOR/149.jpg,BRAKE ROTOR,,brake_rotor,1,train,Apache-2.0
gpiosenka/car-parts-40-classes,v3,car parts 50/train/BRAKE ROTOR/150.jpg,ia-service/datasets/raw/kaggle-car-parts/train/BRAKE ROTOR/150.jpg,BRAKE ROTOR,,brake_rotor,1,train,Apache-2.0
gpiosenka/car-parts-40-classes,v3,car parts 50/train/BRAKE ROTOR/151.jpg,ia-service/datasets/raw/kaggle-car-parts/train/BRAKE ROTOR/151.jpg,BRAKE ROTOR,,brake_rotor,1,train,Apache-2.0
gpiosenka/car-parts-40-classes,v3,car parts 50/train/BRAKE ROTOR/152.jpg,ia-service/datasets/raw/kaggle-car-parts/train/BRAKE ROTOR/152.jpg,BRAKE ROTOR,,brake_rotor,1,train,Apache-2.0
gpiosenka/car-parts-40-classes,v3,car parts 50/train/BRAKE ROTOR/153.jpg,ia-service/datasets/raw/kaggle-car-parts/train/BRAKE ROTOR/153.jpg,BRAKE ROTOR,,brake_rotor,1,train,Apache-2.0
gpiosenka/car-parts-40-classes,v3,car parts 50/train/BRAKE ROTOR/154.jpg,ia-service/datasets/raw/kaggle-car-parts/train/BRAKE ROTOR/154.jpg,BRAKE ROTOR,,brake_rotor,1,train,Apache-2.0
gpiosenka/car-parts-40-classes,v3,car parts 50/train/BRAKE ROTOR/155.jpg,ia-service/datasets/raw/kaggle-car-parts/train/BRAKE ROTOR/155.jpg,BRAKE ROTOR,,brake_rotor,1,train,Apache-2.0
gpiosenka/car-parts-40-classes,v3,car parts 50/train/BRAKE ROTOR/156.jpg,ia-service/datasets/raw/kaggle-car-parts/train/BRAKE ROTOR/156.jpg,BRAKE ROTOR,,brake_rotor,1,train,Apache-2.0
gpiosenka/car-parts-40-classes,v3,car parts 50/train/BRAKE ROTOR/157.jpg,ia-service/datasets/raw/kaggle-car-parts/train/BRAKE ROTOR/157.jpg,BRAKE ROTOR,,brake_rotor,1,train,Apache-2.0
gpiosenka/car-parts-40-classes,v3,car parts 50/train/BRAKE ROTOR/158.jpg,ia-service/datasets/raw/kaggle-car-parts/train/BRAKE ROTOR/158.jpg,BRAKE ROTOR,,brake_rotor,1,train,Apache-2.0
gpiosenka/car-parts-40-classes,v3,car parts 50/train/BRAKE ROTOR/159.jpg,ia-service/datasets/raw/kaggle-car-parts/train/BRAKE ROTOR/159.jpg,BRAKE ROTOR,,brake_rotor,1,train,Apache-2.0
gpiosenka/car-parts-40-classes,v3,car parts 50/train/BRAKE ROTOR/160.jpg,ia-service/datasets/raw/kaggle-car-parts/train/BRAKE ROTOR/160.jpg,BRAKE ROTOR,,brake_rotor,1,train,Apache-2.0
gpiosenka/car-parts-40-classes,v3,car parts 50/train/BRAKE ROTOR/161.jpg,ia-service/datasets/raw/kaggle-car-parts/train/BRAKE ROTOR/161.jpg,BRAKE ROTOR,,brake_rotor,1,train,Apache-2.0
gpiosenka/car-parts-40-classes,v3,car parts 50/train/BRAKE ROTOR/162.jpg,ia-service/datasets/raw/kaggle-car-parts/train/BRAKE ROTOR/162.jpg,BRAKE ROTOR,,brake_rotor,1,train,Apache-2.0
gpiosenka/car-parts-40-classes,v3,car parts 50/train/BRAKE ROTOR/163.jpg,ia-service/datasets/raw/kaggle-car-parts/train/BRAKE ROTOR/163.jpg,BRAKE ROTOR,,brake_rotor,1,train,Apache-2.0
gpiosenka/car-parts-40-classes,v3,car parts 50/train/BRAKE ROTOR/164.jpg,ia-service/datasets/raw/kaggle-car-parts/train/BRAKE ROTOR/164.jpg,BRAKE ROTOR,,brake_rotor,1,train,Apache-2.0
gpiosenka/car-parts-40-classes,v3,car parts 50/train/BRAKE ROTOR/165.jpg,ia-service/datasets/raw/kaggle-car-parts/train/BRAKE ROTOR/165.jpg,BRAKE ROTOR,,brake_rotor,1,train,Apache-2.0
gpiosenka/car-parts-40-classes,v3,car parts 50/train/BRAKE ROTOR/166.jpg,ia-service/datasets/raw/kaggle-car-parts/train/BRAKE ROTOR/166.jpg,BRAKE ROTOR,,brake_rotor,1,train,Apache-2.0
gpiosenka/car-parts-40-classes,v3,car parts 50/train/BRAKE ROTOR/167.jpg,ia-service/datasets/raw/kaggle-car-parts/train/BRAKE ROTOR/167.jpg,BRAKE ROTOR,,brake_rotor,1,train,Apache-2.0
gpiosenka/car-parts-40-classes,v3,car parts 50/train/BRAKE ROTOR/168.jpg,ia-service/datasets/raw/kaggle-car-parts/train/BRAKE ROTOR/168.jpg,BRAKE ROTOR,,brake_rotor,1,train,Apache-2.0
gpiosenka/car-parts-40-classes,v3,car parts 50/train/BRAKE ROTOR/169.jpg,ia-service/datasets/raw/kaggle-car-parts/train/BRAKE ROTOR/169.jpg,BRAKE ROTOR,,brake_rotor,1,train,Apache-2.0
gpiosenka/car-parts-40-classes,v3,car parts 50/train/BRAKE ROTOR/170.jpg,ia-service/datasets/raw/kaggle-car-parts/train/BRAKE ROTOR/170.jpg,BRAKE ROTOR,,brake_rotor,1,train,Apache-2.0
gpiosenka/car-parts-40-classes,v3,car parts 50/train/BRAKE ROTOR/171.jpg,ia-service/datasets/raw/kaggle-car-parts/train/BRAKE ROTOR/171.jpg,BRAKE ROTOR,,brake_rotor,1,train,Apache-2.0
gpiosenka/car-parts-40-classes,v3,car parts 50/train/BRAKE ROTOR/172.jpg,ia-service/datasets/raw/kaggle-car-parts/train/BRAKE ROTOR/172.jpg,BRAKE ROTOR,,brake_rotor,1,train,Apache-2.0
gpiosenka/car-parts-40-classes,v3,car parts 50/train/BRAKE ROTOR/173.jpg,ia-service/datasets/raw/kaggle-car-parts/train/BRAKE ROTOR/173.jpg,BRAKE ROTOR,,brake_rotor,1,train,Apache-2.0
gpiosenka/car-parts-40-classes,v3,car parts 50/train/BRAKE ROTOR/174.jpg,ia-service/datasets/raw/kaggle-car-parts/train/BRAKE ROTOR/174.jpg,BRAKE ROTOR,,brake_rotor,1,train,Apache-2.0
gpiosenka/car-parts-40-classes,v3,car parts 50/train/BRAKE ROTOR/175.jpg,ia-service/datasets/raw/kaggle-car-parts/train/BRAKE ROTOR/175.jpg,BRAKE ROTOR,,brake_rotor,1,train,Apache-2.0
gpiosenka/car-parts-40-classes,v3,car parts 50/train/BRAKE ROTOR/176.jpg,ia-service/datasets/raw/kaggle-car-parts/train/BRAKE ROTOR/176.jpg,BRAKE ROTOR,,brake_rotor,1,train,Apache-2.0
gpiosenka/car-parts-40-classes,v3,car parts 50/train/HEADLIGHTS/001.jpg,ia-service/datasets/raw/kaggle-car-parts/train/HEADLIGHTS/001.jpg,HEADLIGHTS,,headlight,7,train,Apache-2.0
gpiosenka/car-parts-40-classes,v3,car parts 50/train/HEADLIGHTS/002.jpg,ia-service/datasets/raw/kaggle-car-parts/train/HEADLIGHTS/002.jpg,HEADLIGHTS,,headlight,7,train,Apache-2.0
gpiosenka/car-parts-40-classes,v3,car parts 50/train/HEADLIGHTS/003.jpg,ia-service/datasets/raw/kaggle-car-parts/train/HEADLIGHTS/003.jpg,HEADLIGHTS,,headlight,7,train,Apache-2.0
gpiosenka/car-parts-40-classes,v3,car parts 50/train/HEADLIGHTS/004.jpg,ia-service/datasets/raw/kaggle-car-parts/train/HEADLIGHTS/004.jpg,HEADLIGHTS,,headlight,7,train,Apache-2.0
gpiosenka/car-parts-40-classes,v3,car parts 50/train/HEADLIGHTS/005.jpg,ia-service/datasets/raw/kaggle-car-parts/train/HEADLIGHTS/005.jpg,HEADLIGHTS,,headlight,7,train,Apache-2.0
gpiosenka/car-parts-40-classes,v3,car parts 50/train/HEADLIGHTS/006.jpg,ia-service/datasets/raw/kaggle-car-parts/train/HEADLIGHTS/006.jpg,HEADLIGHTS,,headlight,7,train,Apache-2.0
gpiosenka/car-parts-40-classes,v3,car parts 50/train/HEADLIGHTS/007.jpg,ia-service/datasets/raw/kaggle-car-parts/train/HEADLIGHTS/007.jpg,HEADLIGHTS,,headlight,7,train,Apache-2.0
gpiosenka/car-parts-40-classes,v3,car parts 50/train/HEADLIGHTS/008.jpg,ia-service/datasets/raw/kaggle-car-parts/train/HEADLIGHTS/008.jpg,HEADLIGHTS,,headlight,7,train,Apache-2.0
gpiosenka/car-parts-40-classes,v3,car parts 50/train/HEADLIGHTS/009.jpg,ia-service/datasets/raw/kaggle-car-parts/train/HEADLIGHTS/009.jpg,HEADLIGHTS,,headlight,7,train,Apache-2.0
gpiosenka/car-parts-40-classes,v3,car parts 50/train/HEADLIGHTS/010.jpg,ia-service/datasets/raw/kaggle-car-parts/train/HEADLIGHTS/010.jpg,HEADLIGHTS,,headlight,7,train,Apache-2.0
gpiosenka/car-parts-40-classes,v3,car parts 50/train/HEADLIGHTS/011.jpg,ia-service/datasets/raw/kaggle-car-parts/train/HEADLIGHTS/011.jpg,HEADLIGHTS,,headlight,7,train,Apache-2.0
gpiosenka/car-parts-40-classes,v3,car parts 50/train/HEADLIGHTS/012.jpg,ia-service/datasets/raw/kaggle-car-parts/train/HEADLIGHTS/012.jpg,HEADLIGHTS,,headlight,7,train,Apache-2.0
gpiosenka/car-parts-40-classes,v3,car parts 50/train/HEADLIGHTS/013.jpg,ia-service/datasets/raw/kaggle-car-parts/train/HEADLIGHTS/013.jpg,HEADLIGHTS,,headlight,7,train,Apache-2.0
gpiosenka/car-parts-40-classes,v3,car parts 50/train/HEADLIGHTS/014.jpg,ia-service/datasets/raw/kaggle-car-parts/train/HEADLIGHTS/014.jpg,HEADLIGHTS,,headlight,7,train,Apache-2.0
gpiosenka/car-parts-40-classes,v3,car parts 50/train/HEADLIGHTS/015.jpg,ia-service/datasets/raw/kaggle-car-parts/train/HEADLIGHTS/015.jpg,HEADLIGHTS,,headlight,7,train,Apache-2.0
gpiosenka/car-parts-40-classes,v3,car parts 50/train/HEADLIGHTS/016.jpg,ia-service/datasets/raw/kaggle-car-parts/train/HEADLIGHTS/016.jpg,HEADLIGHTS,,headlight,7,train,Apache-2.0
gpiosenka/car-parts-40-classes,v3,car parts 50/train/HEADLIGHTS/017.jpg,ia-service/datasets/raw/kaggle-car-parts/train/HEADLIGHTS/017.jpg,HEADLIGHTS,,headlight,7,train,Apache-2.0
gpiosenka/car-parts-40-classes,v3,car parts 50/train/HEADLIGHTS/018.jpg,ia-service/datasets/raw/kaggle-car-parts/train/HEADLIGHTS/018.jpg,HEADLIGHTS,,headlight,7,train,Apache-2.0
gpiosenka/car-parts-40-classes,v3,car parts 50/train/HEADLIGHTS/019.jpg,ia-service/datasets/raw/kaggle-car-parts/train/HEADLIGHTS/019.jpg,HEADLIGHTS,,headlight,7,train,Apache-2.0
gpiosenka/car-parts-40-classes,v3,car parts 50/train/HEADLIGHTS/020.jpg,ia-service/datasets/raw/kaggle-car-parts/train/HEADLIGHTS/020.jpg,HEADLIGHTS,,headlight,7,train,Apache-2.0
gpiosenka/car-parts-40-classes,v3,car parts 50/train/HEADLIGHTS/021.jpg,ia-service/datasets/raw/kaggle-car-parts/train/HEADLIGHTS/021.jpg,HEADLIGHTS,,headlight,7,train,Apache-2.0
gpiosenka/car-parts-40-classes,v3,car parts 50/train/HEADLIGHTS/022.jpg,ia-service/datasets/raw/kaggle-car-parts/train/HEADLIGHTS/022.jpg,HEADLIGHTS,,headlight,7,train,Apache-2.0
gpiosenka/car-parts-40-classes,v3,car parts 50/train/HEADLIGHTS/023.jpg,ia-service/datasets/raw/kaggle-car-parts/train/HEADLIGHTS/023.jpg,HEADLIGHTS,,headlight,7,train,Apache-2.0
gpiosenka/car-parts-40-classes,v3,car parts 50/train/HEADLIGHTS/024.jpg,ia-service/datasets/raw/kaggle-car-parts/train/HEADLIGHTS/024.jpg,HEADLIGHTS,,headlight,7,train,Apache-2.0
gpiosenka/car-parts-40-classes,v3,car parts 50/train/HEADLIGHTS/025.jpg,ia-service/datasets/raw/kaggle-car-parts/train/HEADLIGHTS/025.jpg,HEADLIGHTS,,headlight,7,train,Apache-2.0
gpiosenka/car-parts-40-classes,v3,car parts 50/train/HEADLIGHTS/026.jpg,ia-service/datasets/raw/kaggle-car-parts/train/HEADLIGHTS/026.jpg,HEADLIGHTS,,headlight,7,train,Apache-2.0
gpiosenka/car-parts-40-classes,v3,car parts 50/train/HEADLIGHTS/027.jpg,ia-service/datasets/raw/kaggle-car-parts/train/HEADLIGHTS/027.jpg,HEADLIGHTS,,headlight,7,train,Apache-2.0
gpiosenka/car-parts-40-classes,v3,car parts 50/train/HEADLIGHTS/028.jpg,ia-service/datasets/raw/kaggle-car-parts/train/HEADLIGHTS/028.jpg,HEADLIGHTS,,headlight,7,train,Apache-2.0
gpiosenka/car-parts-40-classes,v3,car parts 50/train/HEADLIGHTS/029.jpg,ia-service/datasets/raw/kaggle-car-parts/train/HEADLIGHTS/029.jpg,HEADLIGHTS,,headlight,7,train,Apache-2.0
gpiosenka/car-parts-40-classes,v3,car parts 50/train/HEADLIGHTS/030.jpg,ia-service/datasets/raw/kaggle-car-parts/train/HEADLIGHTS/030.jpg,HEADLIGHTS,,headlight,7,train,Apache-2.0
gpiosenka/car-parts-40-classes,v3,car parts 50/train/HEADLIGHTS/031.jpg,ia-service/datasets/raw/kaggle-car-parts/train/HEADLIGHTS/031.jpg,HEADLIGHTS,,headlight,7,train,Apache-2.0
gpiosenka/car-parts-40-classes,v3,car parts 50/train/HEADLIGHTS/032.jpg,ia-service/datasets/raw/kaggle-car-parts/train/HEADLIGHTS/032.jpg,HEADLIGHTS,,headlight,7,train,Apache-2.0
gpiosenka/car-parts-40-classes,v3,car parts 50/train/HEADLIGHTS/033.jpg,ia-service/datasets/raw/kaggle-car-parts/train/HEADLIGHTS/033.jpg,HEADLIGHTS,,headlight,7,train,Apache-2.0
gpiosenka/car-parts-40-classes,v3,car parts 50/train/HEADLIGHTS/034.jpg,ia-service/datasets/raw/kaggle-car-parts/train/HEADLIGHTS/034.jpg,HEADLIGHTS,,headlight,7,train,Apache-2.0
gpiosenka/car-parts-40-classes,v3,car parts 50/train/HEADLIGHTS/035.jpg,ia-service/datasets/raw/kaggle-car-parts/train/HEADLIGHTS/035.jpg,HEADLIGHTS,,headlight,7,train,Apache-2.0
gpiosenka/car-parts-40-classes,v3,car parts 50/train/HEADLIGHTS/036.jpg,ia-service/datasets/raw/kaggle-car-parts/train/HEADLIGHTS/036.jpg,HEADLIGHTS,,headlight,7,train,Apache-2.0
gpiosenka/car-parts-40-classes,v3,car parts 50/train/HEADLIGHTS/037.jpg,ia-service/datasets/raw/kaggle-car-parts/train/HEADLIGHTS/037.jpg,HEADLIGHTS,,headlight,7,train,Apache-2.0
gpiosenka/car-parts-40-classes,v3,car parts 50/train/HEADLIGHTS/038.jpg,ia-service/datasets/raw/kaggle-car-parts/train/HEADLIGHTS/038.jpg,HEADLIGHTS,,headlight,7,train,Apache-2.0
gpiosenka/car-parts-40-classes,v3,car parts 50/train/HEADLIGHTS/039.jpg,ia-service/datasets/raw/kaggle-car-parts/train/HEADLIGHTS/039.jpg,HEADLIGHTS,,headlight,7,train,Apache-2.0
gpiosenka/car-parts-40-classes,v3,car parts 50/train/HEADLIGHTS/040.jpg,ia-service/datasets/raw/kaggle-car-parts/train/HEADLIGHTS/040.jpg,HEADLIGHTS,,headlight,7,train,Apache-2.0
gpiosenka/car-parts-40-classes,v3,car parts 50/train/HEADLIGHTS/041.jpg,ia-service/datasets/raw/kaggle-car-parts/train/HEADLIGHTS/041.jpg,HEADLIGHTS,,headlight,7,train,Apache-2.0
gpiosenka/car-parts-40-classes,v3,car parts 50/train/HEADLIGHTS/042.jpg,ia-service/datasets/raw/kaggle-car-parts/train/HEADLIGHTS/042.jpg,HEADLIGHTS,,headlight,7,train,Apache-2.0
gpiosenka/car-parts-40-classes,v3,car parts 50/train/HEADLIGHTS/043.jpg,ia-service/datasets/raw/kaggle-car-parts/train/HEADLIGHTS/043.jpg,HEADLIGHTS,,headlight,7,train,Apache-2.0
gpiosenka/car-parts-40-classes,v3,car parts 50/train/HEADLIGHTS/044.jpg,ia-service/datasets/raw/kaggle-car-parts/train/HEADLIGHTS/044.jpg,HEADLIGHTS,,headlight,7,train,Apache-2.0
gpiosenka/car-parts-40-classes,v3,car parts 50/train/HEADLIGHTS/045.jpg,ia-service/datasets/raw/kaggle-car-parts/train/HEADLIGHTS/045.jpg,HEADLIGHTS,,headlight,7,train,Apache-2.0
gpiosenka/car-parts-40-classes,v3,car parts 50/train/HEADLIGHTS/046.jpg,ia-service/datasets/raw/kaggle-car-parts/train/HEADLIGHTS/046.jpg,HEADLIGHTS,,headlight,7,train,Apache-2.0
gpiosenka/car-parts-40-classes,v3,car parts 50/train/HEADLIGHTS/047.jpg,ia-service/datasets/raw/kaggle-car-parts/train/HEADLIGHTS/047.jpg,HEADLIGHTS,,headlight,7,train,Apache-2.0
gpiosenka/car-parts-40-classes,v3,car parts 50/train/HEADLIGHTS/048.jpg,ia-service/datasets/raw/kaggle-car-parts/train/HEADLIGHTS/048.jpg,HEADLIGHTS,,headlight,7,train,Apache-2.0
gpiosenka/car-parts-40-classes,v3,car parts 50/train/HEADLIGHTS/049.jpg,ia-service/datasets/raw/kaggle-car-parts/train/HEADLIGHTS/049.jpg,HEADLIGHTS,,headlight,7,train,Apache-2.0
gpiosenka/car-parts-40-classes,v3,car parts 50/train/HEADLIGHTS/050.jpg,ia-service/datasets/raw/kaggle-car-parts/train/HEADLIGHTS/050.jpg,HEADLIGHTS,,headlight,7,train,Apache-2.0
gpiosenka/car-parts-40-classes,v3,car parts 50/train/HEADLIGHTS/051.jpg,ia-service/datasets/raw/kaggle-car-parts/train/HEADLIGHTS/051.jpg,HEADLIGHTS,,headlight,7,train,Apache-2.0
gpiosenka/car-parts-40-classes,v3,car parts 50/train/HEADLIGHTS/052.jpg,ia-service/datasets/raw/kaggle-car-parts/train/HEADLIGHTS/052.jpg,HEADLIGHTS,,headlight,7,train,Apache-2.0
gpiosenka/car-parts-40-classes,v3,car parts 50/train/HEADLIGHTS/053.jpg,ia-service/datasets/raw/kaggle-car-parts/train/HEADLIGHTS/053.jpg,HEADLIGHTS,,headlight,7,train,Apache-2.0
gpiosenka/car-parts-40-classes,v3,car parts 50/train/HEADLIGHTS/054.jpg,ia-service/datasets/raw/kaggle-car-parts/train/HEADLIGHTS/054.jpg,HEADLIGHTS,,headlight,7,train,Apache-2.0
gpiosenka/car-parts-40-classes,v3,car parts 50/train/HEADLIGHTS/055.jpg,ia-service/datasets/raw/kaggle-car-parts/train/HEADLIGHTS/055.jpg,HEADLIGHTS,,headlight,7,train,Apache-2.0
gpiosenka/car-parts-40-classes,v3,car parts 50/train/HEADLIGHTS/056.jpg,ia-service/datasets/raw/kaggle-car-parts/train/HEADLIGHTS/056.jpg,HEADLIGHTS,,headlight,7,train,Apache-2.0
gpiosenka/car-parts-40-classes,v3,car parts 50/train/HEADLIGHTS/057.jpg,ia-service/datasets/raw/kaggle-car-parts/train/HEADLIGHTS/057.jpg,HEADLIGHTS,,headlight,7,train,Apache-2.0
gpiosenka/car-parts-40-classes,v3,car parts 50/train/HEADLIGHTS/058.jpg,ia-service/datasets/raw/kaggle-car-parts/train/HEADLIGHTS/058.jpg,HEADLIGHTS,,headlight,7,train,Apache-2.0
gpiosenka/car-parts-40-classes,v3,car parts 50/train/HEADLIGHTS/059.jpg,ia-service/datasets/raw/kaggle-car-parts/train/HEADLIGHTS/059.jpg,HEADLIGHTS,,headlight,7,train,Apache-2.0
gpiosenka/car-parts-40-classes,v3,car parts 50/train/HEADLIGHTS/060.jpg,ia-service/datasets/raw/kaggle-car-parts/train/HEADLIGHTS/060.jpg,HEADLIGHTS,,headlight,7,train,Apache-2.0
gpiosenka/car-parts-40-classes,v3,car parts 50/train/HEADLIGHTS/061.jpg,ia-service/datasets/raw/kaggle-car-parts/train/HEADLIGHTS/061.jpg,HEADLIGHTS,,headlight,7,train,Apache-2.0
gpiosenka/car-parts-40-classes,v3,car parts 50/train/HEADLIGHTS/062.jpg,ia-service/datasets/raw/kaggle-car-parts/train/HEADLIGHTS/062.jpg,HEADLIGHTS,,headlight,7,train,Apache-2.0
gpiosenka/car-parts-40-classes,v3,car parts 50/train/HEADLIGHTS/063.jpg,ia-service/datasets/raw/kaggle-car-parts/train/HEADLIGHTS/063.jpg,HEADLIGHTS,,headlight,7,train,Apache-2.0
gpiosenka/car-parts-40-classes,v3,car parts 50/train/HEADLIGHTS/064.jpg,ia-service/datasets/raw/kaggle-car-parts/train/HEADLIGHTS/064.jpg,HEADLIGHTS,,headlight,7,train,Apache-2.0
gpiosenka/car-parts-40-classes,v3,car parts 50/train/HEADLIGHTS/065.jpg,ia-service/datasets/raw/kaggle-car-parts/train/HEADLIGHTS/065.jpg,HEADLIGHTS,,headlight,7,train,Apache-2.0
gpiosenka/car-parts-40-classes,v3,car parts 50/train/HEADLIGHTS/066.jpg,ia-service/datasets/raw/kaggle-car-parts/train/HEADLIGHTS/066.jpg,HEADLIGHTS,,headlight,7,train,Apache-2.0
gpiosenka/car-parts-40-classes,v3,car parts 50/train/HEADLIGHTS/067.jpg,ia-service/datasets/raw/kaggle-car-parts/train/HEADLIGHTS/067.jpg,HEADLIGHTS,,headlight,7,train,Apache-2.0
gpiosenka/car-parts-40-classes,v3,car parts 50/train/HEADLIGHTS/068.jpg,ia-service/datasets/raw/kaggle-car-parts/train/HEADLIGHTS/068.jpg,HEADLIGHTS,,headlight,7,train,Apache-2.0
gpiosenka/car-parts-40-classes,v3,car parts 50/train/HEADLIGHTS/069.jpg,ia-service/datasets/raw/kaggle-car-parts/train/HEADLIGHTS/069.jpg,HEADLIGHTS,,headlight,7,train,Apache-2.0
gpiosenka/car-parts-40-classes,v3,car parts 50/train/HEADLIGHTS/070.jpg,ia-service/datasets/raw/kaggle-car-parts/train/HEADLIGHTS/070.jpg,HEADLIGHTS,,headlight,7,train,Apache-2.0
gpiosenka/car-parts-40-classes,v3,car parts 50/train/HEADLIGHTS/071.jpg,ia-service/datasets/raw/kaggle-car-parts/train/HEADLIGHTS/071.jpg,HEADLIGHTS,,headlight,7,train,Apache-2.0
gpiosenka/car-parts-40-classes,v3,car parts 50/train/HEADLIGHTS/072.jpg,ia-service/datasets/raw/kaggle-car-parts/train/HEADLIGHTS/072.jpg,HEADLIGHTS,,headlight,7,train,Apache-2.0
gpiosenka/car-parts-40-classes,v3,car parts 50/train/HEADLIGHTS/073.jpg,ia-service/datasets/raw/kaggle-car-parts/train/HEADLIGHTS/073.jpg,HEADLIGHTS,,headlight,7,train,Apache-2.0
gpiosenka/car-parts-40-classes,v3,car parts 50/train/HEADLIGHTS/074.jpg,ia-service/datasets/raw/kaggle-car-parts/train/HEADLIGHTS/074.jpg,HEADLIGHTS,,headlight,7,train,Apache-2.0
gpiosenka/car-parts-40-classes,v3,car parts 50/train/HEADLIGHTS/075.jpg,ia-service/datasets/raw/kaggle-car-parts/train/HEADLIGHTS/075.jpg,HEADLIGHTS,,headlight,7,train,Apache-2.0
gpiosenka/car-parts-40-classes,v3,car parts 50/train/HEADLIGHTS/076.jpg,ia-service/datasets/raw/kaggle-car-parts/train/HEADLIGHTS/076.jpg,HEADLIGHTS,,headlight,7,train,Apache-2.0
gpiosenka/car-parts-40-classes,v3,car parts 50/train/HEADLIGHTS/077.jpg,ia-service/datasets/raw/kaggle-car-parts/train/HEADLIGHTS/077.jpg,HEADLIGHTS,,headlight,7,train,Apache-2.0
gpiosenka/car-parts-40-classes,v3,car parts 50/train/HEADLIGHTS/078.jpg,ia-service/datasets/raw/kaggle-car-parts/train/HEADLIGHTS/078.jpg,HEADLIGHTS,,headlight,7,train,Apache-2.0
gpiosenka/car-parts-40-classes,v3,car parts 50/train/HEADLIGHTS/079.jpg,ia-service/datasets/raw/kaggle-car-parts/train/HEADLIGHTS/079.jpg,HEADLIGHTS,,headlight,7,train,Apache-2.0
gpiosenka/car-parts-40-classes,v3,car parts 50/train/HEADLIGHTS/080.jpg,ia-service/datasets/raw/kaggle-car-parts/train/HEADLIGHTS/080.jpg,HEADLIGHTS,,headlight,7,train,Apache-2.0
gpiosenka/car-parts-40-classes,v3,car parts 50/train/HEADLIGHTS/081.jpg,ia-service/datasets/raw/kaggle-car-parts/train/HEADLIGHTS/081.jpg,HEADLIGHTS,,headlight,7,train,Apache-2.0
gpiosenka/car-parts-40-classes,v3,car parts 50/train/HEADLIGHTS/082.jpg,ia-service/datasets/raw/kaggle-car-parts/train/HEADLIGHTS/082.jpg,HEADLIGHTS,,headlight,7,train,Apache-2.0
gpiosenka/car-parts-40-classes,v3,car parts 50/train/HEADLIGHTS/083.jpg,ia-service/datasets/raw/kaggle-car-parts/train/HEADLIGHTS/083.jpg,HEADLIGHTS,,headlight,7,train,Apache-2.0
gpiosenka/car-parts-40-classes,v3,car parts 50/train/HEADLIGHTS/084.jpg,ia-service/datasets/raw/kaggle-car-parts/train/HEADLIGHTS/084.jpg,HEADLIGHTS,,headlight,7,train,Apache-2.0
gpiosenka/car-parts-40-classes,v3,car parts 50/train/HEADLIGHTS/085.jpg,ia-service/datasets/raw/kaggle-car-parts/train/HEADLIGHTS/085.jpg,HEADLIGHTS,,headlight,7,train,Apache-2.0
gpiosenka/car-parts-40-classes,v3,car parts 50/train/HEADLIGHTS/086.jpg,ia-service/datasets/raw/kaggle-car-parts/train/HEADLIGHTS/086.jpg,HEADLIGHTS,,headlight,7,train,Apache-2.0
gpiosenka/car-parts-40-classes,v3,car parts 50/train/HEADLIGHTS/087.jpg,ia-service/datasets/raw/kaggle-car-parts/train/HEADLIGHTS/087.jpg,HEADLIGHTS,,headlight,7,train,Apache-2.0
gpiosenka/car-parts-40-classes,v3,car parts 50/train/HEADLIGHTS/088.jpg,ia-service/datasets/raw/kaggle-car-parts/train/HEADLIGHTS/088.jpg,HEADLIGHTS,,headlight,7,train,Apache-2.0
gpiosenka/car-parts-40-classes,v3,car parts 50/train/HEADLIGHTS/089.jpg,ia-service/datasets/raw/kaggle-car-parts/train/HEADLIGHTS/089.jpg,HEADLIGHTS,,headlight,7,train,Apache-2.0
gpiosenka/car-parts-40-classes,v3,car parts 50/train/HEADLIGHTS/090.jpg,ia-service/datasets/raw/kaggle-car-parts/train/HEADLIGHTS/090.jpg,HEADLIGHTS,,headlight,7,train,Apache-2.0
gpiosenka/car-parts-40-classes,v3,car parts 50/train/HEADLIGHTS/091.jpg,ia-service/datasets/raw/kaggle-car-parts/train/HEADLIGHTS/091.jpg,HEADLIGHTS,,headlight,7,train,Apache-2.0
gpiosenka/car-parts-40-classes,v3,car parts 50/train/HEADLIGHTS/092.jpg,ia-service/datasets/raw/kaggle-car-parts/train/HEADLIGHTS/092.jpg,HEADLIGHTS,,headlight,7,train,Apache-2.0
gpiosenka/car-parts-40-classes,v3,car parts 50/train/HEADLIGHTS/093.jpg,ia-service/datasets/raw/kaggle-car-parts/train/HEADLIGHTS/093.jpg,HEADLIGHTS,,headlight,7,train,Apache-2.0
gpiosenka/car-parts-40-classes,v3,car parts 50/train/HEADLIGHTS/094.jpg,ia-service/datasets/raw/kaggle-car-parts/train/HEADLIGHTS/094.jpg,HEADLIGHTS,,headlight,7,train,Apache-2.0
gpiosenka/car-parts-40-classes,v3,car parts 50/train/HEADLIGHTS/095.jpg,ia-service/datasets/raw/kaggle-car-parts/train/HEADLIGHTS/095.jpg,HEADLIGHTS,,headlight,7,train,Apache-2.0
gpiosenka/car-parts-40-classes,v3,car parts 50/train/HEADLIGHTS/096.jpg,ia-service/datasets/raw/kaggle-car-parts/train/HEADLIGHTS/096.jpg,HEADLIGHTS,,headlight,7,train,Apache-2.0
gpiosenka/car-parts-40-classes,v3,car parts 50/train/HEADLIGHTS/097.jpg,ia-service/datasets/raw/kaggle-car-parts/train/HEADLIGHTS/097.jpg,HEADLIGHTS,,headlight,7,train,Apache-2.0
gpiosenka/car-parts-40-classes,v3,car parts 50/train/HEADLIGHTS/098.jpg,ia-service/datasets/raw/kaggle-car-parts/train/HEADLIGHTS/098.jpg,HEADLIGHTS,,headlight,7,train,Apache-2.0
gpiosenka/car-parts-40-classes,v3,car parts 50/train/HEADLIGHTS/099.jpg,ia-service/datasets/raw/kaggle-car-parts/train/HEADLIGHTS/099.jpg,HEADLIGHTS,,headlight,7,train,Apache-2.0
gpiosenka/car-parts-40-classes,v3,car parts 50/train/HEADLIGHTS/100.jpg,ia-service/datasets/raw/kaggle-car-parts/train/HEADLIGHTS/100.jpg,HEADLIGHTS,,headlight,7,train,Apache-2.0
gpiosenka/car-parts-40-classes,v3,car parts 50/train/HEADLIGHTS/101.jpg,ia-service/datasets/raw/kaggle-car-parts/train/HEADLIGHTS/101.jpg,HEADLIGHTS,,headlight,7,train,Apache-2.0
gpiosenka/car-parts-40-classes,v3,car parts 50/train/HEADLIGHTS/102.jpg,ia-service/datasets/raw/kaggle-car-parts/train/HEADLIGHTS/102.jpg,HEADLIGHTS,,headlight,7,train,Apache-2.0
gpiosenka/car-parts-40-classes,v3,car parts 50/train/HEADLIGHTS/103.jpg,ia-service/datasets/raw/kaggle-car-parts/train/HEADLIGHTS/103.jpg,HEADLIGHTS,,headlight,7,train,Apache-2.0
gpiosenka/car-parts-40-classes,v3,car parts 50/train/HEADLIGHTS/104.jpg,ia-service/datasets/raw/kaggle-car-parts/train/HEADLIGHTS/104.jpg,HEADLIGHTS,,headlight,7,train,Apache-2.0
gpiosenka/car-parts-40-classes,v3,car parts 50/train/HEADLIGHTS/105.jpg,ia-service/datasets/raw/kaggle-car-parts/train/HEADLIGHTS/105.jpg,HEADLIGHTS,,headlight,7,train,Apache-2.0
gpiosenka/car-parts-40-classes,v3,car parts 50/train/HEADLIGHTS/106.jpg,ia-service/datasets/raw/kaggle-car-parts/train/HEADLIGHTS/106.jpg,HEADLIGHTS,,headlight,7,train,Apache-2.0
gpiosenka/car-parts-40-classes,v3,car parts 50/train/HEADLIGHTS/107.jpg,ia-service/datasets/raw/kaggle-car-parts/train/HEADLIGHTS/107.jpg,HEADLIGHTS,,headlight,7,train,Apache-2.0
gpiosenka/car-parts-40-classes,v3,car parts 50/train/HEADLIGHTS/108.jpg,ia-service/datasets/raw/kaggle-car-parts/train/HEADLIGHTS/108.jpg,HEADLIGHTS,,headlight,7,train,Apache-2.0
gpiosenka/car-parts-40-classes,v3,car parts 50/train/HEADLIGHTS/109.jpg,ia-service/datasets/raw/kaggle-car-parts/train/HEADLIGHTS/109.jpg,HEADLIGHTS,,headlight,7,train,Apache-2.0
gpiosenka/car-parts-40-classes,v3,car parts 50/train/HEADLIGHTS/110.jpg,ia-service/datasets/raw/kaggle-car-parts/train/HEADLIGHTS/110.jpg,HEADLIGHTS,,headlight,7,train,Apache-2.0
gpiosenka/car-parts-40-classes,v3,car parts 50/train/HEADLIGHTS/111.jpg,ia-service/datasets/raw/kaggle-car-parts/train/HEADLIGHTS/111.jpg,HEADLIGHTS,,headlight,7,train,Apache-2.0
gpiosenka/car-parts-40-classes,v3,car parts 50/train/HEADLIGHTS/112.jpg,ia-service/datasets/raw/kaggle-car-parts/train/HEADLIGHTS/112.jpg,HEADLIGHTS,,headlight,7,train,Apache-2.0
gpiosenka/car-parts-40-classes,v3,car parts 50/train/HEADLIGHTS/113.jpg,ia-service/datasets/raw/kaggle-car-parts/train/HEADLIGHTS/113.jpg,HEADLIGHTS,,headlight,7,train,Apache-2.0
gpiosenka/car-parts-40-classes,v3,car parts 50/train/HEADLIGHTS/114.jpg,ia-service/datasets/raw/kaggle-car-parts/train/HEADLIGHTS/114.jpg,HEADLIGHTS,,headlight,7,train,Apache-2.0
gpiosenka/car-parts-40-classes,v3,car parts 50/train/HEADLIGHTS/115.jpg,ia-service/datasets/raw/kaggle-car-parts/train/HEADLIGHTS/115.jpg,HEADLIGHTS,,headlight,7,train,Apache-2.0
gpiosenka/car-parts-40-classes,v3,car parts 50/train/HEADLIGHTS/116.jpg,ia-service/datasets/raw/kaggle-car-parts/train/HEADLIGHTS/116.jpg,HEADLIGHTS,,headlight,7,train,Apache-2.0
gpiosenka/car-parts-40-classes,v3,car parts 50/train/HEADLIGHTS/117.jpg,ia-service/datasets/raw/kaggle-car-parts/train/HEADLIGHTS/117.jpg,HEADLIGHTS,,headlight,7,train,Apache-2.0
gpiosenka/car-parts-40-classes,v3,car parts 50/train/HEADLIGHTS/118.jpg,ia-service/datasets/raw/kaggle-car-parts/train/HEADLIGHTS/118.jpg,HEADLIGHTS,,headlight,7,train,Apache-2.0
gpiosenka/car-parts-40-classes,v3,car parts 50/train/HEADLIGHTS/119.jpg,ia-service/datasets/raw/kaggle-car-parts/train/HEADLIGHTS/119.jpg,HEADLIGHTS,,headlight,7,train,Apache-2.0
gpiosenka/car-parts-40-classes,v3,car parts 50/train/HEADLIGHTS/120.jpg,ia-service/datasets/raw/kaggle-car-parts/train/HEADLIGHTS/120.jpg,HEADLIGHTS,,headlight,7,train,Apache-2.0
gpiosenka/car-parts-40-classes,v3,car parts 50/train/HEADLIGHTS/121.jpg,ia-service/datasets/raw/kaggle-car-parts/train/HEADLIGHTS/121.jpg,HEADLIGHTS,,headlight,7,train,Apache-2.0
gpiosenka/car-parts-40-classes,v3,car parts 50/train/HEADLIGHTS/122.jpg,ia-service/datasets/raw/kaggle-car-parts/train/HEADLIGHTS/122.jpg,HEADLIGHTS,,headlight,7,train,Apache-2.0
gpiosenka/car-parts-40-classes,v3,car parts 50/train/HEADLIGHTS/123.jpg,ia-service/datasets/raw/kaggle-car-parts/train/HEADLIGHTS/123.jpg,HEADLIGHTS,,headlight,7,train,Apache-2.0
gpiosenka/car-parts-40-classes,v3,car parts 50/train/HEADLIGHTS/124.jpg,ia-service/datasets/raw/kaggle-car-parts/train/HEADLIGHTS/124.jpg,HEADLIGHTS,,headlight,7,train,Apache-2.0
gpiosenka/car-parts-40-classes,v3,car parts 50/train/HEADLIGHTS/125.jpg,ia-service/datasets/raw/kaggle-car-parts/train/HEADLIGHTS/125.jpg,HEADLIGHTS,,headlight,7,train,Apache-2.0
gpiosenka/car-parts-40-classes,v3,car parts 50/train/HEADLIGHTS/126.jpg,ia-service/datasets/raw/kaggle-car-parts/train/HEADLIGHTS/126.jpg,HEADLIGHTS,,headlight,7,train,Apache-2.0
gpiosenka/car-parts-40-classes,v3,car parts 50/train/HEADLIGHTS/127.jpg,ia-service/datasets/raw/kaggle-car-parts/train/HEADLIGHTS/127.jpg,HEADLIGHTS,,headlight,7,train,Apache-2.0
gpiosenka/car-parts-40-classes,v3,car parts 50/train/HEADLIGHTS/128.jpg,ia-service/datasets/raw/kaggle-car-parts/train/HEADLIGHTS/128.jpg,HEADLIGHTS,,headlight,7,train,Apache-2.0
gpiosenka/car-parts-40-classes,v3,car parts 50/train/HEADLIGHTS/129.jpg,ia-service/datasets/raw/kaggle-car-parts/train/HEADLIGHTS/129.jpg,HEADLIGHTS,,headlight,7,train,Apache-2.0
gpiosenka/car-parts-40-classes,v3,car parts 50/train/HEADLIGHTS/130.jpg,ia-service/datasets/raw/kaggle-car-parts/train/HEADLIGHTS/130.jpg,HEADLIGHTS,,headlight,7,train,Apache-2.0
gpiosenka/car-parts-40-classes,v3,car parts 50/train/HEADLIGHTS/131.jpg,ia-service/datasets/raw/kaggle-car-parts/train/HEADLIGHTS/131.jpg,HEADLIGHTS,,headlight,7,train,Apache-2.0
gpiosenka/car-parts-40-classes,v3,car parts 50/train/HEADLIGHTS/132.jpg,ia-service/datasets/raw/kaggle-car-parts/train/HEADLIGHTS/132.jpg,HEADLIGHTS,,headlight,7,train,Apache-2.0
gpiosenka/car-parts-40-classes,v3,car parts 50/train/HEADLIGHTS/133.jpg,ia-service/datasets/raw/kaggle-car-parts/train/HEADLIGHTS/133.jpg,HEADLIGHTS,,headlight,7,train,Apache-2.0
gpiosenka/car-parts-40-classes,v3,car parts 50/train/HEADLIGHTS/134.jpg,ia-service/datasets/raw/kaggle-car-parts/train/HEADLIGHTS/134.jpg,HEADLIGHTS,,headlight,7,train,Apache-2.0
gpiosenka/car-parts-40-classes,v3,car parts 50/train/HEADLIGHTS/135.jpg,ia-service/datasets/raw/kaggle-car-parts/train/HEADLIGHTS/135.jpg,HEADLIGHTS,,headlight,7,train,Apache-2.0
gpiosenka/car-parts-40-classes,v3,car parts 50/train/HEADLIGHTS/136.jpg,ia-service/datasets/raw/kaggle-car-parts/train/HEADLIGHTS/136.jpg,HEADLIGHTS,,headlight,7,train,Apache-2.0
gpiosenka/car-parts-40-classes,v3,car parts 50/train/HEADLIGHTS/137.jpg,ia-service/datasets/raw/kaggle-car-parts/train/HEADLIGHTS/137.jpg,HEADLIGHTS,,headlight,7,train,Apache-2.0
gpiosenka/car-parts-40-classes,v3,car parts 50/train/HEADLIGHTS/138.jpg,ia-service/datasets/raw/kaggle-car-parts/train/HEADLIGHTS/138.jpg,HEADLIGHTS,,headlight,7,train,Apache-2.0
gpiosenka/car-parts-40-classes,v3,car parts 50/train/HEADLIGHTS/139.jpg,ia-service/datasets/raw/kaggle-car-parts/train/HEADLIGHTS/139.jpg,HEADLIGHTS,,headlight,7,train,Apache-2.0
gpiosenka/car-parts-40-classes,v3,car parts 50/train/HEADLIGHTS/140.jpg,ia-service/datasets/raw/kaggle-car-parts/train/HEADLIGHTS/140.jpg,HEADLIGHTS,,headlight,7,train,Apache-2.0
gpiosenka/car-parts-40-classes,v3,car parts 50/train/HEADLIGHTS/141.jpg,ia-service/datasets/raw/kaggle-car-parts/train/HEADLIGHTS/141.jpg,HEADLIGHTS,,headlight,7,train,Apache-2.0
gpiosenka/car-parts-40-classes,v3,car parts 50/train/HEADLIGHTS/142.jpg,ia-service/datasets/raw/kaggle-car-parts/train/HEADLIGHTS/142.jpg,HEADLIGHTS,,headlight,7,train,Apache-2.0
gpiosenka/car-parts-40-classes,v3,car parts 50/train/HEADLIGHTS/143.jpg,ia-service/datasets/raw/kaggle-car-parts/train/HEADLIGHTS/143.jpg,HEADLIGHTS,,headlight,7,train,Apache-2.0
gpiosenka/car-parts-40-classes,v3,car parts 50/train/HEADLIGHTS/144.jpg,ia-service/datasets/raw/kaggle-car-parts/train/HEADLIGHTS/144.jpg,HEADLIGHTS,,headlight,7,train,Apache-2.0
gpiosenka/car-parts-40-classes,v3,car parts 50/train/HEADLIGHTS/145.jpg,ia-service/datasets/raw/kaggle-car-parts/train/HEADLIGHTS/145.jpg,HEADLIGHTS,,headlight,7,train,Apache-2.0
gpiosenka/car-parts-40-classes,v3,car parts 50/train/HEADLIGHTS/146.jpg,ia-service/datasets/raw/kaggle-car-parts/train/HEADLIGHTS/146.jpg,HEADLIGHTS,,headlight,7,train,Apache-2.0
gpiosenka/car-parts-40-classes,v3,car parts 50/train/HEADLIGHTS/147.jpg,ia-service/datasets/raw/kaggle-car-parts/train/HEADLIGHTS/147.jpg,HEADLIGHTS,,headlight,7,train,Apache-2.0
gpiosenka/car-parts-40-classes,v3,car parts 50/train/HEADLIGHTS/148.jpg,ia-service/datasets/raw/kaggle-car-parts/train/HEADLIGHTS/148.jpg,HEADLIGHTS,,headlight,7,train,Apache-2.0
gpiosenka/car-parts-40-classes,v3,car parts 50/train/HEADLIGHTS/149.jpg,ia-service/datasets/raw/kaggle-car-parts/train/HEADLIGHTS/149.jpg,HEADLIGHTS,,headlight,7,train,Apache-2.0
gpiosenka/car-parts-40-classes,v3,car parts 50/train/HEADLIGHTS/150.jpg,ia-service/datasets/raw/kaggle-car-parts/train/HEADLIGHTS/150.jpg,HEADLIGHTS,,headlight,7,train,Apache-2.0
gpiosenka/car-parts-40-classes,v3,car parts 50/train/HEADLIGHTS/151.jpg,ia-service/datasets/raw/kaggle-car-parts/train/HEADLIGHTS/151.jpg,HEADLIGHTS,,headlight,7,train,Apache-2.0
gpiosenka/car-parts-40-classes,v3,car parts 50/train/HEADLIGHTS/152.jpg,ia-service/datasets/raw/kaggle-car-parts/train/HEADLIGHTS/152.jpg,HEADLIGHTS,,headlight,7,train,Apache-2.0
gpiosenka/car-parts-40-classes,v3,car parts 50/train/HEADLIGHTS/153.jpg,ia-service/datasets/raw/kaggle-car-parts/train/HEADLIGHTS/153.jpg,HEADLIGHTS,,headlight,7,train,Apache-2.0
gpiosenka/car-parts-40-classes,v3,car parts 50/train/HEADLIGHTS/154.jpg,ia-service/datasets/raw/kaggle-car-parts/train/HEADLIGHTS/154.jpg,HEADLIGHTS,,headlight,7,train,Apache-2.0
gpiosenka/car-parts-40-classes,v3,car parts 50/train/HEADLIGHTS/155.jpg,ia-service/datasets/raw/kaggle-car-parts/train/HEADLIGHTS/155.jpg,HEADLIGHTS,,headlight,7,train,Apache-2.0
gpiosenka/car-parts-40-classes,v3,car parts 50/train/HEADLIGHTS/156.jpg,ia-service/datasets/raw/kaggle-car-parts/train/HEADLIGHTS/156.jpg,HEADLIGHTS,,headlight,7,train,Apache-2.0
gpiosenka/car-parts-40-classes,v3,car parts 50/train/HEADLIGHTS/157.jpg,ia-service/datasets/raw/kaggle-car-parts/train/HEADLIGHTS/157.jpg,HEADLIGHTS,,headlight,7,train,Apache-2.0
gpiosenka/car-parts-40-classes,v3,car parts 50/train/HEADLIGHTS/158.jpg,ia-service/datasets/raw/kaggle-car-parts/train/HEADLIGHTS/158.jpg,HEADLIGHTS,,headlight,7,train,Apache-2.0
gpiosenka/car-parts-40-classes,v3,car parts 50/train/HEADLIGHTS/159.jpg,ia-service/datasets/raw/kaggle-car-parts/train/HEADLIGHTS/159.jpg,HEADLIGHTS,,headlight,7,train,Apache-2.0
gpiosenka/car-parts-40-classes,v3,car parts 50/train/OIL FILTER/001.jpg,ia-service/datasets/raw/kaggle-car-parts/train/OIL FILTER/001.jpg,OIL FILTER,,oil_filter,4,train,Apache-2.0
gpiosenka/car-parts-40-classes,v3,car parts 50/train/OIL FILTER/002.jpg,ia-service/datasets/raw/kaggle-car-parts/train/OIL FILTER/002.jpg,OIL FILTER,,oil_filter,4,train,Apache-2.0
gpiosenka/car-parts-40-classes,v3,car parts 50/train/OIL FILTER/003.jpg,ia-service/datasets/raw/kaggle-car-parts/train/OIL FILTER/003.jpg,OIL FILTER,,oil_filter,4,train,Apache-2.0
gpiosenka/car-parts-40-classes,v3,car parts 50/train/OIL FILTER/004.jpg,ia-service/datasets/raw/kaggle-car-parts/train/OIL FILTER/004.jpg,OIL FILTER,,oil_filter,4,train,Apache-2.0
gpiosenka/car-parts-40-classes,v3,car parts 50/train/OIL FILTER/005.jpg,ia-service/datasets/raw/kaggle-car-parts/train/OIL FILTER/005.jpg,OIL FILTER,,oil_filter,4,train,Apache-2.0
gpiosenka/car-parts-40-classes,v3,car parts 50/train/OIL FILTER/006.jpg,ia-service/datasets/raw/kaggle-car-parts/train/OIL FILTER/006.jpg,OIL FILTER,,oil_filter,4,train,Apache-2.0
gpiosenka/car-parts-40-classes,v3,car parts 50/train/OIL FILTER/007.jpg,ia-service/datasets/raw/kaggle-car-parts/train/OIL FILTER/007.jpg,OIL FILTER,,oil_filter,4,train,Apache-2.0
gpiosenka/car-parts-40-classes,v3,car parts 50/train/OIL FILTER/008.jpg,ia-service/datasets/raw/kaggle-car-parts/train/OIL FILTER/008.jpg,OIL FILTER,,oil_filter,4,train,Apache-2.0
gpiosenka/car-parts-40-classes,v3,car parts 50/train/OIL FILTER/009.jpg,ia-service/datasets/raw/kaggle-car-parts/train/OIL FILTER/009.jpg,OIL FILTER,,oil_filter,4,train,Apache-2.0
gpiosenka/car-parts-40-classes,v3,car parts 50/train/OIL FILTER/010.jpg,ia-service/datasets/raw/kaggle-car-parts/train/OIL FILTER/010.jpg,OIL FILTER,,oil_filter,4,train,Apache-2.0
gpiosenka/car-parts-40-classes,v3,car parts 50/train/OIL FILTER/011.jpg,ia-service/datasets/raw/kaggle-car-parts/train/OIL FILTER/011.jpg,OIL FILTER,,oil_filter,4,train,Apache-2.0
gpiosenka/car-parts-40-classes,v3,car parts 50/train/OIL FILTER/012.jpg,ia-service/datasets/raw/kaggle-car-parts/train/OIL FILTER/012.jpg,OIL FILTER,,oil_filter,4,train,Apache-2.0
gpiosenka/car-parts-40-classes,v3,car parts 50/train/OIL FILTER/013.jpg,ia-service/datasets/raw/kaggle-car-parts/train/OIL FILTER/013.jpg,OIL FILTER,,oil_filter,4,train,Apache-2.0
gpiosenka/car-parts-40-classes,v3,car parts 50/train/OIL FILTER/014.jpg,ia-service/datasets/raw/kaggle-car-parts/train/OIL FILTER/014.jpg,OIL FILTER,,oil_filter,4,train,Apache-2.0
gpiosenka/car-parts-40-classes,v3,car parts 50/train/OIL FILTER/015.jpg,ia-service/datasets/raw/kaggle-car-parts/train/OIL FILTER/015.jpg,OIL FILTER,,oil_filter,4,train,Apache-2.0
gpiosenka/car-parts-40-classes,v3,car parts 50/train/OIL FILTER/016.jpg,ia-service/datasets/raw/kaggle-car-parts/train/OIL FILTER/016.jpg,OIL FILTER,,oil_filter,4,train,Apache-2.0
gpiosenka/car-parts-40-classes,v3,car parts 50/train/OIL FILTER/017.jpg,ia-service/datasets/raw/kaggle-car-parts/train/OIL FILTER/017.jpg,OIL FILTER,,oil_filter,4,train,Apache-2.0
gpiosenka/car-parts-40-classes,v3,car parts 50/train/OIL FILTER/018.jpg,ia-service/datasets/raw/kaggle-car-parts/train/OIL FILTER/018.jpg,OIL FILTER,,oil_filter,4,train,Apache-2.0
gpiosenka/car-parts-40-classes,v3,car parts 50/train/OIL FILTER/019.jpg,ia-service/datasets/raw/kaggle-car-parts/train/OIL FILTER/019.jpg,OIL FILTER,,oil_filter,4,train,Apache-2.0
gpiosenka/car-parts-40-classes,v3,car parts 50/train/OIL FILTER/020.jpg,ia-service/datasets/raw/kaggle-car-parts/train/OIL FILTER/020.jpg,OIL FILTER,,oil_filter,4,train,Apache-2.0
gpiosenka/car-parts-40-classes,v3,car parts 50/train/OIL FILTER/021.jpg,ia-service/datasets/raw/kaggle-car-parts/train/OIL FILTER/021.jpg,OIL FILTER,,oil_filter,4,train,Apache-2.0
gpiosenka/car-parts-40-classes,v3,car parts 50/train/OIL FILTER/022.jpg,ia-service/datasets/raw/kaggle-car-parts/train/OIL FILTER/022.jpg,OIL FILTER,,oil_filter,4,train,Apache-2.0
gpiosenka/car-parts-40-classes,v3,car parts 50/train/OIL FILTER/023.jpg,ia-service/datasets/raw/kaggle-car-parts/train/OIL FILTER/023.jpg,OIL FILTER,,oil_filter,4,train,Apache-2.0
gpiosenka/car-parts-40-classes,v3,car parts 50/train/OIL FILTER/024.jpg,ia-service/datasets/raw/kaggle-car-parts/train/OIL FILTER/024.jpg,OIL FILTER,,oil_filter,4,train,Apache-2.0
gpiosenka/car-parts-40-classes,v3,car parts 50/train/OIL FILTER/025.jpg,ia-service/datasets/raw/kaggle-car-parts/train/OIL FILTER/025.jpg,OIL FILTER,,oil_filter,4,train,Apache-2.0
gpiosenka/car-parts-40-classes,v3,car parts 50/train/OIL FILTER/026.jpg,ia-service/datasets/raw/kaggle-car-parts/train/OIL FILTER/026.jpg,OIL FILTER,,oil_filter,4,train,Apache-2.0
gpiosenka/car-parts-40-classes,v3,car parts 50/train/OIL FILTER/027.jpg,ia-service/datasets/raw/kaggle-car-parts/train/OIL FILTER/027.jpg,OIL FILTER,,oil_filter,4,train,Apache-2.0
gpiosenka/car-parts-40-classes,v3,car parts 50/train/OIL FILTER/028.jpg,ia-service/datasets/raw/kaggle-car-parts/train/OIL FILTER/028.jpg,OIL FILTER,,oil_filter,4,train,Apache-2.0
gpiosenka/car-parts-40-classes,v3,car parts 50/train/OIL FILTER/029.jpg,ia-service/datasets/raw/kaggle-car-parts/train/OIL FILTER/029.jpg,OIL FILTER,,oil_filter,4,train,Apache-2.0
gpiosenka/car-parts-40-classes,v3,car parts 50/train/OIL FILTER/030.jpg,ia-service/datasets/raw/kaggle-car-parts/train/OIL FILTER/030.jpg,OIL FILTER,,oil_filter,4,train,Apache-2.0
gpiosenka/car-parts-40-classes,v3,car parts 50/train/OIL FILTER/031.jpg,ia-service/datasets/raw/kaggle-car-parts/train/OIL FILTER/031.jpg,OIL FILTER,,oil_filter,4,train,Apache-2.0
gpiosenka/car-parts-40-classes,v3,car parts 50/train/OIL FILTER/032.jpg,ia-service/datasets/raw/kaggle-car-parts/train/OIL FILTER/032.jpg,OIL FILTER,,oil_filter,4,train,Apache-2.0
gpiosenka/car-parts-40-classes,v3,car parts 50/train/OIL FILTER/033.jpg,ia-service/datasets/raw/kaggle-car-parts/train/OIL FILTER/033.jpg,OIL FILTER,,oil_filter,4,train,Apache-2.0
gpiosenka/car-parts-40-classes,v3,car parts 50/train/OIL FILTER/034.jpg,ia-service/datasets/raw/kaggle-car-parts/train/OIL FILTER/034.jpg,OIL FILTER,,oil_filter,4,train,Apache-2.0
gpiosenka/car-parts-40-classes,v3,car parts 50/train/OIL FILTER/035.jpg,ia-service/datasets/raw/kaggle-car-parts/train/OIL FILTER/035.jpg,OIL FILTER,,oil_filter,4,train,Apache-2.0
gpiosenka/car-parts-40-classes,v3,car parts 50/train/OIL FILTER/036.jpg,ia-service/datasets/raw/kaggle-car-parts/train/OIL FILTER/036.jpg,OIL FILTER,,oil_filter,4,train,Apache-2.0
gpiosenka/car-parts-40-classes,v3,car parts 50/train/OIL FILTER/037.jpg,ia-service/datasets/raw/kaggle-car-parts/train/OIL FILTER/037.jpg,OIL FILTER,,oil_filter,4,train,Apache-2.0
gpiosenka/car-parts-40-classes,v3,car parts 50/train/OIL FILTER/038.jpg,ia-service/datasets/raw/kaggle-car-parts/train/OIL FILTER/038.jpg,OIL FILTER,,oil_filter,4,train,Apache-2.0
gpiosenka/car-parts-40-classes,v3,car parts 50/train/OIL FILTER/039.jpg,ia-service/datasets/raw/kaggle-car-parts/train/OIL FILTER/039.jpg,OIL FILTER,,oil_filter,4,train,Apache-2.0
gpiosenka/car-parts-40-classes,v3,car parts 50/train/OIL FILTER/040.jpg,ia-service/datasets/raw/kaggle-car-parts/train/OIL FILTER/040.jpg,OIL FILTER,,oil_filter,4,train,Apache-2.0
gpiosenka/car-parts-40-classes,v3,car parts 50/train/OIL FILTER/041.jpg,ia-service/datasets/raw/kaggle-car-parts/train/OIL FILTER/041.jpg,OIL FILTER,,oil_filter,4,train,Apache-2.0
gpiosenka/car-parts-40-classes,v3,car parts 50/train/OIL FILTER/042.jpg,ia-service/datasets/raw/kaggle-car-parts/train/OIL FILTER/042.jpg,OIL FILTER,,oil_filter,4,train,Apache-2.0
gpiosenka/car-parts-40-classes,v3,car parts 50/train/OIL FILTER/043.jpg,ia-service/datasets/raw/kaggle-car-parts/train/OIL FILTER/043.jpg,OIL FILTER,,oil_filter,4,train,Apache-2.0
gpiosenka/car-parts-40-classes,v3,car parts 50/train/OIL FILTER/044.jpg,ia-service/datasets/raw/kaggle-car-parts/train/OIL FILTER/044.jpg,OIL FILTER,,oil_filter,4,train,Apache-2.0
gpiosenka/car-parts-40-classes,v3,car parts 50/train/OIL FILTER/045.jpg,ia-service/datasets/raw/kaggle-car-parts/train/OIL FILTER/045.jpg,OIL FILTER,,oil_filter,4,train,Apache-2.0
gpiosenka/car-parts-40-classes,v3,car parts 50/train/OIL FILTER/046.jpg,ia-service/datasets/raw/kaggle-car-parts/train/OIL FILTER/046.jpg,OIL FILTER,,oil_filter,4,train,Apache-2.0
gpiosenka/car-parts-40-classes,v3,car parts 50/train/OIL FILTER/047.jpg,ia-service/datasets/raw/kaggle-car-parts/train/OIL FILTER/047.jpg,OIL FILTER,,oil_filter,4,train,Apache-2.0
gpiosenka/car-parts-40-classes,v3,car parts 50/train/OIL FILTER/048.jpg,ia-service/datasets/raw/kaggle-car-parts/train/OIL FILTER/048.jpg,OIL FILTER,,oil_filter,4,train,Apache-2.0
gpiosenka/car-parts-40-classes,v3,car parts 50/train/OIL FILTER/049.jpg,ia-service/datasets/raw/kaggle-car-parts/train/OIL FILTER/049.jpg,OIL FILTER,,oil_filter,4,train,Apache-2.0
gpiosenka/car-parts-40-classes,v3,car parts 50/train/OIL FILTER/050.jpg,ia-service/datasets/raw/kaggle-car-parts/train/OIL FILTER/050.jpg,OIL FILTER,,oil_filter,4,train,Apache-2.0
gpiosenka/car-parts-40-classes,v3,car parts 50/train/OIL FILTER/051.jpg,ia-service/datasets/raw/kaggle-car-parts/train/OIL FILTER/051.jpg,OIL FILTER,,oil_filter,4,train,Apache-2.0
gpiosenka/car-parts-40-classes,v3,car parts 50/train/OIL FILTER/052.jpg,ia-service/datasets/raw/kaggle-car-parts/train/OIL FILTER/052.jpg,OIL FILTER,,oil_filter,4,train,Apache-2.0
gpiosenka/car-parts-40-classes,v3,car parts 50/train/OIL FILTER/053.jpg,ia-service/datasets/raw/kaggle-car-parts/train/OIL FILTER/053.jpg,OIL FILTER,,oil_filter,4,train,Apache-2.0
gpiosenka/car-parts-40-classes,v3,car parts 50/train/OIL FILTER/054.jpg,ia-service/datasets/raw/kaggle-car-parts/train/OIL FILTER/054.jpg,OIL FILTER,,oil_filter,4,train,Apache-2.0
gpiosenka/car-parts-40-classes,v3,car parts 50/train/OIL FILTER/055.jpg,ia-service/datasets/raw/kaggle-car-parts/train/OIL FILTER/055.jpg,OIL FILTER,,oil_filter,4,train,Apache-2.0
gpiosenka/car-parts-40-classes,v3,car parts 50/train/OIL FILTER/056.jpg,ia-service/datasets/raw/kaggle-car-parts/train/OIL FILTER/056.jpg,OIL FILTER,,oil_filter,4,train,Apache-2.0
gpiosenka/car-parts-40-classes,v3,car parts 50/train/OIL FILTER/057.jpg,ia-service/datasets/raw/kaggle-car-parts/train/OIL FILTER/057.jpg,OIL FILTER,,oil_filter,4,train,Apache-2.0
gpiosenka/car-parts-40-classes,v3,car parts 50/train/OIL FILTER/058.jpg,ia-service/datasets/raw/kaggle-car-parts/train/OIL FILTER/058.jpg,OIL FILTER,,oil_filter,4,train,Apache-2.0
gpiosenka/car-parts-40-classes,v3,car parts 50/train/OIL FILTER/059.jpg,ia-service/datasets/raw/kaggle-car-parts/train/OIL FILTER/059.jpg,OIL FILTER,,oil_filter,4,train,Apache-2.0
gpiosenka/car-parts-40-classes,v3,car parts 50/train/OIL FILTER/060.jpg,ia-service/datasets/raw/kaggle-car-parts/train/OIL FILTER/060.jpg,OIL FILTER,,oil_filter,4,train,Apache-2.0
gpiosenka/car-parts-40-classes,v3,car parts 50/train/OIL FILTER/061.jpg,ia-service/datasets/raw/kaggle-car-parts/train/OIL FILTER/061.jpg,OIL FILTER,,oil_filter,4,train,Apache-2.0
gpiosenka/car-parts-40-classes,v3,car parts 50/train/OIL FILTER/062.jpg,ia-service/datasets/raw/kaggle-car-parts/train/OIL FILTER/062.jpg,OIL FILTER,,oil_filter,4,train,Apache-2.0
gpiosenka/car-parts-40-classes,v3,car parts 50/train/OIL FILTER/063.jpg,ia-service/datasets/raw/kaggle-car-parts/train/OIL FILTER/063.jpg,OIL FILTER,,oil_filter,4,train,Apache-2.0
gpiosenka/car-parts-40-classes,v3,car parts 50/train/OIL FILTER/064.jpg,ia-service/datasets/raw/kaggle-car-parts/train/OIL FILTER/064.jpg,OIL FILTER,,oil_filter,4,train,Apache-2.0
gpiosenka/car-parts-40-classes,v3,car parts 50/train/OIL FILTER/065.jpg,ia-service/datasets/raw/kaggle-car-parts/train/OIL FILTER/065.jpg,OIL FILTER,,oil_filter,4,train,Apache-2.0
gpiosenka/car-parts-40-classes,v3,car parts 50/train/OIL FILTER/066.jpg,ia-service/datasets/raw/kaggle-car-parts/train/OIL FILTER/066.jpg,OIL FILTER,,oil_filter,4,train,Apache-2.0
gpiosenka/car-parts-40-classes,v3,car parts 50/train/OIL FILTER/067.jpg,ia-service/datasets/raw/kaggle-car-parts/train/OIL FILTER/067.jpg,OIL FILTER,,oil_filter,4,train,Apache-2.0
gpiosenka/car-parts-40-classes,v3,car parts 50/train/OIL FILTER/068.jpg,ia-service/datasets/raw/kaggle-car-parts/train/OIL FILTER/068.jpg,OIL FILTER,,oil_filter,4,train,Apache-2.0
gpiosenka/car-parts-40-classes,v3,car parts 50/train/OIL FILTER/069.jpg,ia-service/datasets/raw/kaggle-car-parts/train/OIL FILTER/069.jpg,OIL FILTER,,oil_filter,4,train,Apache-2.0
gpiosenka/car-parts-40-classes,v3,car parts 50/train/OIL FILTER/070.jpg,ia-service/datasets/raw/kaggle-car-parts/train/OIL FILTER/070.jpg,OIL FILTER,,oil_filter,4,train,Apache-2.0
gpiosenka/car-parts-40-classes,v3,car parts 50/train/OIL FILTER/071.jpg,ia-service/datasets/raw/kaggle-car-parts/train/OIL FILTER/071.jpg,OIL FILTER,,oil_filter,4,train,Apache-2.0
gpiosenka/car-parts-40-classes,v3,car parts 50/train/OIL FILTER/072.jpg,ia-service/datasets/raw/kaggle-car-parts/train/OIL FILTER/072.jpg,OIL FILTER,,oil_filter,4,train,Apache-2.0
gpiosenka/car-parts-40-classes,v3,car parts 50/train/OIL FILTER/073.jpg,ia-service/datasets/raw/kaggle-car-parts/train/OIL FILTER/073.jpg,OIL FILTER,,oil_filter,4,train,Apache-2.0
gpiosenka/car-parts-40-classes,v3,car parts 50/train/OIL FILTER/074.jpg,ia-service/datasets/raw/kaggle-car-parts/train/OIL FILTER/074.jpg,OIL FILTER,,oil_filter,4,train,Apache-2.0
gpiosenka/car-parts-40-classes,v3,car parts 50/train/OIL FILTER/075.jpg,ia-service/datasets/raw/kaggle-car-parts/train/OIL FILTER/075.jpg,OIL FILTER,,oil_filter,4,train,Apache-2.0
gpiosenka/car-parts-40-classes,v3,car parts 50/train/OIL FILTER/076.jpg,ia-service/datasets/raw/kaggle-car-parts/train/OIL FILTER/076.jpg,OIL FILTER,,oil_filter,4,train,Apache-2.0
gpiosenka/car-parts-40-classes,v3,car parts 50/train/OIL FILTER/077.jpg,ia-service/datasets/raw/kaggle-car-parts/train/OIL FILTER/077.jpg,OIL FILTER,,oil_filter,4,train,Apache-2.0
gpiosenka/car-parts-40-classes,v3,car parts 50/train/OIL FILTER/078.jpg,ia-service/datasets/raw/kaggle-car-parts/train/OIL FILTER/078.jpg,OIL FILTER,,oil_filter,4,train,Apache-2.0
gpiosenka/car-parts-40-classes,v3,car parts 50/train/OIL FILTER/079.jpg,ia-service/datasets/raw/kaggle-car-parts/train/OIL FILTER/079.jpg,OIL FILTER,,oil_filter,4,train,Apache-2.0
gpiosenka/car-parts-40-classes,v3,car parts 50/train/OIL FILTER/080.jpg,ia-service/datasets/raw/kaggle-car-parts/train/OIL FILTER/080.jpg,OIL FILTER,,oil_filter,4,train,Apache-2.0
gpiosenka/car-parts-40-classes,v3,car parts 50/train/OIL FILTER/081.jpg,ia-service/datasets/raw/kaggle-car-parts/train/OIL FILTER/081.jpg,OIL FILTER,,oil_filter,4,train,Apache-2.0
gpiosenka/car-parts-40-classes,v3,car parts 50/train/OIL FILTER/082.jpg,ia-service/datasets/raw/kaggle-car-parts/train/OIL FILTER/082.jpg,OIL FILTER,,oil_filter,4,train,Apache-2.0
gpiosenka/car-parts-40-classes,v3,car parts 50/train/OIL FILTER/083.jpg,ia-service/datasets/raw/kaggle-car-parts/train/OIL FILTER/083.jpg,OIL FILTER,,oil_filter,4,train,Apache-2.0
gpiosenka/car-parts-40-classes,v3,car parts 50/train/OIL FILTER/084.jpg,ia-service/datasets/raw/kaggle-car-parts/train/OIL FILTER/084.jpg,OIL FILTER,,oil_filter,4,train,Apache-2.0
gpiosenka/car-parts-40-classes,v3,car parts 50/train/OIL FILTER/085.jpg,ia-service/datasets/raw/kaggle-car-parts/train/OIL FILTER/085.jpg,OIL FILTER,,oil_filter,4,train,Apache-2.0
gpiosenka/car-parts-40-classes,v3,car parts 50/train/OIL FILTER/086.jpg,ia-service/datasets/raw/kaggle-car-parts/train/OIL FILTER/086.jpg,OIL FILTER,,oil_filter,4,train,Apache-2.0
gpiosenka/car-parts-40-classes,v3,car parts 50/train/OIL FILTER/087.jpg,ia-service/datasets/raw/kaggle-car-parts/train/OIL FILTER/087.jpg,OIL FILTER,,oil_filter,4,train,Apache-2.0
gpiosenka/car-parts-40-classes,v3,car parts 50/train/OIL FILTER/088.jpg,ia-service/datasets/raw/kaggle-car-parts/train/OIL FILTER/088.jpg,OIL FILTER,,oil_filter,4,train,Apache-2.0
gpiosenka/car-parts-40-classes,v3,car parts 50/train/OIL FILTER/089.jpg,ia-service/datasets/raw/kaggle-car-parts/train/OIL FILTER/089.jpg,OIL FILTER,,oil_filter,4,train,Apache-2.0
gpiosenka/car-parts-40-classes,v3,car parts 50/train/OIL FILTER/090.jpg,ia-service/datasets/raw/kaggle-car-parts/train/OIL FILTER/090.jpg,OIL FILTER,,oil_filter,4,train,Apache-2.0
gpiosenka/car-parts-40-classes,v3,car parts 50/train/OIL FILTER/091.jpg,ia-service/datasets/raw/kaggle-car-parts/train/OIL FILTER/091.jpg,OIL FILTER,,oil_filter,4,train,Apache-2.0
gpiosenka/car-parts-40-classes,v3,car parts 50/train/OIL FILTER/092.jpg,ia-service/datasets/raw/kaggle-car-parts/train/OIL FILTER/092.jpg,OIL FILTER,,oil_filter,4,train,Apache-2.0
gpiosenka/car-parts-40-classes,v3,car parts 50/train/OIL FILTER/093.jpg,ia-service/datasets/raw/kaggle-car-parts/train/OIL FILTER/093.jpg,OIL FILTER,,oil_filter,4,train,Apache-2.0
gpiosenka/car-parts-40-classes,v3,car parts 50/train/OIL FILTER/094.jpg,ia-service/datasets/raw/kaggle-car-parts/train/OIL FILTER/094.jpg,OIL FILTER,,oil_filter,4,train,Apache-2.0
gpiosenka/car-parts-40-classes,v3,car parts 50/train/OIL FILTER/095.jpg,ia-service/datasets/raw/kaggle-car-parts/train/OIL FILTER/095.jpg,OIL FILTER,,oil_filter,4,train,Apache-2.0
gpiosenka/car-parts-40-classes,v3,car parts 50/train/OIL FILTER/096.jpg,ia-service/datasets/raw/kaggle-car-parts/train/OIL FILTER/096.jpg,OIL FILTER,,oil_filter,4,train,Apache-2.0
gpiosenka/car-parts-40-classes,v3,car parts 50/train/OIL FILTER/097.jpg,ia-service/datasets/raw/kaggle-car-parts/train/OIL FILTER/097.jpg,OIL FILTER,,oil_filter,4,train,Apache-2.0
gpiosenka/car-parts-40-classes,v3,car parts 50/train/OIL FILTER/098.jpg,ia-service/datasets/raw/kaggle-car-parts/train/OIL FILTER/098.jpg,OIL FILTER,,oil_filter,4,train,Apache-2.0
gpiosenka/car-parts-40-classes,v3,car parts 50/train/OIL FILTER/099.jpg,ia-service/datasets/raw/kaggle-car-parts/train/OIL FILTER/099.jpg,OIL FILTER,,oil_filter,4,train,Apache-2.0
gpiosenka/car-parts-40-classes,v3,car parts 50/train/OIL FILTER/100.jpg,ia-service/datasets/raw/kaggle-car-parts/train/OIL FILTER/100.jpg,OIL FILTER,,oil_filter,4,train,Apache-2.0
gpiosenka/car-parts-40-classes,v3,car parts 50/train/OIL FILTER/101.jpg,ia-service/datasets/raw/kaggle-car-parts/train/OIL FILTER/101.jpg,OIL FILTER,,oil_filter,4,train,Apache-2.0
gpiosenka/car-parts-40-classes,v3,car parts 50/train/OIL FILTER/102.jpg,ia-service/datasets/raw/kaggle-car-parts/train/OIL FILTER/102.jpg,OIL FILTER,,oil_filter,4,train,Apache-2.0
gpiosenka/car-parts-40-classes,v3,car parts 50/train/OIL FILTER/103.jpg,ia-service/datasets/raw/kaggle-car-parts/train/OIL FILTER/103.jpg,OIL FILTER,,oil_filter,4,train,Apache-2.0
gpiosenka/car-parts-40-classes,v3,car parts 50/train/OIL FILTER/104.jpg,ia-service/datasets/raw/kaggle-car-parts/train/OIL FILTER/104.jpg,OIL FILTER,,oil_filter,4,train,Apache-2.0
gpiosenka/car-parts-40-classes,v3,car parts 50/train/OIL FILTER/105.jpg,ia-service/datasets/raw/kaggle-car-parts/train/OIL FILTER/105.jpg,OIL FILTER,,oil_filter,4,train,Apache-2.0
gpiosenka/car-parts-40-classes,v3,car parts 50/train/OIL FILTER/106.jpg,ia-service/datasets/raw/kaggle-car-parts/train/OIL FILTER/106.jpg,OIL FILTER,,oil_filter,4,train,Apache-2.0
gpiosenka/car-parts-40-classes,v3,car parts 50/train/OIL FILTER/107.jpg,ia-service/datasets/raw/kaggle-car-parts/train/OIL FILTER/107.jpg,OIL FILTER,,oil_filter,4,train,Apache-2.0
gpiosenka/car-parts-40-classes,v3,car parts 50/train/OIL FILTER/108.jpg,ia-service/datasets/raw/kaggle-car-parts/train/OIL FILTER/108.jpg,OIL FILTER,,oil_filter,4,train,Apache-2.0
gpiosenka/car-parts-40-classes,v3,car parts 50/train/OIL FILTER/109.jpg,ia-service/datasets/raw/kaggle-car-parts/train/OIL FILTER/109.jpg,OIL FILTER,,oil_filter,4,train,Apache-2.0
gpiosenka/car-parts-40-classes,v3,car parts 50/train/OIL FILTER/110.jpg,ia-service/datasets/raw/kaggle-car-parts/train/OIL FILTER/110.jpg,OIL FILTER,,oil_filter,4,train,Apache-2.0
gpiosenka/car-parts-40-classes,v3,car parts 50/train/OIL FILTER/111.jpg,ia-service/datasets/raw/kaggle-car-parts/train/OIL FILTER/111.jpg,OIL FILTER,,oil_filter,4,train,Apache-2.0
gpiosenka/car-parts-40-classes,v3,car parts 50/train/OIL FILTER/112.jpg,ia-service/datasets/raw/kaggle-car-parts/train/OIL FILTER/112.jpg,OIL FILTER,,oil_filter,4,train,Apache-2.0
gpiosenka/car-parts-40-classes,v3,car parts 50/train/OIL FILTER/113.jpg,ia-service/datasets/raw/kaggle-car-parts/train/OIL FILTER/113.jpg,OIL FILTER,,oil_filter,4,train,Apache-2.0
gpiosenka/car-parts-40-classes,v3,car parts 50/train/OIL FILTER/114.jpg,ia-service/datasets/raw/kaggle-car-parts/train/OIL FILTER/114.jpg,OIL FILTER,,oil_filter,4,train,Apache-2.0
gpiosenka/car-parts-40-classes,v3,car parts 50/train/OIL FILTER/115.jpg,ia-service/datasets/raw/kaggle-car-parts/train/OIL FILTER/115.jpg,OIL FILTER,,oil_filter,4,train,Apache-2.0
gpiosenka/car-parts-40-classes,v3,car parts 50/train/OIL FILTER/116.jpg,ia-service/datasets/raw/kaggle-car-parts/train/OIL FILTER/116.jpg,OIL FILTER,,oil_filter,4,train,Apache-2.0
gpiosenka/car-parts-40-classes,v3,car parts 50/train/OIL FILTER/117.jpg,ia-service/datasets/raw/kaggle-car-parts/train/OIL FILTER/117.jpg,OIL FILTER,,oil_filter,4,train,Apache-2.0
gpiosenka/car-parts-40-classes,v3,car parts 50/train/OIL FILTER/118.jpg,ia-service/datasets/raw/kaggle-car-parts/train/OIL FILTER/118.jpg,OIL FILTER,,oil_filter,4,train,Apache-2.0
gpiosenka/car-parts-40-classes,v3,car parts 50/train/OIL FILTER/119.jpg,ia-service/datasets/raw/kaggle-car-parts/train/OIL FILTER/119.jpg,OIL FILTER,,oil_filter,4,train,Apache-2.0
gpiosenka/car-parts-40-classes,v3,car parts 50/train/OIL FILTER/120.jpg,ia-service/datasets/raw/kaggle-car-parts/train/OIL FILTER/120.jpg,OIL FILTER,,oil_filter,4,train,Apache-2.0
gpiosenka/car-parts-40-classes,v3,car parts 50/train/OIL FILTER/121.jpg,ia-service/datasets/raw/kaggle-car-parts/train/OIL FILTER/121.jpg,OIL FILTER,,oil_filter,4,train,Apache-2.0
gpiosenka/car-parts-40-classes,v3,car parts 50/train/OIL FILTER/122.jpg,ia-service/datasets/raw/kaggle-car-parts/train/OIL FILTER/122.jpg,OIL FILTER,,oil_filter,4,train,Apache-2.0
gpiosenka/car-parts-40-classes,v3,car parts 50/train/OIL FILTER/123.jpg,ia-service/datasets/raw/kaggle-car-parts/train/OIL FILTER/123.jpg,OIL FILTER,,oil_filter,4,train,Apache-2.0
gpiosenka/car-parts-40-classes,v3,car parts 50/train/OIL FILTER/124.jpg,ia-service/datasets/raw/kaggle-car-parts/train/OIL FILTER/124.jpg,OIL FILTER,,oil_filter,4,train,Apache-2.0
gpiosenka/car-parts-40-classes,v3,car parts 50/train/OIL FILTER/125.jpg,ia-service/datasets/raw/kaggle-car-parts/train/OIL FILTER/125.jpg,OIL FILTER,,oil_filter,4,train,Apache-2.0
gpiosenka/car-parts-40-classes,v3,car parts 50/train/OIL FILTER/126.jpg,ia-service/datasets/raw/kaggle-car-parts/train/OIL FILTER/126.jpg,OIL FILTER,,oil_filter,4,train,Apache-2.0
gpiosenka/car-parts-40-classes,v3,car parts 50/train/OIL FILTER/127.jpg,ia-service/datasets/raw/kaggle-car-parts/train/OIL FILTER/127.jpg,OIL FILTER,,oil_filter,4,train,Apache-2.0
gpiosenka/car-parts-40-classes,v3,car parts 50/train/OIL FILTER/128.jpg,ia-service/datasets/raw/kaggle-car-parts/train/OIL FILTER/128.jpg,OIL FILTER,,oil_filter,4,train,Apache-2.0
gpiosenka/car-parts-40-classes,v3,car parts 50/train/OIL FILTER/129.jpg,ia-service/datasets/raw/kaggle-car-parts/train/OIL FILTER/129.jpg,OIL FILTER,,oil_filter,4,train,Apache-2.0
gpiosenka/car-parts-40-classes,v3,car parts 50/train/OIL FILTER/130.jpg,ia-service/datasets/raw/kaggle-car-parts/train/OIL FILTER/130.jpg,OIL FILTER,,oil_filter,4,train,Apache-2.0
gpiosenka/car-parts-40-classes,v3,car parts 50/train/OIL FILTER/131.jpg,ia-service/datasets/raw/kaggle-car-parts/train/OIL FILTER/131.jpg,OIL FILTER,,oil_filter,4,train,Apache-2.0
gpiosenka/car-parts-40-classes,v3,car parts 50/train/OIL FILTER/132.jpg,ia-service/datasets/raw/kaggle-car-parts/train/OIL FILTER/132.jpg,OIL FILTER,,oil_filter,4,train,Apache-2.0
gpiosenka/car-parts-40-classes,v3,car parts 50/train/OIL FILTER/133.jpg,ia-service/datasets/raw/kaggle-car-parts/train/OIL FILTER/133.jpg,OIL FILTER,,oil_filter,4,train,Apache-2.0
gpiosenka/car-parts-40-classes,v3,car parts 50/train/OIL FILTER/134.jpg,ia-service/datasets/raw/kaggle-car-parts/train/OIL FILTER/134.jpg,OIL FILTER,,oil_filter,4,train,Apache-2.0
gpiosenka/car-parts-40-classes,v3,car parts 50/train/OIL FILTER/135.jpg,ia-service/datasets/raw/kaggle-car-parts/train/OIL FILTER/135.jpg,OIL FILTER,,oil_filter,4,train,Apache-2.0
gpiosenka/car-parts-40-classes,v3,car parts 50/train/OIL FILTER/136.jpg,ia-service/datasets/raw/kaggle-car-parts/train/OIL FILTER/136.jpg,OIL FILTER,,oil_filter,4,train,Apache-2.0
gpiosenka/car-parts-40-classes,v3,car parts 50/train/OIL FILTER/137.jpg,ia-service/datasets/raw/kaggle-car-parts/train/OIL FILTER/137.jpg,OIL FILTER,,oil_filter,4,train,Apache-2.0
gpiosenka/car-parts-40-classes,v3,car parts 50/train/OIL FILTER/138.jpg,ia-service/datasets/raw/kaggle-car-parts/train/OIL FILTER/138.jpg,OIL FILTER,,oil_filter,4,train,Apache-2.0
gpiosenka/car-parts-40-classes,v3,car parts 50/train/OIL FILTER/139.jpg,ia-service/datasets/raw/kaggle-car-parts/train/OIL FILTER/139.jpg,OIL FILTER,,oil_filter,4,train,Apache-2.0
gpiosenka/car-parts-40-classes,v3,car parts 50/train/OIL FILTER/140.jpg,ia-service/datasets/raw/kaggle-car-parts/train/OIL FILTER/140.jpg,OIL FILTER,,oil_filter,4,train,Apache-2.0
gpiosenka/car-parts-40-classes,v3,car parts 50/train/OIL FILTER/141.jpg,ia-service/datasets/raw/kaggle-car-parts/train/OIL FILTER/141.jpg,OIL FILTER,,oil_filter,4,train,Apache-2.0
gpiosenka/car-parts-40-classes,v3,car parts 50/train/OIL FILTER/142.jpg,ia-service/datasets/raw/kaggle-car-parts/train/OIL FILTER/142.jpg,OIL FILTER,,oil_filter,4,train,Apache-2.0
gpiosenka/car-parts-40-classes,v3,car parts 50/train/OIL FILTER/143.jpg,ia-service/datasets/raw/kaggle-car-parts/train/OIL FILTER/143.jpg,OIL FILTER,,oil_filter,4,train,Apache-2.0
gpiosenka/car-parts-40-classes,v3,car parts 50/train/OIL FILTER/144.jpg,ia-service/datasets/raw/kaggle-car-parts/train/OIL FILTER/144.jpg,OIL FILTER,,oil_filter,4,train,Apache-2.0
gpiosenka/car-parts-40-classes,v3,car parts 50/train/OIL FILTER/145.jpg,ia-service/datasets/raw/kaggle-car-parts/train/OIL FILTER/145.jpg,OIL FILTER,,oil_filter,4,train,Apache-2.0
gpiosenka/car-parts-40-classes,v3,car parts 50/train/OIL FILTER/146.jpg,ia-service/datasets/raw/kaggle-car-parts/train/OIL FILTER/146.jpg,OIL FILTER,,oil_filter,4,train,Apache-2.0
gpiosenka/car-parts-40-classes,v3,car parts 50/train/OIL FILTER/147.jpg,ia-service/datasets/raw/kaggle-car-parts/train/OIL FILTER/147.jpg,OIL FILTER,,oil_filter,4,train,Apache-2.0
gpiosenka/car-parts-40-classes,v3,car parts 50/train/OIL FILTER/148.jpg,ia-service/datasets/raw/kaggle-car-parts/train/OIL FILTER/148.jpg,OIL FILTER,,oil_filter,4,train,Apache-2.0
gpiosenka/car-parts-40-classes,v3,car parts 50/train/OIL FILTER/149.jpg,ia-service/datasets/raw/kaggle-car-parts/train/OIL FILTER/149.jpg,OIL FILTER,,oil_filter,4,train,Apache-2.0
gpiosenka/car-parts-40-classes,v3,car parts 50/train/OIL FILTER/150.jpg,ia-service/datasets/raw/kaggle-car-parts/train/OIL FILTER/150.jpg,OIL FILTER,,oil_filter,4,train,Apache-2.0
gpiosenka/car-parts-40-classes,v3,car parts 50/train/OIL FILTER/151.jpg,ia-service/datasets/raw/kaggle-car-parts/train/OIL FILTER/151.jpg,OIL FILTER,,oil_filter,4,train,Apache-2.0
gpiosenka/car-parts-40-classes,v3,car parts 50/train/OIL FILTER/152.jpg,ia-service/datasets/raw/kaggle-car-parts/train/OIL FILTER/152.jpg,OIL FILTER,,oil_filter,4,train,Apache-2.0
gpiosenka/car-parts-40-classes,v3,car parts 50/train/OIL FILTER/153.jpg,ia-service/datasets/raw/kaggle-car-parts/train/OIL FILTER/153.jpg,OIL FILTER,,oil_filter,4,train,Apache-2.0
gpiosenka/car-parts-40-classes,v3,car parts 50/train/OIL FILTER/154.jpg,ia-service/datasets/raw/kaggle-car-parts/train/OIL FILTER/154.jpg,OIL FILTER,,oil_filter,4,train,Apache-2.0
gpiosenka/car-parts-40-classes,v3,car parts 50/train/OIL FILTER/155.jpg,ia-service/datasets/raw/kaggle-car-parts/train/OIL FILTER/155.jpg,OIL FILTER,,oil_filter,4,train,Apache-2.0
gpiosenka/car-parts-40-classes,v3,car parts 50/train/OIL FILTER/156.jpg,ia-service/datasets/raw/kaggle-car-parts/train/OIL FILTER/156.jpg,OIL FILTER,,oil_filter,4,train,Apache-2.0
gpiosenka/car-parts-40-classes,v3,car parts 50/train/OIL FILTER/157.jpg,ia-service/datasets/raw/kaggle-car-parts/train/OIL FILTER/157.jpg,OIL FILTER,,oil_filter,4,train,Apache-2.0
gpiosenka/car-parts-40-classes,v3,car parts 50/train/OIL FILTER/158.jpg,ia-service/datasets/raw/kaggle-car-parts/train/OIL FILTER/158.jpg,OIL FILTER,,oil_filter,4,train,Apache-2.0
gpiosenka/car-parts-40-classes,v3,car parts 50/train/OIL FILTER/159.jpg,ia-service/datasets/raw/kaggle-car-parts/train/OIL FILTER/159.jpg,OIL FILTER,,oil_filter,4,train,Apache-2.0
gpiosenka/car-parts-40-classes,v3,car parts 50/train/OIL FILTER/160.jpg,ia-service/datasets/raw/kaggle-car-parts/train/OIL FILTER/160.jpg,OIL FILTER,,oil_filter,4,train,Apache-2.0
gpiosenka/car-parts-40-classes,v3,car parts 50/train/OIL FILTER/161.jpg,ia-service/datasets/raw/kaggle-car-parts/train/OIL FILTER/161.jpg,OIL FILTER,,oil_filter,4,train,Apache-2.0
gpiosenka/car-parts-40-classes,v3,car parts 50/train/OIL FILTER/162.jpg,ia-service/datasets/raw/kaggle-car-parts/train/OIL FILTER/162.jpg,OIL FILTER,,oil_filter,4,train,Apache-2.0
gpiosenka/car-parts-40-classes,v3,car parts 50/train/OIL FILTER/163.jpg,ia-service/datasets/raw/kaggle-car-parts/train/OIL FILTER/163.jpg,OIL FILTER,,oil_filter,4,train,Apache-2.0
gpiosenka/car-parts-40-classes,v3,car parts 50/train/OIL FILTER/164.jpg,ia-service/datasets/raw/kaggle-car-parts/train/OIL FILTER/164.jpg,OIL FILTER,,oil_filter,4,train,Apache-2.0
gpiosenka/car-parts-40-classes,v3,car parts 50/train/OIL FILTER/165.jpg,ia-service/datasets/raw/kaggle-car-parts/train/OIL FILTER/165.jpg,OIL FILTER,,oil_filter,4,train,Apache-2.0
gpiosenka/car-parts-40-classes,v3,car parts 50/train/OIL FILTER/166.jpg,ia-service/datasets/raw/kaggle-car-parts/train/OIL FILTER/166.jpg,OIL FILTER,,oil_filter,4,train,Apache-2.0
gpiosenka/car-parts-40-classes,v3,car parts 50/train/OIL FILTER/167.jpg,ia-service/datasets/raw/kaggle-car-parts/train/OIL FILTER/167.jpg,OIL FILTER,,oil_filter,4,train,Apache-2.0
gpiosenka/car-parts-40-classes,v3,car parts 50/train/OIL FILTER/168.jpg,ia-service/datasets/raw/kaggle-car-parts/train/OIL FILTER/168.jpg,OIL FILTER,,oil_filter,4,train,Apache-2.0
gpiosenka/car-parts-40-classes,v3,car parts 50/train/OIL FILTER/169.jpg,ia-service/datasets/raw/kaggle-car-parts/train/OIL FILTER/169.jpg,OIL FILTER,,oil_filter,4,train,Apache-2.0
gpiosenka/car-parts-40-classes,v3,car parts 50/train/RADIATOR/001.jpg,ia-service/datasets/raw/kaggle-car-parts/train/RADIATOR/001.jpg,RADIATOR,,radiator,6,train,Apache-2.0
gpiosenka/car-parts-40-classes,v3,car parts 50/train/RADIATOR/002.jpg,ia-service/datasets/raw/kaggle-car-parts/train/RADIATOR/002.jpg,RADIATOR,,radiator,6,train,Apache-2.0
gpiosenka/car-parts-40-classes,v3,car parts 50/train/RADIATOR/003.jpg,ia-service/datasets/raw/kaggle-car-parts/train/RADIATOR/003.jpg,RADIATOR,,radiator,6,train,Apache-2.0
gpiosenka/car-parts-40-classes,v3,car parts 50/train/RADIATOR/004.jpg,ia-service/datasets/raw/kaggle-car-parts/train/RADIATOR/004.jpg,RADIATOR,,radiator,6,train,Apache-2.0
gpiosenka/car-parts-40-classes,v3,car parts 50/train/RADIATOR/005.jpg,ia-service/datasets/raw/kaggle-car-parts/train/RADIATOR/005.jpg,RADIATOR,,radiator,6,train,Apache-2.0
gpiosenka/car-parts-40-classes,v3,car parts 50/train/RADIATOR/006.jpg,ia-service/datasets/raw/kaggle-car-parts/train/RADIATOR/006.jpg,RADIATOR,,radiator,6,train,Apache-2.0
gpiosenka/car-parts-40-classes,v3,car parts 50/train/RADIATOR/007.jpg,ia-service/datasets/raw/kaggle-car-parts/train/RADIATOR/007.jpg,RADIATOR,,radiator,6,train,Apache-2.0
gpiosenka/car-parts-40-classes,v3,car parts 50/train/RADIATOR/008.jpg,ia-service/datasets/raw/kaggle-car-parts/train/RADIATOR/008.jpg,RADIATOR,,radiator,6,train,Apache-2.0
gpiosenka/car-parts-40-classes,v3,car parts 50/train/RADIATOR/009.jpg,ia-service/datasets/raw/kaggle-car-parts/train/RADIATOR/009.jpg,RADIATOR,,radiator,6,train,Apache-2.0
gpiosenka/car-parts-40-classes,v3,car parts 50/train/RADIATOR/010.jpg,ia-service/datasets/raw/kaggle-car-parts/train/RADIATOR/010.jpg,RADIATOR,,radiator,6,train,Apache-2.0
gpiosenka/car-parts-40-classes,v3,car parts 50/train/RADIATOR/011.jpg,ia-service/datasets/raw/kaggle-car-parts/train/RADIATOR/011.jpg,RADIATOR,,radiator,6,train,Apache-2.0
gpiosenka/car-parts-40-classes,v3,car parts 50/train/RADIATOR/012.jpg,ia-service/datasets/raw/kaggle-car-parts/train/RADIATOR/012.jpg,RADIATOR,,radiator,6,train,Apache-2.0
gpiosenka/car-parts-40-classes,v3,car parts 50/train/RADIATOR/013.jpg,ia-service/datasets/raw/kaggle-car-parts/train/RADIATOR/013.jpg,RADIATOR,,radiator,6,train,Apache-2.0
gpiosenka/car-parts-40-classes,v3,car parts 50/train/RADIATOR/014.jpg,ia-service/datasets/raw/kaggle-car-parts/train/RADIATOR/014.jpg,RADIATOR,,radiator,6,train,Apache-2.0
gpiosenka/car-parts-40-classes,v3,car parts 50/train/RADIATOR/015.jpg,ia-service/datasets/raw/kaggle-car-parts/train/RADIATOR/015.jpg,RADIATOR,,radiator,6,train,Apache-2.0
gpiosenka/car-parts-40-classes,v3,car parts 50/train/RADIATOR/016.jpg,ia-service/datasets/raw/kaggle-car-parts/train/RADIATOR/016.jpg,RADIATOR,,radiator,6,train,Apache-2.0
gpiosenka/car-parts-40-classes,v3,car parts 50/train/RADIATOR/017.jpg,ia-service/datasets/raw/kaggle-car-parts/train/RADIATOR/017.jpg,RADIATOR,,radiator,6,train,Apache-2.0
gpiosenka/car-parts-40-classes,v3,car parts 50/train/RADIATOR/018.jpg,ia-service/datasets/raw/kaggle-car-parts/train/RADIATOR/018.jpg,RADIATOR,,radiator,6,train,Apache-2.0
gpiosenka/car-parts-40-classes,v3,car parts 50/train/RADIATOR/019.jpg,ia-service/datasets/raw/kaggle-car-parts/train/RADIATOR/019.jpg,RADIATOR,,radiator,6,train,Apache-2.0
gpiosenka/car-parts-40-classes,v3,car parts 50/train/RADIATOR/020.jpg,ia-service/datasets/raw/kaggle-car-parts/train/RADIATOR/020.jpg,RADIATOR,,radiator,6,train,Apache-2.0
gpiosenka/car-parts-40-classes,v3,car parts 50/train/RADIATOR/021.jpg,ia-service/datasets/raw/kaggle-car-parts/train/RADIATOR/021.jpg,RADIATOR,,radiator,6,train,Apache-2.0
gpiosenka/car-parts-40-classes,v3,car parts 50/train/RADIATOR/022.jpg,ia-service/datasets/raw/kaggle-car-parts/train/RADIATOR/022.jpg,RADIATOR,,radiator,6,train,Apache-2.0
gpiosenka/car-parts-40-classes,v3,car parts 50/train/RADIATOR/023.jpg,ia-service/datasets/raw/kaggle-car-parts/train/RADIATOR/023.jpg,RADIATOR,,radiator,6,train,Apache-2.0
gpiosenka/car-parts-40-classes,v3,car parts 50/train/RADIATOR/024.jpg,ia-service/datasets/raw/kaggle-car-parts/train/RADIATOR/024.jpg,RADIATOR,,radiator,6,train,Apache-2.0
gpiosenka/car-parts-40-classes,v3,car parts 50/train/RADIATOR/025.jpg,ia-service/datasets/raw/kaggle-car-parts/train/RADIATOR/025.jpg,RADIATOR,,radiator,6,train,Apache-2.0
gpiosenka/car-parts-40-classes,v3,car parts 50/train/RADIATOR/026.jpg,ia-service/datasets/raw/kaggle-car-parts/train/RADIATOR/026.jpg,RADIATOR,,radiator,6,train,Apache-2.0
gpiosenka/car-parts-40-classes,v3,car parts 50/train/RADIATOR/027.jpg,ia-service/datasets/raw/kaggle-car-parts/train/RADIATOR/027.jpg,RADIATOR,,radiator,6,train,Apache-2.0
gpiosenka/car-parts-40-classes,v3,car parts 50/train/RADIATOR/028.jpg,ia-service/datasets/raw/kaggle-car-parts/train/RADIATOR/028.jpg,RADIATOR,,radiator,6,train,Apache-2.0
gpiosenka/car-parts-40-classes,v3,car parts 50/train/RADIATOR/029.jpg,ia-service/datasets/raw/kaggle-car-parts/train/RADIATOR/029.jpg,RADIATOR,,radiator,6,train,Apache-2.0
gpiosenka/car-parts-40-classes,v3,car parts 50/train/RADIATOR/030.jpg,ia-service/datasets/raw/kaggle-car-parts/train/RADIATOR/030.jpg,RADIATOR,,radiator,6,train,Apache-2.0
gpiosenka/car-parts-40-classes,v3,car parts 50/train/RADIATOR/031.jpg,ia-service/datasets/raw/kaggle-car-parts/train/RADIATOR/031.jpg,RADIATOR,,radiator,6,train,Apache-2.0
gpiosenka/car-parts-40-classes,v3,car parts 50/train/RADIATOR/032.jpg,ia-service/datasets/raw/kaggle-car-parts/train/RADIATOR/032.jpg,RADIATOR,,radiator,6,train,Apache-2.0
gpiosenka/car-parts-40-classes,v3,car parts 50/train/RADIATOR/033.jpg,ia-service/datasets/raw/kaggle-car-parts/train/RADIATOR/033.jpg,RADIATOR,,radiator,6,train,Apache-2.0
gpiosenka/car-parts-40-classes,v3,car parts 50/train/RADIATOR/034.jpg,ia-service/datasets/raw/kaggle-car-parts/train/RADIATOR/034.jpg,RADIATOR,,radiator,6,train,Apache-2.0
gpiosenka/car-parts-40-classes,v3,car parts 50/train/RADIATOR/035.jpg,ia-service/datasets/raw/kaggle-car-parts/train/RADIATOR/035.jpg,RADIATOR,,radiator,6,train,Apache-2.0
gpiosenka/car-parts-40-classes,v3,car parts 50/train/RADIATOR/036.jpg,ia-service/datasets/raw/kaggle-car-parts/train/RADIATOR/036.jpg,RADIATOR,,radiator,6,train,Apache-2.0
gpiosenka/car-parts-40-classes,v3,car parts 50/train/RADIATOR/037.jpg,ia-service/datasets/raw/kaggle-car-parts/train/RADIATOR/037.jpg,RADIATOR,,radiator,6,train,Apache-2.0
gpiosenka/car-parts-40-classes,v3,car parts 50/train/RADIATOR/038.jpg,ia-service/datasets/raw/kaggle-car-parts/train/RADIATOR/038.jpg,RADIATOR,,radiator,6,train,Apache-2.0
gpiosenka/car-parts-40-classes,v3,car parts 50/train/RADIATOR/039.jpg,ia-service/datasets/raw/kaggle-car-parts/train/RADIATOR/039.jpg,RADIATOR,,radiator,6,train,Apache-2.0
gpiosenka/car-parts-40-classes,v3,car parts 50/train/RADIATOR/040.jpg,ia-service/datasets/raw/kaggle-car-parts/train/RADIATOR/040.jpg,RADIATOR,,radiator,6,train,Apache-2.0
gpiosenka/car-parts-40-classes,v3,car parts 50/train/RADIATOR/041.jpg,ia-service/datasets/raw/kaggle-car-parts/train/RADIATOR/041.jpg,RADIATOR,,radiator,6,train,Apache-2.0
gpiosenka/car-parts-40-classes,v3,car parts 50/train/RADIATOR/042.jpg,ia-service/datasets/raw/kaggle-car-parts/train/RADIATOR/042.jpg,RADIATOR,,radiator,6,train,Apache-2.0
gpiosenka/car-parts-40-classes,v3,car parts 50/train/RADIATOR/043.jpg,ia-service/datasets/raw/kaggle-car-parts/train/RADIATOR/043.jpg,RADIATOR,,radiator,6,train,Apache-2.0
gpiosenka/car-parts-40-classes,v3,car parts 50/train/RADIATOR/044.jpg,ia-service/datasets/raw/kaggle-car-parts/train/RADIATOR/044.jpg,RADIATOR,,radiator,6,train,Apache-2.0
gpiosenka/car-parts-40-classes,v3,car parts 50/train/RADIATOR/045.jpg,ia-service/datasets/raw/kaggle-car-parts/train/RADIATOR/045.jpg,RADIATOR,,radiator,6,train,Apache-2.0
gpiosenka/car-parts-40-classes,v3,car parts 50/train/RADIATOR/046.jpg,ia-service/datasets/raw/kaggle-car-parts/train/RADIATOR/046.jpg,RADIATOR,,radiator,6,train,Apache-2.0
gpiosenka/car-parts-40-classes,v3,car parts 50/train/RADIATOR/047.jpg,ia-service/datasets/raw/kaggle-car-parts/train/RADIATOR/047.jpg,RADIATOR,,radiator,6,train,Apache-2.0
gpiosenka/car-parts-40-classes,v3,car parts 50/train/RADIATOR/048.jpg,ia-service/datasets/raw/kaggle-car-parts/train/RADIATOR/048.jpg,RADIATOR,,radiator,6,train,Apache-2.0
gpiosenka/car-parts-40-classes,v3,car parts 50/train/RADIATOR/049.jpg,ia-service/datasets/raw/kaggle-car-parts/train/RADIATOR/049.jpg,RADIATOR,,radiator,6,train,Apache-2.0
gpiosenka/car-parts-40-classes,v3,car parts 50/train/RADIATOR/050.jpg,ia-service/datasets/raw/kaggle-car-parts/train/RADIATOR/050.jpg,RADIATOR,,radiator,6,train,Apache-2.0
gpiosenka/car-parts-40-classes,v3,car parts 50/train/RADIATOR/051.jpg,ia-service/datasets/raw/kaggle-car-parts/train/RADIATOR/051.jpg,RADIATOR,,radiator,6,train,Apache-2.0
gpiosenka/car-parts-40-classes,v3,car parts 50/train/RADIATOR/052.jpg,ia-service/datasets/raw/kaggle-car-parts/train/RADIATOR/052.jpg,RADIATOR,,radiator,6,train,Apache-2.0
gpiosenka/car-parts-40-classes,v3,car parts 50/train/RADIATOR/053.jpg,ia-service/datasets/raw/kaggle-car-parts/train/RADIATOR/053.jpg,RADIATOR,,radiator,6,train,Apache-2.0
gpiosenka/car-parts-40-classes,v3,car parts 50/train/RADIATOR/054.jpg,ia-service/datasets/raw/kaggle-car-parts/train/RADIATOR/054.jpg,RADIATOR,,radiator,6,train,Apache-2.0
gpiosenka/car-parts-40-classes,v3,car parts 50/train/RADIATOR/055.jpg,ia-service/datasets/raw/kaggle-car-parts/train/RADIATOR/055.jpg,RADIATOR,,radiator,6,train,Apache-2.0
gpiosenka/car-parts-40-classes,v3,car parts 50/train/RADIATOR/056.jpg,ia-service/datasets/raw/kaggle-car-parts/train/RADIATOR/056.jpg,RADIATOR,,radiator,6,train,Apache-2.0
gpiosenka/car-parts-40-classes,v3,car parts 50/train/RADIATOR/057.jpg,ia-service/datasets/raw/kaggle-car-parts/train/RADIATOR/057.jpg,RADIATOR,,radiator,6,train,Apache-2.0
gpiosenka/car-parts-40-classes,v3,car parts 50/train/RADIATOR/058.jpg,ia-service/datasets/raw/kaggle-car-parts/train/RADIATOR/058.jpg,RADIATOR,,radiator,6,train,Apache-2.0
gpiosenka/car-parts-40-classes,v3,car parts 50/train/RADIATOR/059.jpg,ia-service/datasets/raw/kaggle-car-parts/train/RADIATOR/059.jpg,RADIATOR,,radiator,6,train,Apache-2.0
gpiosenka/car-parts-40-classes,v3,car parts 50/train/RADIATOR/060.jpg,ia-service/datasets/raw/kaggle-car-parts/train/RADIATOR/060.jpg,RADIATOR,,radiator,6,train,Apache-2.0
gpiosenka/car-parts-40-classes,v3,car parts 50/train/RADIATOR/061.jpg,ia-service/datasets/raw/kaggle-car-parts/train/RADIATOR/061.jpg,RADIATOR,,radiator,6,train,Apache-2.0
gpiosenka/car-parts-40-classes,v3,car parts 50/train/RADIATOR/062.jpg,ia-service/datasets/raw/kaggle-car-parts/train/RADIATOR/062.jpg,RADIATOR,,radiator,6,train,Apache-2.0
gpiosenka/car-parts-40-classes,v3,car parts 50/train/RADIATOR/063.jpg,ia-service/datasets/raw/kaggle-car-parts/train/RADIATOR/063.jpg,RADIATOR,,radiator,6,train,Apache-2.0
gpiosenka/car-parts-40-classes,v3,car parts 50/train/RADIATOR/064.jpg,ia-service/datasets/raw/kaggle-car-parts/train/RADIATOR/064.jpg,RADIATOR,,radiator,6,train,Apache-2.0
gpiosenka/car-parts-40-classes,v3,car parts 50/train/RADIATOR/065.jpg,ia-service/datasets/raw/kaggle-car-parts/train/RADIATOR/065.jpg,RADIATOR,,radiator,6,train,Apache-2.0
gpiosenka/car-parts-40-classes,v3,car parts 50/train/RADIATOR/066.jpg,ia-service/datasets/raw/kaggle-car-parts/train/RADIATOR/066.jpg,RADIATOR,,radiator,6,train,Apache-2.0
gpiosenka/car-parts-40-classes,v3,car parts 50/train/RADIATOR/067.jpg,ia-service/datasets/raw/kaggle-car-parts/train/RADIATOR/067.jpg,RADIATOR,,radiator,6,train,Apache-2.0
gpiosenka/car-parts-40-classes,v3,car parts 50/train/RADIATOR/068.jpg,ia-service/datasets/raw/kaggle-car-parts/train/RADIATOR/068.jpg,RADIATOR,,radiator,6,train,Apache-2.0
gpiosenka/car-parts-40-classes,v3,car parts 50/train/RADIATOR/069.jpg,ia-service/datasets/raw/kaggle-car-parts/train/RADIATOR/069.jpg,RADIATOR,,radiator,6,train,Apache-2.0
gpiosenka/car-parts-40-classes,v3,car parts 50/train/RADIATOR/070.jpg,ia-service/datasets/raw/kaggle-car-parts/train/RADIATOR/070.jpg,RADIATOR,,radiator,6,train,Apache-2.0
gpiosenka/car-parts-40-classes,v3,car parts 50/train/RADIATOR/071.jpg,ia-service/datasets/raw/kaggle-car-parts/train/RADIATOR/071.jpg,RADIATOR,,radiator,6,train,Apache-2.0
gpiosenka/car-parts-40-classes,v3,car parts 50/train/RADIATOR/072.jpg,ia-service/datasets/raw/kaggle-car-parts/train/RADIATOR/072.jpg,RADIATOR,,radiator,6,train,Apache-2.0
gpiosenka/car-parts-40-classes,v3,car parts 50/train/RADIATOR/073.jpg,ia-service/datasets/raw/kaggle-car-parts/train/RADIATOR/073.jpg,RADIATOR,,radiator,6,train,Apache-2.0
gpiosenka/car-parts-40-classes,v3,car parts 50/train/RADIATOR/074.jpg,ia-service/datasets/raw/kaggle-car-parts/train/RADIATOR/074.jpg,RADIATOR,,radiator,6,train,Apache-2.0
gpiosenka/car-parts-40-classes,v3,car parts 50/train/RADIATOR/075.jpg,ia-service/datasets/raw/kaggle-car-parts/train/RADIATOR/075.jpg,RADIATOR,,radiator,6,train,Apache-2.0
gpiosenka/car-parts-40-classes,v3,car parts 50/train/RADIATOR/076.jpg,ia-service/datasets/raw/kaggle-car-parts/train/RADIATOR/076.jpg,RADIATOR,,radiator,6,train,Apache-2.0
gpiosenka/car-parts-40-classes,v3,car parts 50/train/RADIATOR/077.jpg,ia-service/datasets/raw/kaggle-car-parts/train/RADIATOR/077.jpg,RADIATOR,,radiator,6,train,Apache-2.0
gpiosenka/car-parts-40-classes,v3,car parts 50/train/RADIATOR/078.jpg,ia-service/datasets/raw/kaggle-car-parts/train/RADIATOR/078.jpg,RADIATOR,,radiator,6,train,Apache-2.0
gpiosenka/car-parts-40-classes,v3,car parts 50/train/RADIATOR/079.jpg,ia-service/datasets/raw/kaggle-car-parts/train/RADIATOR/079.jpg,RADIATOR,,radiator,6,train,Apache-2.0
gpiosenka/car-parts-40-classes,v3,car parts 50/train/RADIATOR/080.jpg,ia-service/datasets/raw/kaggle-car-parts/train/RADIATOR/080.jpg,RADIATOR,,radiator,6,train,Apache-2.0
gpiosenka/car-parts-40-classes,v3,car parts 50/train/RADIATOR/081.jpg,ia-service/datasets/raw/kaggle-car-parts/train/RADIATOR/081.jpg,RADIATOR,,radiator,6,train,Apache-2.0
gpiosenka/car-parts-40-classes,v3,car parts 50/train/RADIATOR/082.jpg,ia-service/datasets/raw/kaggle-car-parts/train/RADIATOR/082.jpg,RADIATOR,,radiator,6,train,Apache-2.0
gpiosenka/car-parts-40-classes,v3,car parts 50/train/RADIATOR/083.jpg,ia-service/datasets/raw/kaggle-car-parts/train/RADIATOR/083.jpg,RADIATOR,,radiator,6,train,Apache-2.0
gpiosenka/car-parts-40-classes,v3,car parts 50/train/RADIATOR/084.jpg,ia-service/datasets/raw/kaggle-car-parts/train/RADIATOR/084.jpg,RADIATOR,,radiator,6,train,Apache-2.0
gpiosenka/car-parts-40-classes,v3,car parts 50/train/RADIATOR/085.jpg,ia-service/datasets/raw/kaggle-car-parts/train/RADIATOR/085.jpg,RADIATOR,,radiator,6,train,Apache-2.0
gpiosenka/car-parts-40-classes,v3,car parts 50/train/RADIATOR/086.jpg,ia-service/datasets/raw/kaggle-car-parts/train/RADIATOR/086.jpg,RADIATOR,,radiator,6,train,Apache-2.0
gpiosenka/car-parts-40-classes,v3,car parts 50/train/RADIATOR/087.jpg,ia-service/datasets/raw/kaggle-car-parts/train/RADIATOR/087.jpg,RADIATOR,,radiator,6,train,Apache-2.0
gpiosenka/car-parts-40-classes,v3,car parts 50/train/RADIATOR/088.jpg,ia-service/datasets/raw/kaggle-car-parts/train/RADIATOR/088.jpg,RADIATOR,,radiator,6,train,Apache-2.0
gpiosenka/car-parts-40-classes,v3,car parts 50/train/RADIATOR/089.jpg,ia-service/datasets/raw/kaggle-car-parts/train/RADIATOR/089.jpg,RADIATOR,,radiator,6,train,Apache-2.0
gpiosenka/car-parts-40-classes,v3,car parts 50/train/RADIATOR/090.jpg,ia-service/datasets/raw/kaggle-car-parts/train/RADIATOR/090.jpg,RADIATOR,,radiator,6,train,Apache-2.0
gpiosenka/car-parts-40-classes,v3,car parts 50/train/RADIATOR/091.jpg,ia-service/datasets/raw/kaggle-car-parts/train/RADIATOR/091.jpg,RADIATOR,,radiator,6,train,Apache-2.0
gpiosenka/car-parts-40-classes,v3,car parts 50/train/RADIATOR/092.jpg,ia-service/datasets/raw/kaggle-car-parts/train/RADIATOR/092.jpg,RADIATOR,,radiator,6,train,Apache-2.0
gpiosenka/car-parts-40-classes,v3,car parts 50/train/RADIATOR/093.jpg,ia-service/datasets/raw/kaggle-car-parts/train/RADIATOR/093.jpg,RADIATOR,,radiator,6,train,Apache-2.0
gpiosenka/car-parts-40-classes,v3,car parts 50/train/RADIATOR/094.jpg,ia-service/datasets/raw/kaggle-car-parts/train/RADIATOR/094.jpg,RADIATOR,,radiator,6,train,Apache-2.0
gpiosenka/car-parts-40-classes,v3,car parts 50/train/RADIATOR/095.jpg,ia-service/datasets/raw/kaggle-car-parts/train/RADIATOR/095.jpg,RADIATOR,,radiator,6,train,Apache-2.0
gpiosenka/car-parts-40-classes,v3,car parts 50/train/RADIATOR/096.jpg,ia-service/datasets/raw/kaggle-car-parts/train/RADIATOR/096.jpg,RADIATOR,,radiator,6,train,Apache-2.0
gpiosenka/car-parts-40-classes,v3,car parts 50/train/RADIATOR/097.jpg,ia-service/datasets/raw/kaggle-car-parts/train/RADIATOR/097.jpg,RADIATOR,,radiator,6,train,Apache-2.0
gpiosenka/car-parts-40-classes,v3,car parts 50/train/RADIATOR/098.jpg,ia-service/datasets/raw/kaggle-car-parts/train/RADIATOR/098.jpg,RADIATOR,,radiator,6,train,Apache-2.0
gpiosenka/car-parts-40-classes,v3,car parts 50/train/RADIATOR/099.jpg,ia-service/datasets/raw/kaggle-car-parts/train/RADIATOR/099.jpg,RADIATOR,,radiator,6,train,Apache-2.0
gpiosenka/car-parts-40-classes,v3,car parts 50/train/RADIATOR/100.jpg,ia-service/datasets/raw/kaggle-car-parts/train/RADIATOR/100.jpg,RADIATOR,,radiator,6,train,Apache-2.0
gpiosenka/car-parts-40-classes,v3,car parts 50/train/RADIATOR/101.jpg,ia-service/datasets/raw/kaggle-car-parts/train/RADIATOR/101.jpg,RADIATOR,,radiator,6,train,Apache-2.0
gpiosenka/car-parts-40-classes,v3,car parts 50/train/RADIATOR/102.jpg,ia-service/datasets/raw/kaggle-car-parts/train/RADIATOR/102.jpg,RADIATOR,,radiator,6,train,Apache-2.0
gpiosenka/car-parts-40-classes,v3,car parts 50/train/RADIATOR/103.jpg,ia-service/datasets/raw/kaggle-car-parts/train/RADIATOR/103.jpg,RADIATOR,,radiator,6,train,Apache-2.0
gpiosenka/car-parts-40-classes,v3,car parts 50/train/RADIATOR/104.jpg,ia-service/datasets/raw/kaggle-car-parts/train/RADIATOR/104.jpg,RADIATOR,,radiator,6,train,Apache-2.0
gpiosenka/car-parts-40-classes,v3,car parts 50/train/RADIATOR/105.jpg,ia-service/datasets/raw/kaggle-car-parts/train/RADIATOR/105.jpg,RADIATOR,,radiator,6,train,Apache-2.0
gpiosenka/car-parts-40-classes,v3,car parts 50/train/RADIATOR/106.jpg,ia-service/datasets/raw/kaggle-car-parts/train/RADIATOR/106.jpg,RADIATOR,,radiator,6,train,Apache-2.0
gpiosenka/car-parts-40-classes,v3,car parts 50/train/RADIATOR/107.jpg,ia-service/datasets/raw/kaggle-car-parts/train/RADIATOR/107.jpg,RADIATOR,,radiator,6,train,Apache-2.0
gpiosenka/car-parts-40-classes,v3,car parts 50/train/RADIATOR/108.jpg,ia-service/datasets/raw/kaggle-car-parts/train/RADIATOR/108.jpg,RADIATOR,,radiator,6,train,Apache-2.0
gpiosenka/car-parts-40-classes,v3,car parts 50/train/RADIATOR/109.jpg,ia-service/datasets/raw/kaggle-car-parts/train/RADIATOR/109.jpg,RADIATOR,,radiator,6,train,Apache-2.0
gpiosenka/car-parts-40-classes,v3,car parts 50/train/RADIATOR/110.jpg,ia-service/datasets/raw/kaggle-car-parts/train/RADIATOR/110.jpg,RADIATOR,,radiator,6,train,Apache-2.0
gpiosenka/car-parts-40-classes,v3,car parts 50/train/RADIATOR/111.jpg,ia-service/datasets/raw/kaggle-car-parts/train/RADIATOR/111.jpg,RADIATOR,,radiator,6,train,Apache-2.0
gpiosenka/car-parts-40-classes,v3,car parts 50/train/RADIATOR/112.jpg,ia-service/datasets/raw/kaggle-car-parts/train/RADIATOR/112.jpg,RADIATOR,,radiator,6,train,Apache-2.0
gpiosenka/car-parts-40-classes,v3,car parts 50/train/RADIATOR/113.jpg,ia-service/datasets/raw/kaggle-car-parts/train/RADIATOR/113.jpg,RADIATOR,,radiator,6,train,Apache-2.0
gpiosenka/car-parts-40-classes,v3,car parts 50/train/RADIATOR/114.jpg,ia-service/datasets/raw/kaggle-car-parts/train/RADIATOR/114.jpg,RADIATOR,,radiator,6,train,Apache-2.0
gpiosenka/car-parts-40-classes,v3,car parts 50/train/RADIATOR/115.jpg,ia-service/datasets/raw/kaggle-car-parts/train/RADIATOR/115.jpg,RADIATOR,,radiator,6,train,Apache-2.0
gpiosenka/car-parts-40-classes,v3,car parts 50/train/RADIATOR/116.jpg,ia-service/datasets/raw/kaggle-car-parts/train/RADIATOR/116.jpg,RADIATOR,,radiator,6,train,Apache-2.0
gpiosenka/car-parts-40-classes,v3,car parts 50/train/RADIATOR/117.jpg,ia-service/datasets/raw/kaggle-car-parts/train/RADIATOR/117.jpg,RADIATOR,,radiator,6,train,Apache-2.0
gpiosenka/car-parts-40-classes,v3,car parts 50/train/RADIATOR/118.jpg,ia-service/datasets/raw/kaggle-car-parts/train/RADIATOR/118.jpg,RADIATOR,,radiator,6,train,Apache-2.0
gpiosenka/car-parts-40-classes,v3,car parts 50/train/RADIATOR/119.jpg,ia-service/datasets/raw/kaggle-car-parts/train/RADIATOR/119.jpg,RADIATOR,,radiator,6,train,Apache-2.0
gpiosenka/car-parts-40-classes,v3,car parts 50/train/RADIATOR/120.jpg,ia-service/datasets/raw/kaggle-car-parts/train/RADIATOR/120.jpg,RADIATOR,,radiator,6,train,Apache-2.0
gpiosenka/car-parts-40-classes,v3,car parts 50/train/RADIATOR/121.jpg,ia-service/datasets/raw/kaggle-car-parts/train/RADIATOR/121.jpg,RADIATOR,,radiator,6,train,Apache-2.0
gpiosenka/car-parts-40-classes,v3,car parts 50/train/RADIATOR/122.jpg,ia-service/datasets/raw/kaggle-car-parts/train/RADIATOR/122.jpg,RADIATOR,,radiator,6,train,Apache-2.0
gpiosenka/car-parts-40-classes,v3,car parts 50/train/RADIATOR/123.jpg,ia-service/datasets/raw/kaggle-car-parts/train/RADIATOR/123.jpg,RADIATOR,,radiator,6,train,Apache-2.0
gpiosenka/car-parts-40-classes,v3,car parts 50/train/RADIATOR/124.jpg,ia-service/datasets/raw/kaggle-car-parts/train/RADIATOR/124.jpg,RADIATOR,,radiator,6,train,Apache-2.0
gpiosenka/car-parts-40-classes,v3,car parts 50/train/RADIATOR/125.jpg,ia-service/datasets/raw/kaggle-car-parts/train/RADIATOR/125.jpg,RADIATOR,,radiator,6,train,Apache-2.0
gpiosenka/car-parts-40-classes,v3,car parts 50/train/RADIATOR/126.jpg,ia-service/datasets/raw/kaggle-car-parts/train/RADIATOR/126.jpg,RADIATOR,,radiator,6,train,Apache-2.0
gpiosenka/car-parts-40-classes,v3,car parts 50/train/RADIATOR/127.jpg,ia-service/datasets/raw/kaggle-car-parts/train/RADIATOR/127.jpg,RADIATOR,,radiator,6,train,Apache-2.0
gpiosenka/car-parts-40-classes,v3,car parts 50/train/RADIATOR/128.jpg,ia-service/datasets/raw/kaggle-car-parts/train/RADIATOR/128.jpg,RADIATOR,,radiator,6,train,Apache-2.0
gpiosenka/car-parts-40-classes,v3,car parts 50/train/RADIATOR/129.jpg,ia-service/datasets/raw/kaggle-car-parts/train/RADIATOR/129.jpg,RADIATOR,,radiator,6,train,Apache-2.0
gpiosenka/car-parts-40-classes,v3,car parts 50/train/RADIATOR/130.jpg,ia-service/datasets/raw/kaggle-car-parts/train/RADIATOR/130.jpg,RADIATOR,,radiator,6,train,Apache-2.0
gpiosenka/car-parts-40-classes,v3,car parts 50/train/RADIATOR/131.jpg,ia-service/datasets/raw/kaggle-car-parts/train/RADIATOR/131.jpg,RADIATOR,,radiator,6,train,Apache-2.0
gpiosenka/car-parts-40-classes,v3,car parts 50/train/RADIATOR/132.jpg,ia-service/datasets/raw/kaggle-car-parts/train/RADIATOR/132.jpg,RADIATOR,,radiator,6,train,Apache-2.0
gpiosenka/car-parts-40-classes,v3,car parts 50/train/RADIATOR/133.jpg,ia-service/datasets/raw/kaggle-car-parts/train/RADIATOR/133.jpg,RADIATOR,,radiator,6,train,Apache-2.0
gpiosenka/car-parts-40-classes,v3,car parts 50/train/RADIATOR/134.jpg,ia-service/datasets/raw/kaggle-car-parts/train/RADIATOR/134.jpg,RADIATOR,,radiator,6,train,Apache-2.0
gpiosenka/car-parts-40-classes,v3,car parts 50/train/RADIATOR/135.jpg,ia-service/datasets/raw/kaggle-car-parts/train/RADIATOR/135.jpg,RADIATOR,,radiator,6,train,Apache-2.0
gpiosenka/car-parts-40-classes,v3,car parts 50/train/RADIATOR/136.jpg,ia-service/datasets/raw/kaggle-car-parts/train/RADIATOR/136.jpg,RADIATOR,,radiator,6,train,Apache-2.0
gpiosenka/car-parts-40-classes,v3,car parts 50/train/RADIATOR/137.jpg,ia-service/datasets/raw/kaggle-car-parts/train/RADIATOR/137.jpg,RADIATOR,,radiator,6,train,Apache-2.0
gpiosenka/car-parts-40-classes,v3,car parts 50/train/RADIATOR/138.jpg,ia-service/datasets/raw/kaggle-car-parts/train/RADIATOR/138.jpg,RADIATOR,,radiator,6,train,Apache-2.0
gpiosenka/car-parts-40-classes,v3,car parts 50/train/RADIATOR/139.jpg,ia-service/datasets/raw/kaggle-car-parts/train/RADIATOR/139.jpg,RADIATOR,,radiator,6,train,Apache-2.0
gpiosenka/car-parts-40-classes,v3,car parts 50/train/RADIATOR/140.jpg,ia-service/datasets/raw/kaggle-car-parts/train/RADIATOR/140.jpg,RADIATOR,,radiator,6,train,Apache-2.0
gpiosenka/car-parts-40-classes,v3,car parts 50/train/RADIATOR/141.jpg,ia-service/datasets/raw/kaggle-car-parts/train/RADIATOR/141.jpg,RADIATOR,,radiator,6,train,Apache-2.0
gpiosenka/car-parts-40-classes,v3,car parts 50/train/RADIATOR/142.jpg,ia-service/datasets/raw/kaggle-car-parts/train/RADIATOR/142.jpg,RADIATOR,,radiator,6,train,Apache-2.0
gpiosenka/car-parts-40-classes,v3,car parts 50/train/RADIATOR/143.jpg,ia-service/datasets/raw/kaggle-car-parts/train/RADIATOR/143.jpg,RADIATOR,,radiator,6,train,Apache-2.0
gpiosenka/car-parts-40-classes,v3,car parts 50/train/RADIATOR/144.jpg,ia-service/datasets/raw/kaggle-car-parts/train/RADIATOR/144.jpg,RADIATOR,,radiator,6,train,Apache-2.0
gpiosenka/car-parts-40-classes,v3,car parts 50/train/RADIATOR/145.jpg,ia-service/datasets/raw/kaggle-car-parts/train/RADIATOR/145.jpg,RADIATOR,,radiator,6,train,Apache-2.0
gpiosenka/car-parts-40-classes,v3,car parts 50/train/RADIATOR/146.jpg,ia-service/datasets/raw/kaggle-car-parts/train/RADIATOR/146.jpg,RADIATOR,,radiator,6,train,Apache-2.0
gpiosenka/car-parts-40-classes,v3,car parts 50/train/RADIATOR/147.jpg,ia-service/datasets/raw/kaggle-car-parts/train/RADIATOR/147.jpg,RADIATOR,,radiator,6,train,Apache-2.0
gpiosenka/car-parts-40-classes,v3,car parts 50/train/RADIATOR/148.jpg,ia-service/datasets/raw/kaggle-car-parts/train/RADIATOR/148.jpg,RADIATOR,,radiator,6,train,Apache-2.0
gpiosenka/car-parts-40-classes,v3,car parts 50/train/RADIATOR/149.jpg,ia-service/datasets/raw/kaggle-car-parts/train/RADIATOR/149.jpg,RADIATOR,,radiator,6,train,Apache-2.0
gpiosenka/car-parts-40-classes,v3,car parts 50/train/RADIATOR/150.jpg,ia-service/datasets/raw/kaggle-car-parts/train/RADIATOR/150.jpg,RADIATOR,,radiator,6,train,Apache-2.0
gpiosenka/car-parts-40-classes,v3,car parts 50/train/RADIATOR/151.jpg,ia-service/datasets/raw/kaggle-car-parts/train/RADIATOR/151.jpg,RADIATOR,,radiator,6,train,Apache-2.0
gpiosenka/car-parts-40-classes,v3,car parts 50/train/RADIATOR/152.jpg,ia-service/datasets/raw/kaggle-car-parts/train/RADIATOR/152.jpg,RADIATOR,,radiator,6,train,Apache-2.0
gpiosenka/car-parts-40-classes,v3,car parts 50/train/RADIATOR/153.jpg,ia-service/datasets/raw/kaggle-car-parts/train/RADIATOR/153.jpg,RADIATOR,,radiator,6,train,Apache-2.0
gpiosenka/car-parts-40-classes,v3,car parts 50/train/RADIATOR/154.jpg,ia-service/datasets/raw/kaggle-car-parts/train/RADIATOR/154.jpg,RADIATOR,,radiator,6,train,Apache-2.0
gpiosenka/car-parts-40-classes,v3,car parts 50/train/RADIATOR/155.jpg,ia-service/datasets/raw/kaggle-car-parts/train/RADIATOR/155.jpg,RADIATOR,,radiator,6,train,Apache-2.0
gpiosenka/car-parts-40-classes,v3,car parts 50/train/RADIATOR/156.jpg,ia-service/datasets/raw/kaggle-car-parts/train/RADIATOR/156.jpg,RADIATOR,,radiator,6,train,Apache-2.0
gpiosenka/car-parts-40-classes,v3,car parts 50/train/RADIATOR/157.jpg,ia-service/datasets/raw/kaggle-car-parts/train/RADIATOR/157.jpg,RADIATOR,,radiator,6,train,Apache-2.0
gpiosenka/car-parts-40-classes,v3,car parts 50/train/RADIATOR/158.jpg,ia-service/datasets/raw/kaggle-car-parts/train/RADIATOR/158.jpg,RADIATOR,,radiator,6,train,Apache-2.0
gpiosenka/car-parts-40-classes,v3,car parts 50/train/RADIATOR/159.jpg,ia-service/datasets/raw/kaggle-car-parts/train/RADIATOR/159.jpg,RADIATOR,,radiator,6,train,Apache-2.0
gpiosenka/car-parts-40-classes,v3,car parts 50/train/RADIATOR/160.jpg,ia-service/datasets/raw/kaggle-car-parts/train/RADIATOR/160.jpg,RADIATOR,,radiator,6,train,Apache-2.0
gpiosenka/car-parts-40-classes,v3,car parts 50/train/RADIATOR/161.jpg,ia-service/datasets/raw/kaggle-car-parts/train/RADIATOR/161.jpg,RADIATOR,,radiator,6,train,Apache-2.0
gpiosenka/car-parts-40-classes,v3,car parts 50/train/RADIATOR/162.jpg,ia-service/datasets/raw/kaggle-car-parts/train/RADIATOR/162.jpg,RADIATOR,,radiator,6,train,Apache-2.0
gpiosenka/car-parts-40-classes,v3,car parts 50/train/RADIATOR/163.jpg,ia-service/datasets/raw/kaggle-car-parts/train/RADIATOR/163.jpg,RADIATOR,,radiator,6,train,Apache-2.0
gpiosenka/car-parts-40-classes,v3,car parts 50/train/RADIATOR/164.jpg,ia-service/datasets/raw/kaggle-car-parts/train/RADIATOR/164.jpg,RADIATOR,,radiator,6,train,Apache-2.0
gpiosenka/car-parts-40-classes,v3,car parts 50/train/RADIATOR/165.jpg,ia-service/datasets/raw/kaggle-car-parts/train/RADIATOR/165.jpg,RADIATOR,,radiator,6,train,Apache-2.0
gpiosenka/car-parts-40-classes,v3,car parts 50/train/RADIATOR/166.jpg,ia-service/datasets/raw/kaggle-car-parts/train/RADIATOR/166.jpg,RADIATOR,,radiator,6,train,Apache-2.0
gpiosenka/car-parts-40-classes,v3,car parts 50/train/RADIATOR/167.jpg,ia-service/datasets/raw/kaggle-car-parts/train/RADIATOR/167.jpg,RADIATOR,,radiator,6,train,Apache-2.0
gpiosenka/car-parts-40-classes,v3,car parts 50/train/RADIATOR/168.jpg,ia-service/datasets/raw/kaggle-car-parts/train/RADIATOR/168.jpg,RADIATOR,,radiator,6,train,Apache-2.0
gpiosenka/car-parts-40-classes,v3,car parts 50/train/RADIATOR/169.jpg,ia-service/datasets/raw/kaggle-car-parts/train/RADIATOR/169.jpg,RADIATOR,,radiator,6,train,Apache-2.0
gpiosenka/car-parts-40-classes,v3,car parts 50/valid/ALTERNATOR/1.jpg,ia-service/datasets/raw/kaggle-car-parts/valid/ALTERNATOR/1.jpg,ALTERNATOR,,alternator,3,valid,Apache-2.0
gpiosenka/car-parts-40-classes,v3,car parts 50/valid/ALTERNATOR/2.jpg,ia-service/datasets/raw/kaggle-car-parts/valid/ALTERNATOR/2.jpg,ALTERNATOR,,alternator,3,valid,Apache-2.0
gpiosenka/car-parts-40-classes,v3,car parts 50/valid/ALTERNATOR/3.jpg,ia-service/datasets/raw/kaggle-car-parts/valid/ALTERNATOR/3.jpg,ALTERNATOR,,alternator,3,valid,Apache-2.0
gpiosenka/car-parts-40-classes,v3,car parts 50/valid/ALTERNATOR/4.jpg,ia-service/datasets/raw/kaggle-car-parts/valid/ALTERNATOR/4.jpg,ALTERNATOR,,alternator,3,valid,Apache-2.0
gpiosenka/car-parts-40-classes,v3,car parts 50/valid/ALTERNATOR/5.jpg,ia-service/datasets/raw/kaggle-car-parts/valid/ALTERNATOR/5.jpg,ALTERNATOR,,alternator,3,valid,Apache-2.0
gpiosenka/car-parts-40-classes,v3,car parts 50/valid/BRAKE CALIPER/1.jpg,ia-service/datasets/raw/kaggle-car-parts/valid/BRAKE CALIPER/1.jpg,BRAKE CALIPER,,brake_caliper,2,valid,Apache-2.0
gpiosenka/car-parts-40-classes,v3,car parts 50/valid/BRAKE CALIPER/2.jpg,ia-service/datasets/raw/kaggle-car-parts/valid/BRAKE CALIPER/2.jpg,BRAKE CALIPER,,brake_caliper,2,valid,Apache-2.0
gpiosenka/car-parts-40-classes,v3,car parts 50/valid/BRAKE CALIPER/3.jpg,ia-service/datasets/raw/kaggle-car-parts/valid/BRAKE CALIPER/3.jpg,BRAKE CALIPER,,brake_caliper,2,valid,Apache-2.0
gpiosenka/car-parts-40-classes,v3,car parts 50/valid/BRAKE CALIPER/4.jpg,ia-service/datasets/raw/kaggle-car-parts/valid/BRAKE CALIPER/4.jpg,BRAKE CALIPER,,brake_caliper,2,valid,Apache-2.0
gpiosenka/car-parts-40-classes,v3,car parts 50/valid/BRAKE CALIPER/5.jpg,ia-service/datasets/raw/kaggle-car-parts/valid/BRAKE CALIPER/5.jpg,BRAKE CALIPER,,brake_caliper,2,valid,Apache-2.0
gpiosenka/car-parts-40-classes,v3,car parts 50/valid/BRAKE PAD/1.jpg,ia-service/datasets/raw/kaggle-car-parts/valid/BRAKE PAD/1.jpg,BRAKE PAD,,brake_pad,0,valid,Apache-2.0
gpiosenka/car-parts-40-classes,v3,car parts 50/valid/BRAKE PAD/2.jpg,ia-service/datasets/raw/kaggle-car-parts/valid/BRAKE PAD/2.jpg,BRAKE PAD,,brake_pad,0,valid,Apache-2.0
gpiosenka/car-parts-40-classes,v3,car parts 50/valid/BRAKE PAD/3.jpg,ia-service/datasets/raw/kaggle-car-parts/valid/BRAKE PAD/3.jpg,BRAKE PAD,,brake_pad,0,valid,Apache-2.0
gpiosenka/car-parts-40-classes,v3,car parts 50/valid/BRAKE PAD/4.jpg,ia-service/datasets/raw/kaggle-car-parts/valid/BRAKE PAD/4.jpg,BRAKE PAD,,brake_pad,0,valid,Apache-2.0
gpiosenka/car-parts-40-classes,v3,car parts 50/valid/BRAKE PAD/5.jpg,ia-service/datasets/raw/kaggle-car-parts/valid/BRAKE PAD/5.jpg,BRAKE PAD,,brake_pad,0,valid,Apache-2.0
gpiosenka/car-parts-40-classes,v3,car parts 50/valid/BRAKE ROTOR/1.jpg,ia-service/datasets/raw/kaggle-car-parts/valid/BRAKE ROTOR/1.jpg,BRAKE ROTOR,,brake_rotor,1,valid,Apache-2.0
gpiosenka/car-parts-40-classes,v3,car parts 50/valid/BRAKE ROTOR/2.jpg,ia-service/datasets/raw/kaggle-car-parts/valid/BRAKE ROTOR/2.jpg,BRAKE ROTOR,,brake_rotor,1,valid,Apache-2.0
gpiosenka/car-parts-40-classes,v3,car parts 50/valid/BRAKE ROTOR/3.jpg,ia-service/datasets/raw/kaggle-car-parts/valid/BRAKE ROTOR/3.jpg,BRAKE ROTOR,,brake_rotor,1,valid,Apache-2.0
gpiosenka/car-parts-40-classes,v3,car parts 50/valid/BRAKE ROTOR/4.jpg,ia-service/datasets/raw/kaggle-car-parts/valid/BRAKE ROTOR/4.jpg,BRAKE ROTOR,,brake_rotor,1,valid,Apache-2.0
gpiosenka/car-parts-40-classes,v3,car parts 50/valid/BRAKE ROTOR/5.jpg,ia-service/datasets/raw/kaggle-car-parts/valid/BRAKE ROTOR/5.jpg,BRAKE ROTOR,,brake_rotor,1,valid,Apache-2.0
gpiosenka/car-parts-40-classes,v3,car parts 50/valid/HEADLIGHTS/1.jpg,ia-service/datasets/raw/kaggle-car-parts/valid/HEADLIGHTS/1.jpg,HEADLIGHTS,,headlight,7,valid,Apache-2.0
gpiosenka/car-parts-40-classes,v3,car parts 50/valid/HEADLIGHTS/2.jpg,ia-service/datasets/raw/kaggle-car-parts/valid/HEADLIGHTS/2.jpg,HEADLIGHTS,,headlight,7,valid,Apache-2.0
gpiosenka/car-parts-40-classes,v3,car parts 50/valid/HEADLIGHTS/3.jpg,ia-service/datasets/raw/kaggle-car-parts/valid/HEADLIGHTS/3.jpg,HEADLIGHTS,,headlight,7,valid,Apache-2.0
gpiosenka/car-parts-40-classes,v3,car parts 50/valid/HEADLIGHTS/4.jpg,ia-service/datasets/raw/kaggle-car-parts/valid/HEADLIGHTS/4.jpg,HEADLIGHTS,,headlight,7,valid,Apache-2.0
gpiosenka/car-parts-40-classes,v3,car parts 50/valid/HEADLIGHTS/5.jpg,ia-service/datasets/raw/kaggle-car-parts/valid/HEADLIGHTS/5.jpg,HEADLIGHTS,,headlight,7,valid,Apache-2.0
gpiosenka/car-parts-40-classes,v3,car parts 50/valid/OIL FILTER/1.jpg,ia-service/datasets/raw/kaggle-car-parts/valid/OIL FILTER/1.jpg,OIL FILTER,,oil_filter,4,valid,Apache-2.0
gpiosenka/car-parts-40-classes,v3,car parts 50/valid/OIL FILTER/2.jpg,ia-service/datasets/raw/kaggle-car-parts/valid/OIL FILTER/2.jpg,OIL FILTER,,oil_filter,4,valid,Apache-2.0
gpiosenka/car-parts-40-classes,v3,car parts 50/valid/OIL FILTER/3.jpg,ia-service/datasets/raw/kaggle-car-parts/valid/OIL FILTER/3.jpg,OIL FILTER,,oil_filter,4,valid,Apache-2.0
gpiosenka/car-parts-40-classes,v3,car parts 50/valid/OIL FILTER/4.jpg,ia-service/datasets/raw/kaggle-car-parts/valid/OIL FILTER/4.jpg,OIL FILTER,,oil_filter,4,valid,Apache-2.0
gpiosenka/car-parts-40-classes,v3,car parts 50/valid/OIL FILTER/5.jpg,ia-service/datasets/raw/kaggle-car-parts/valid/OIL FILTER/5.jpg,OIL FILTER,,oil_filter,4,valid,Apache-2.0
gpiosenka/car-parts-40-classes,v3,car parts 50/valid/RADIATOR/1.jpg,ia-service/datasets/raw/kaggle-car-parts/valid/RADIATOR/1.jpg,RADIATOR,,radiator,6,valid,Apache-2.0
gpiosenka/car-parts-40-classes,v3,car parts 50/valid/RADIATOR/2.jpg,ia-service/datasets/raw/kaggle-car-parts/valid/RADIATOR/2.jpg,RADIATOR,,radiator,6,valid,Apache-2.0
gpiosenka/car-parts-40-classes,v3,car parts 50/valid/RADIATOR/3.jpg,ia-service/datasets/raw/kaggle-car-parts/valid/RADIATOR/3.jpg,RADIATOR,,radiator,6,valid,Apache-2.0
gpiosenka/car-parts-40-classes,v3,car parts 50/valid/RADIATOR/4.jpg,ia-service/datasets/raw/kaggle-car-parts/valid/RADIATOR/4.jpg,RADIATOR,,radiator,6,valid,Apache-2.0
gpiosenka/car-parts-40-classes,v3,car parts 50/valid/RADIATOR/5.jpg,ia-service/datasets/raw/kaggle-car-parts/valid/RADIATOR/5.jpg,RADIATOR,,radiator,6,valid,Apache-2.0
khaledchawa/car-engine-bay-pictures,v2,images/images/100.jpg,ia-service/datasets/raw/car-engine-bay/images/100.jpg,Air Filter,14,air_filter,5,unspecified,MIT
khaledchawa/car-engine-bay-pictures,v2,images/images/1000.jpg,ia-service/datasets/raw/car-engine-bay/images/1000.jpg,Air Filter,14,air_filter,5,unspecified,MIT
khaledchawa/car-engine-bay-pictures,v2,images/images/1002.jpg,ia-service/datasets/raw/car-engine-bay/images/1002.jpg,Air Filter,14,air_filter,5,unspecified,MIT
khaledchawa/car-engine-bay-pictures,v2,images/images/1005.jpg,ia-service/datasets/raw/car-engine-bay/images/1005.jpg,Air Filter,14,air_filter,5,unspecified,MIT
khaledchawa/car-engine-bay-pictures,v2,images/images/1006.jpg,ia-service/datasets/raw/car-engine-bay/images/1006.jpg,Air Filter,14,air_filter,5,unspecified,MIT
khaledchawa/car-engine-bay-pictures,v2,images/images/1008.jpg,ia-service/datasets/raw/car-engine-bay/images/1008.jpg,Air Filter,14,air_filter,5,unspecified,MIT
khaledchawa/car-engine-bay-pictures,v2,images/images/1010.jpg,ia-service/datasets/raw/car-engine-bay/images/1010.jpg,Air Filter,14,air_filter,5,unspecified,MIT
khaledchawa/car-engine-bay-pictures,v2,images/images/1011.jpg,ia-service/datasets/raw/car-engine-bay/images/1011.jpg,Air Filter,14,air_filter,5,unspecified,MIT
khaledchawa/car-engine-bay-pictures,v2,images/images/1016.jpg,ia-service/datasets/raw/car-engine-bay/images/1016.jpg,Air Filter,14,air_filter,5,unspecified,MIT
khaledchawa/car-engine-bay-pictures,v2,images/images/1024.jpg,ia-service/datasets/raw/car-engine-bay/images/1024.jpg,Air Filter,14,air_filter,5,unspecified,MIT
khaledchawa/car-engine-bay-pictures,v2,images/images/1026.jpg,ia-service/datasets/raw/car-engine-bay/images/1026.jpg,Air Filter,14,air_filter,5,unspecified,MIT
khaledchawa/car-engine-bay-pictures,v2,images/images/1028.jpg,ia-service/datasets/raw/car-engine-bay/images/1028.jpg,Air Filter,14,air_filter,5,unspecified,MIT
khaledchawa/car-engine-bay-pictures,v2,images/images/1034.jpg,ia-service/datasets/raw/car-engine-bay/images/1034.jpg,Air Filter,14,air_filter,5,unspecified,MIT
khaledchawa/car-engine-bay-pictures,v2,images/images/1041.jpg,ia-service/datasets/raw/car-engine-bay/images/1041.jpg,Air Filter,14,air_filter,5,unspecified,MIT
khaledchawa/car-engine-bay-pictures,v2,images/images/1046.jpg,ia-service/datasets/raw/car-engine-bay/images/1046.jpg,Air Filter,14,air_filter,5,unspecified,MIT
khaledchawa/car-engine-bay-pictures,v2,images/images/1048.jpg,ia-service/datasets/raw/car-engine-bay/images/1048.jpg,Air Filter,14,air_filter,5,unspecified,MIT
khaledchawa/car-engine-bay-pictures,v2,images/images/1054.jpg,ia-service/datasets/raw/car-engine-bay/images/1054.jpg,Air Filter,14,air_filter,5,unspecified,MIT
khaledchawa/car-engine-bay-pictures,v2,images/images/1058.jpg,ia-service/datasets/raw/car-engine-bay/images/1058.jpg,Air Filter,14,air_filter,5,unspecified,MIT
khaledchawa/car-engine-bay-pictures,v2,images/images/1063.jpg,ia-service/datasets/raw/car-engine-bay/images/1063.jpg,Air Filter,14,air_filter,5,unspecified,MIT
khaledchawa/car-engine-bay-pictures,v2,images/images/1074.jpg,ia-service/datasets/raw/car-engine-bay/images/1074.jpg,Air Filter,14,air_filter,5,unspecified,MIT
khaledchawa/car-engine-bay-pictures,v2,images/images/1081.jpg,ia-service/datasets/raw/car-engine-bay/images/1081.jpg,Air Filter,14,air_filter,5,unspecified,MIT
khaledchawa/car-engine-bay-pictures,v2,images/images/1175.jpg,ia-service/datasets/raw/car-engine-bay/images/1175.jpg,Air Filter,14,air_filter,5,unspecified,MIT
khaledchawa/car-engine-bay-pictures,v2,images/images/1179.jpg,ia-service/datasets/raw/car-engine-bay/images/1179.jpg,Air Filter,14,air_filter,5,unspecified,MIT
khaledchawa/car-engine-bay-pictures,v2,images/images/1426.jpg,ia-service/datasets/raw/car-engine-bay/images/1426.jpg,Air Filter,14,air_filter,5,unspecified,MIT
khaledchawa/car-engine-bay-pictures,v2,images/images/1428.jpg,ia-service/datasets/raw/car-engine-bay/images/1428.jpg,Air Filter,14,air_filter,5,unspecified,MIT
khaledchawa/car-engine-bay-pictures,v2,images/images/1430.jpg,ia-service/datasets/raw/car-engine-bay/images/1430.jpg,Air Filter,14,air_filter,5,unspecified,MIT
khaledchawa/car-engine-bay-pictures,v2,images/images/1468.jpg,ia-service/datasets/raw/car-engine-bay/images/1468.jpg,Air Filter,14,air_filter,5,unspecified,MIT
khaledchawa/car-engine-bay-pictures,v2,images/images/147.jpg,ia-service/datasets/raw/car-engine-bay/images/147.jpg,Air Filter,14,air_filter,5,unspecified,MIT
khaledchawa/car-engine-bay-pictures,v2,images/images/1478.jpg,ia-service/datasets/raw/car-engine-bay/images/1478.jpg,Air Filter,14,air_filter,5,unspecified,MIT
khaledchawa/car-engine-bay-pictures,v2,images/images/1491.jpg,ia-service/datasets/raw/car-engine-bay/images/1491.jpg,Air Filter,14,air_filter,5,unspecified,MIT
khaledchawa/car-engine-bay-pictures,v2,images/images/155.jpg,ia-service/datasets/raw/car-engine-bay/images/155.jpg,Air Filter,14,air_filter,5,unspecified,MIT
khaledchawa/car-engine-bay-pictures,v2,images/images/168.jpg,ia-service/datasets/raw/car-engine-bay/images/168.jpg,Air Filter,14,air_filter,5,unspecified,MIT
khaledchawa/car-engine-bay-pictures,v2,images/images/171.jpg,ia-service/datasets/raw/car-engine-bay/images/171.jpg,Air Filter,14,air_filter,5,unspecified,MIT
khaledchawa/car-engine-bay-pictures,v2,images/images/172.jpg,ia-service/datasets/raw/car-engine-bay/images/172.jpg,Air Filter,14,air_filter,5,unspecified,MIT
khaledchawa/car-engine-bay-pictures,v2,images/images/180.jpg,ia-service/datasets/raw/car-engine-bay/images/180.jpg,Air Filter,14,air_filter,5,unspecified,MIT
khaledchawa/car-engine-bay-pictures,v2,images/images/222.jpg,ia-service/datasets/raw/car-engine-bay/images/222.jpg,Air Filter,14,air_filter,5,unspecified,MIT
khaledchawa/car-engine-bay-pictures,v2,images/images/223.jpg,ia-service/datasets/raw/car-engine-bay/images/223.jpg,Air Filter,14,air_filter,5,unspecified,MIT
khaledchawa/car-engine-bay-pictures,v2,images/images/227.jpg,ia-service/datasets/raw/car-engine-bay/images/227.jpg,Air Filter,14,air_filter,5,unspecified,MIT
khaledchawa/car-engine-bay-pictures,v2,images/images/246.jpg,ia-service/datasets/raw/car-engine-bay/images/246.jpg,Air Filter,14,air_filter,5,unspecified,MIT
khaledchawa/car-engine-bay-pictures,v2,images/images/635.jpg,ia-service/datasets/raw/car-engine-bay/images/635.jpg,Air Filter,14,air_filter,5,unspecified,MIT
khaledchawa/car-engine-bay-pictures,v2,images/images/928.jpg,ia-service/datasets/raw/car-engine-bay/images/928.jpg,Air Filter,14,air_filter,5,unspecified,MIT
khaledchawa/car-engine-bay-pictures,v2,images/images/938.jpg,ia-service/datasets/raw/car-engine-bay/images/938.jpg,Air Filter,14,air_filter,5,unspecified,MIT
khaledchawa/car-engine-bay-pictures,v2,images/images/941.jpg,ia-service/datasets/raw/car-engine-bay/images/941.jpg,Air Filter,14,air_filter,5,unspecified,MIT
khaledchawa/car-engine-bay-pictures,v2,images/images/947.jpg,ia-service/datasets/raw/car-engine-bay/images/947.jpg,Air Filter,14,air_filter,5,unspecified,MIT
khaledchawa/car-engine-bay-pictures,v2,images/images/950.jpg,ia-service/datasets/raw/car-engine-bay/images/950.jpg,Air Filter,14,air_filter,5,unspecified,MIT
khaledchawa/car-engine-bay-pictures,v2,images/images/966.jpg,ia-service/datasets/raw/car-engine-bay/images/966.jpg,Air Filter,14,air_filter,5,unspecified,MIT
khaledchawa/car-engine-bay-pictures,v2,images/images/967.jpg,ia-service/datasets/raw/car-engine-bay/images/967.jpg,Air Filter,14,air_filter,5,unspecified,MIT
khaledchawa/car-engine-bay-pictures,v2,images/images/983.jpg,ia-service/datasets/raw/car-engine-bay/images/983.jpg,Air Filter,14,air_filter,5,unspecified,MIT
khaledchawa/car-engine-bay-pictures,v2,images/images/986.jpg,ia-service/datasets/raw/car-engine-bay/images/986.jpg,Air Filter,14,air_filter,5,unspecified,MIT
